-- MySQL dump 10.13  Distrib 8.0.18, for Win64 (x86_64)
--
-- Host: localhost    Database: site
-- ------------------------------------------------------
-- Server version	8.0.18

/*!40101 SET @OLD_CHARACTER_SET_CLIENT=@@CHARACTER_SET_CLIENT */;
/*!40101 SET @OLD_CHARACTER_SET_RESULTS=@@CHARACTER_SET_RESULTS */;
/*!40101 SET @OLD_COLLATION_CONNECTION=@@COLLATION_CONNECTION */;
/*!50503 SET NAMES utf8mb4 */;
/*!40103 SET @OLD_TIME_ZONE=@@TIME_ZONE */;
/*!40103 SET TIME_ZONE='+00:00' */;
/*!40014 SET @OLD_UNIQUE_CHECKS=@@UNIQUE_CHECKS, UNIQUE_CHECKS=0 */;
/*!40014 SET @OLD_FOREIGN_KEY_CHECKS=@@FOREIGN_KEY_CHECKS, FOREIGN_KEY_CHECKS=0 */;
/*!40101 SET @OLD_SQL_MODE=@@SQL_MODE, SQL_MODE='NO_AUTO_VALUE_ON_ZERO' */;
/*!40111 SET @OLD_SQL_NOTES=@@SQL_NOTES, SQL_NOTES=0 */;

--
-- Table structure for table `knex_migrations`
--

DROP TABLE IF EXISTS `knex_migrations`;
/*!40101 SET @saved_cs_client     = @@character_set_client */;
/*!50503 SET character_set_client = utf8mb4 */;
CREATE TABLE `knex_migrations` (
  `id` int(10) unsigned NOT NULL AUTO_INCREMENT,
  `name` varchar(255) DEFAULT NULL,
  `batch` int(11) DEFAULT NULL,
  `migration_time` timestamp NULL DEFAULT NULL,
  PRIMARY KEY (`id`)
) ENGINE=InnoDB AUTO_INCREMENT=10 DEFAULT CHARSET=utf8mb4 COLLATE=utf8mb4_0900_ai_ci;
/*!40101 SET character_set_client = @saved_cs_client */;

--
-- Dumping data for table `knex_migrations`
--

LOCK TABLES `knex_migrations` WRITE;
/*!40000 ALTER TABLE `knex_migrations` DISABLE KEYS */;
INSERT INTO `knex_migrations` VALUES (1,'20200520190251_sbr_users.js',1,'2020-06-01 10:47:30'),(2,'20200520191616_sbr_groups.js',1,'2020-06-01 10:47:30'),(3,'20200520191750_sbr_groups_sub.js',1,'2020-06-01 10:47:30'),(4,'20200520192352_sbr_qnr.js',1,'2020-06-01 10:47:30'),(5,'20200520192416_sbr_groups_sub_qn_models.js',1,'2020-06-01 10:47:30'),(6,'20200520192441_sbr_groups_sub_qn.js',1,'2020-06-01 10:47:30'),(7,'20200520193123_sbr_groups_sub_qn_qnr.js',1,'2020-06-01 10:47:30'),(8,'20200522231200_sbr_groups_sub_qn_answers.js',1,'2020-06-01 10:47:30'),(9,'20200527191308_sbr_groups_sub_qn_models_aux.js',1,'2020-06-01 10:47:30');
/*!40000 ALTER TABLE `knex_migrations` ENABLE KEYS */;
UNLOCK TABLES;

--
-- Table structure for table `knex_migrations_lock`
--

DROP TABLE IF EXISTS `knex_migrations_lock`;
/*!40101 SET @saved_cs_client     = @@character_set_client */;
/*!50503 SET character_set_client = utf8mb4 */;
CREATE TABLE `knex_migrations_lock` (
  `index` int(10) unsigned NOT NULL AUTO_INCREMENT,
  `is_locked` int(11) DEFAULT NULL,
  PRIMARY KEY (`index`)
) ENGINE=InnoDB AUTO_INCREMENT=2 DEFAULT CHARSET=utf8mb4 COLLATE=utf8mb4_0900_ai_ci;
/*!40101 SET character_set_client = @saved_cs_client */;

--
-- Dumping data for table `knex_migrations_lock`
--

LOCK TABLES `knex_migrations_lock` WRITE;
/*!40000 ALTER TABLE `knex_migrations_lock` DISABLE KEYS */;
INSERT INTO `knex_migrations_lock` VALUES (1,0);
/*!40000 ALTER TABLE `knex_migrations_lock` ENABLE KEYS */;
UNLOCK TABLES;

--
-- Table structure for table `sbr_groups`
--

DROP TABLE IF EXISTS `sbr_groups`;
/*!40101 SET @saved_cs_client     = @@character_set_client */;
/*!50503 SET character_set_client = utf8mb4 */;
CREATE TABLE `sbr_groups` (
  `id` int(10) unsigned NOT NULL AUTO_INCREMENT,
  `name` varchar(255) NOT NULL,
  `created_at` timestamp NOT NULL DEFAULT CURRENT_TIMESTAMP,
  `updated_at` timestamp NOT NULL DEFAULT CURRENT_TIMESTAMP,
  `deleted_at` timestamp NULL DEFAULT NULL,
  PRIMARY KEY (`id`),
  UNIQUE KEY `sbr_groups_name_unique` (`name`)
) ENGINE=InnoDB AUTO_INCREMENT=16 DEFAULT CHARSET=utf8mb4 COLLATE=utf8mb4_0900_ai_ci;
/*!40101 SET character_set_client = @saved_cs_client */;

--
-- Dumping data for table `sbr_groups`
--

LOCK TABLES `sbr_groups` WRITE;
/*!40000 ALTER TABLE `sbr_groups` DISABLE KEYS */;
INSERT INTO `sbr_groups` VALUES (1,'COMPRAS','2020-06-01 10:47:36','2020-06-01 10:47:36',NULL),(2,'PRODUÇÃO','2020-06-01 10:47:36','2020-06-01 10:47:36',NULL),(3,'PRECIFICAÇÃO','2020-06-01 10:47:36','2020-06-01 10:47:36',NULL),(4,'ESTOCAGEM','2020-06-01 10:47:36','2020-06-01 10:47:36',NULL),(5,'WMS','2020-06-01 10:47:36','2020-06-01 10:47:36',NULL),(6,'VENDAS','2020-06-01 10:47:36','2020-06-01 10:47:36',NULL),(7,'PRESTAÇÃO DE SERVIÇOS','2020-06-01 10:47:36','2020-06-01 10:47:36',NULL),(8,'DISTRIBUIÇÃO','2020-06-01 10:47:36','2020-06-01 10:47:36',NULL),(9,'PAGAMENTOS','2020-06-01 10:47:36','2020-06-01 10:47:36',NULL),(10,'RECEBIMENTOS','2020-06-01 10:47:36','2020-06-01 10:47:36',NULL),(11,'GESTÃO FINANCEIRA','2020-06-01 10:47:36','2020-06-01 10:47:36',NULL),(12,'GESTÃO ESTRATÉGICA','2020-06-01 10:47:36','2020-06-01 10:47:36',NULL),(13,'GESTÃO DE PESSOAS','2020-06-01 10:47:36','2020-06-01 10:47:36',NULL),(14,'FISCAL E CONTÁBIL','2020-06-01 10:47:36','2020-06-01 10:47:36',NULL),(15,'CONTROLE PATRIMONIAL','2020-06-01 10:47:36','2020-06-01 10:47:36',NULL);
/*!40000 ALTER TABLE `sbr_groups` ENABLE KEYS */;
UNLOCK TABLES;

--
-- Table structure for table `sbr_groups_sub`
--

DROP TABLE IF EXISTS `sbr_groups_sub`;
/*!40101 SET @saved_cs_client     = @@character_set_client */;
/*!50503 SET character_set_client = utf8mb4 */;
CREATE TABLE `sbr_groups_sub` (
  `id` int(10) unsigned NOT NULL AUTO_INCREMENT,
  `id_sbr_groups` int(10) unsigned NOT NULL,
  `name` varchar(255) NOT NULL,
  `created_at` timestamp NOT NULL DEFAULT CURRENT_TIMESTAMP,
  `updated_at` timestamp NOT NULL DEFAULT CURRENT_TIMESTAMP,
  `deleted_at` timestamp NULL DEFAULT NULL,
  PRIMARY KEY (`id`)
) ENGINE=InnoDB AUTO_INCREMENT=65 DEFAULT CHARSET=utf8mb4 COLLATE=utf8mb4_0900_ai_ci;
/*!40101 SET character_set_client = @saved_cs_client */;

--
-- Dumping data for table `sbr_groups_sub`
--

LOCK TABLES `sbr_groups_sub` WRITE;
/*!40000 ALTER TABLE `sbr_groups_sub` DISABLE KEYS */;
INSERT INTO `sbr_groups_sub` VALUES (1,1,'Análise da necessidade de compras','2020-06-01 10:47:36','2020-06-01 10:47:36',NULL),(2,1,'Realização da compra','2020-06-01 10:47:36','2020-06-01 10:47:36',NULL),(3,1,'Recebimento de compras','2020-06-01 10:47:36','2020-06-01 10:47:36',NULL),(4,1,'Análise de desempenho de compras','2020-06-01 10:47:36','2020-06-01 10:47:36',NULL),(5,2,'Planejamento e alinhamento das expectativas de produção','2020-06-01 10:47:36','2020-06-01 10:47:36',NULL),(6,2,'Controle de produção','2020-06-01 10:47:36','2020-06-01 10:47:36',NULL),(7,2,'Realização da produção','2020-06-01 10:47:36','2020-06-01 10:47:36',NULL),(8,2,'Desempenho da produção','2020-06-01 10:47:36','2020-06-01 10:47:36',NULL),(9,3,'Apuração de custos','2020-06-01 10:47:36','2020-06-01 10:47:36',NULL),(10,3,'Formação de preço de venda','2020-06-01 10:47:36','2020-06-01 10:47:36',NULL),(11,4,'Organização de estoques','2020-06-01 10:47:36','2020-06-01 10:47:36',NULL),(12,4,'Controle de avarias','2020-06-01 10:47:36','2020-06-01 10:47:36',NULL),(13,4,'Balanço e inventário','2020-06-01 10:47:36','2020-06-01 10:47:36',NULL),(14,4,'Análise do estoque','2020-06-01 10:47:36','2020-06-01 10:47:36',NULL),(15,5,'Organização do armazém','2020-06-01 10:47:36','2020-06-01 10:47:36',NULL),(16,5,'Recebimento de mercadorias','2020-06-01 10:47:36','2020-06-01 10:47:36',NULL),(17,5,'Separação de mercadorias','2020-06-01 10:47:36','2020-06-01 10:47:36',NULL),(18,5,'Expedição de mercadorias','2020-06-01 10:47:36','2020-06-01 10:47:36',NULL),(19,6,'Planejamento e alinhamento da expectativa de vendas','2020-06-01 10:47:36','2020-06-01 10:47:36',NULL),(20,6,'Pré-venda','2020-06-01 10:47:36','2020-06-01 10:47:36',NULL),(21,6,'Realização da venda','2020-06-01 10:47:36','2020-06-01 10:47:36',NULL),(22,6,'Comissionamento','2020-06-01 10:47:36','2020-06-01 10:47:36',NULL),(23,6,'Análise de desempenho de vendas','2020-06-01 10:47:36','2020-06-01 10:47:36',NULL),(24,6,'Gestão de relacionamento com clientes','2020-06-01 10:47:36','2020-06-01 10:47:36',NULL),(25,7,'Planejamento e Alinhamento dos Serviços','2020-06-01 10:47:36','2020-06-01 10:47:36',NULL),(26,7,'Realização dos Serviços','2020-06-01 10:47:36','2020-06-01 10:47:36',NULL),(28,7,'Análise de Resultados','2020-06-01 10:47:36','2020-06-01 10:47:36',NULL),(29,8,'Formação de carga','2020-06-01 10:47:36','2020-06-01 10:47:36',NULL),(30,8,'Separação e expedição','2020-06-01 10:47:36','2020-06-01 10:47:36',NULL),(31,8,'Acertos da distribuição','2020-06-01 10:47:36','2020-06-01 10:47:36',NULL),(32,8,'Análise do desempenho da distribuição','2020-06-01 10:47:36','2020-06-01 10:47:36',NULL),(33,9,'Planejamento e provisões dos gastos','2020-06-01 10:47:36','2020-06-01 10:47:36',NULL),(34,9,'Controle das contas a pagar','2020-06-01 10:47:36','2020-06-01 10:47:36',NULL),(36,9,'Realização dos pagamentos','2020-06-01 10:47:36','2020-06-01 10:47:36',NULL),(37,9,'Análise dos gastos','2020-06-01 10:47:36','2020-06-01 10:47:36',NULL),(38,10,'Provisão das receitas','2020-06-01 10:47:36','2020-06-01 10:47:36',NULL),(39,10,'Controle das contas a receber','2020-06-01 10:47:36','2020-06-01 10:47:36',NULL),(40,10,'Prevenção da inadimplência','2020-06-01 10:47:36','2020-06-01 10:47:36',NULL),(41,10,'Realização das baixas dos recebimentos','2020-06-01 10:47:36','2020-06-01 10:47:36',NULL),(42,10,'Análise das receitas','2020-06-01 10:47:36','2020-06-01 10:47:36',NULL),(43,11,'Controle das contas Caixa e Bancos','2020-06-01 10:47:36','2020-06-01 10:47:36',NULL),(44,11,'Análise de fluxo de caixa','2020-06-01 10:47:36','2020-06-01 10:47:36',NULL),(45,11,'Controle orçamentário','2020-06-01 10:47:36','2020-06-01 10:47:36',NULL),(46,11,'Análise de desempenho do negócio','2020-06-01 10:47:36','2020-06-01 10:47:36',NULL),(47,12,'Análises para elaboração da estratégia','2020-06-01 10:47:36','2020-06-01 10:47:36',NULL),(48,12,'Elaboração e desdobramento da estratégia','2020-06-01 10:47:36','2020-06-01 10:47:36',NULL),(49,12,'Análise dos resultados estratégicos','2020-06-01 10:47:36','2020-06-01 10:47:36',NULL),(50,13,'Remuneração e benefícios','2020-06-01 10:47:36','2020-06-01 10:47:36',NULL),(51,13,'Recrutamento e seleção','2020-06-01 10:47:36','2020-06-01 10:47:36',NULL),(52,13,'Treinamento e desenvolvimento','2020-06-01 10:47:36','2020-06-01 10:47:36',NULL),(53,13,'Avaliação de desempenho','2020-06-01 10:47:36','2020-06-01 10:47:36',NULL),(54,13,'Desligamentos','2020-06-01 10:47:36','2020-06-01 10:47:36',NULL),(55,13,'Departamento pessoal','2020-06-01 10:47:36','2020-06-01 10:47:36',NULL),(56,13,'Indicadores de pessoal','2020-06-01 10:47:36','2020-06-01 10:47:36',NULL),(57,14,'Procedimentos contábeis','2020-06-01 10:47:36','2020-06-01 10:47:36',NULL),(58,14,'Procedimentos fiscais','2020-06-01 10:47:36','2020-06-01 10:47:36',NULL),(59,14,'Análises fiscais e contábeis','2020-06-01 10:47:36','2020-06-01 10:47:36',NULL),(60,15,'Identificação dos bens patrimoniais','2020-06-01 10:47:36','2020-06-01 10:47:36',NULL),(61,15,'Controle dos bens patrimoniais','2020-06-01 10:47:36','2020-06-01 10:47:36',NULL),(62,15,'Inventário dos bens patrimoniais','2020-06-01 10:47:36','2020-06-01 10:47:36',NULL),(63,15,'Análises patrimoniais','2020-06-01 10:47:36','2020-06-01 10:47:36',NULL),(64,10,'Controle da Inadimplência','2020-06-01 14:05:40','2020-06-01 14:05:40',NULL);
/*!40000 ALTER TABLE `sbr_groups_sub` ENABLE KEYS */;
UNLOCK TABLES;

--
-- Table structure for table `sbr_groups_sub_qn`
--

DROP TABLE IF EXISTS `sbr_groups_sub_qn`;
/*!40101 SET @saved_cs_client     = @@character_set_client */;
/*!50503 SET character_set_client = utf8mb4 */;
CREATE TABLE `sbr_groups_sub_qn` (
  `id` int(10) unsigned NOT NULL AUTO_INCREMENT,
  `id_sbr_groups` int(10) unsigned NOT NULL,
  `id_sbr_groups_sub` int(10) unsigned NOT NULL,
  `question` text NOT NULL,
  `created_at` timestamp NOT NULL DEFAULT CURRENT_TIMESTAMP,
  `updated_at` timestamp NOT NULL DEFAULT CURRENT_TIMESTAMP,
  `deleted_at` timestamp NULL DEFAULT NULL,
  PRIMARY KEY (`id`)
) ENGINE=InnoDB AUTO_INCREMENT=325 DEFAULT CHARSET=utf8mb4 COLLATE=utf8mb4_0900_ai_ci;
/*!40101 SET character_set_client = @saved_cs_client */;

--
-- Dumping data for table `sbr_groups_sub_qn`
--

LOCK TABLES `sbr_groups_sub_qn` WRITE;
/*!40000 ALTER TABLE `sbr_groups_sub_qn` DISABLE KEYS */;
INSERT INTO `sbr_groups_sub_qn` VALUES (1,1,1,'Compra em função de estoque mínimo e estoque máximo?','2020-06-05 22:20:52','2020-06-05 22:20:52',NULL),(2,1,1,'Compra em função das vendas realizadas em períodos anteriores (giro) considerando a classificação ABC?','2020-06-05 22:20:52','2020-06-05 22:20:52',NULL),(3,1,1,'Compra em função da necessidade de produção?','2020-06-05 22:20:52','2020-06-05 22:20:52',NULL),(4,1,1,'Compra em função de encomendas ou pedidos de vendas antecipadas?','2020-06-05 22:20:52','2020-06-05 22:20:52',NULL),(5,1,1,'Compra em função de solicitações ou requisições internas?','2020-06-05 22:20:52','2020-06-05 22:20:52',NULL),(6,1,1,'Compra em função de tendências de mercado?','2020-06-05 22:20:52','2020-06-05 22:20:52',NULL),(7,1,1,'Analisa as vendas perdidas por falta de produtos em estoque (ruptura) antes de comprar?','2020-06-05 22:20:52','2020-06-05 22:20:52',NULL),(8,1,1,'Controla pedidos de compras e pedidos de vendas pendentes?','2020-06-05 22:20:52','2020-06-05 22:20:52',NULL),(9,1,4,'Analisa a lucratividade dos produtos comprados (por produto, grupo de produtos, marca, fornecedor etc.)?','2020-06-05 22:20:52','2020-06-05 22:20:52',NULL),(10,1,4,'Analisa o mix de produtos trabalhados buscando diferenciar seu negócio e ter melhor posicionamento no mercado?','2020-06-05 22:20:52','2020-06-05 22:20:52',NULL),(11,1,4,'Avalia os fornecedores a partir de critérios como qualidade, prazo de entrega, preço, prazo de pagamento e confiabilidade?','2020-06-05 22:20:52','2020-06-05 22:20:52',NULL),(12,1,3,'Confere se a nota fiscal está de acordo com o pedido de compra realizado (quantidades, especificações, condições de pagamento, valores)?','2020-06-05 22:20:52','2020-06-05 22:20:52',NULL),(13,1,3,'Quando ocorre divergência, existe um controle de aprovação por alçada?','2020-06-05 22:20:52','2020-06-05 22:20:52',NULL),(14,1,3,'Confere se os produtos recebidos são os mesmos descritos na nota fiscal (quantidades, especificações, dentre outros)?','2020-06-05 22:20:52','2020-06-05 22:20:52',NULL),(15,1,2,'Realiza cotações, identificando a melhor opção de compra considerando tributos, fretes, bonificações ou similares incidentes no custo do\nproduto ou serviço?','2020-06-05 22:20:52','2020-06-05 22:20:52',NULL),(16,1,2,'Negocia os prazos com fornecedores de acordo com a disponibilidade do fluxo de caixa?','2020-06-05 22:20:52','2020-06-05 22:20:52',NULL),(17,1,2,'Controla o fluxo de aprovação de compras por limite de alçadas?','2020-06-05 22:20:52','2020-06-05 22:20:52',NULL),(18,2,6,'Controla lista de materiais - B.O.M de cada etapa de produção?','2020-06-05 22:20:52','2020-06-05 22:20:52',NULL),(19,2,6,'Antes de produzir, verifica a disponibilidade dos insumos necessários?','2020-06-05 22:20:52','2020-06-05 22:20:52',NULL),(20,2,6,'Antes de produzir, verifica a disponibilidade das máquinas e mão de obra necessárias?','2020-06-05 22:20:52','2020-06-05 22:20:52',NULL),(21,2,6,'Estabelece o sequenciamento das ordens de produção de acordo com a disponibilidade das máquinas?','2020-06-05 22:20:52','2020-06-05 22:20:52',NULL),(22,2,6,'Controla lote de matérias-primas e insumos?','2020-06-05 22:20:52','2020-06-05 22:20:52',NULL),(23,2,6,'Faz laudo de análise das matérias-primas e insumos na entrada dos produtos?','2020-06-05 22:20:52','2020-06-05 22:20:52',NULL),(24,2,6,'Controla lote de produtos acabados?','2020-06-05 22:20:52','2020-06-05 22:20:52',NULL),(25,2,6,'Faz laudo de análise dos produtos acabados?','2020-06-05 22:20:52','2020-06-05 22:20:52',NULL),(26,2,6,'Possui rastreabilidade dos produtos, matéria-prima e insumos?','2020-06-05 22:20:52','2020-06-05 22:20:52',NULL),(27,2,6,'Controla remessa e retorno de beneficiamento em parceiros externos?','2020-06-05 22:20:52','2020-06-05 22:20:52',NULL),(28,2,7,'Controla as variações de fórmulas de produção?','2020-06-05 22:20:52','2020-06-05 22:20:52',NULL),(29,2,7,'Controla etapas, roteiro ou centros de resultado de produção?','2020-06-05 22:20:52','2020-06-05 22:20:52',NULL),(30,2,7,'Registra a saída da matéria-prima utilizada para a produção e a entrada do produto acabado em estoque?','2020-06-05 22:20:52','2020-06-05 22:20:52',NULL),(31,2,7,'Controla os desperdícios ou \"quebras\" de produção?','2020-06-05 22:20:52','2020-06-05 22:20:52',NULL),(32,2,7,'Controla produtos intermediários?','2020-06-05 22:20:52','2020-06-05 22:20:52',NULL),(33,2,7,'Controla os subprodutos (scrap) e sucatas decorrentes das produções?','2020-06-05 22:20:52','2020-06-05 22:20:52',NULL),(34,2,7,'Controla os custos de produção por etapa ou centro de resultado?','2020-06-05 22:20:52','2020-06-05 22:20:52',NULL),(35,2,7,'Registra todas as ocorrências relevantes durante o período de produção (retrabalhos, não conformidades, parada de máquinas)?','2020-06-05 22:20:52','2020-06-05 22:20:52',NULL),(36,2,7,'Registra os motivos das paradas de máquinas?','2020-06-05 22:20:52','2020-06-05 22:20:52',NULL),(37,2,5,'Conhece a capacidade instalada da produção?','2020-06-05 22:20:52','2020-06-05 22:20:52',NULL),(38,2,5,'Conhece a capacidade ociosa da produção?','2020-06-05 22:20:53','2020-06-05 22:20:53',NULL),(39,2,5,'Analisa a necessidade de produção em função das metas de vendas?','2020-06-05 22:20:53','2020-06-05 22:20:53',NULL),(40,2,5,'Analisa a necessidade de produzir em função de encomendas ou pedidos de vendas antecipadas?','2020-06-05 22:20:53','2020-06-05 22:20:53',NULL),(41,2,5,'Realiza um planejamento de produção levando em consideração a capacidade instalada do negócio, períodos de sazonalidade e as metas\npreviamente estabelecidas?','2020-06-05 22:20:53','2020-06-05 22:20:53',NULL),(42,2,5,'Reavalia constantemente o layout da produção de acordo com a ordem do processo produtivo?','2020-06-05 22:20:53','2020-06-05 22:20:53',NULL),(43,2,5,'Faz manutenção preventiva de equipamentos e instalações?','2020-06-05 22:20:53','2020-06-05 22:20:53',NULL),(44,2,5,'Se antecipa ao mercado na compra de matéria-prima para garantir que terá o suficiente para atender a produção?','2020-06-05 22:20:53','2020-06-05 22:20:53',NULL),(45,2,8,'Faz o apontamento da produção indicando o que foi feito, como, recursos utilizados etc.?','2020-06-05 22:20:53','2020-06-05 22:20:53',NULL),(46,2,8,'Estabelece os limites de desvio padrão aceitáveis para o apontamento da produção?','2020-06-05 22:20:53','2020-06-05 22:20:53',NULL),(47,2,8,'Controla a produtividade das máquinas em termos de capacidade, disponibilidade e qualidade dos produtos (OEE)?','2020-06-05 22:20:53','2020-06-05 22:20:53',NULL),(48,2,8,'Controla a produtividade dos funcionários?','2020-06-05 22:20:53','2020-06-05 22:20:53',NULL),(49,2,8,'Realiza ações corretivas a partir da identificação de desperdícios, erros e inconsistências na produção?','2020-06-05 22:20:53','2020-06-05 22:20:53',NULL),(50,2,8,'Analisa se os resultados obtidos na produção foram conforme o planejado?','2020-06-05 22:20:53','2020-06-05 22:20:53',NULL),(51,2,8,'Analisa custos por produção (para um mesmo produto), considerando sazonalidade, turno e outros fatores externos?','2020-06-05 22:20:53','2020-06-05 22:20:53',NULL),(52,3,9,'Apura os custos dos produtos e serviços, considerando descontos, tributos e frete (custo contábil)?','2020-06-05 22:20:53','2020-06-05 22:20:53',NULL),(53,3,9,'Apura os gastos fixos e gastos variáveis?','2020-06-05 22:20:53','2020-06-05 22:20:53',NULL),(54,3,9,'Apura os custos do produto acabado em função dos insumos da produção (matéria-prima, mão de obra, hora máquina etc.)?','2020-06-05 22:20:53','2020-06-05 22:20:53',NULL),(55,3,10,'Forma o preço de venda considerando CMV, gastos fixos, gastos variáveis e lucro esperado?','2020-06-05 22:20:53','2020-06-05 22:20:53',NULL),(56,3,10,'Tem clareza quanto ao lucro líquido esperado e controla os resultados obtidos?','2020-06-05 22:20:53','2020-06-05 22:20:53',NULL),(57,3,10,'Considera características regionais e o perfil do público-alvo para formação do preço?','2020-06-05 22:20:53','2020-06-05 22:20:53',NULL),(58,3,10,'Compara previamente os preços praticados pela concorrência?','2020-06-05 22:20:53','2020-06-05 22:20:53',NULL),(59,3,10,'Caso o preço formado esteja acima do praticado pelo mercado, analisa a possibilidade de reduzir custos ou investir em diferenciais?','2020-06-05 22:20:53','2020-06-05 22:20:53',NULL),(60,3,10,'Revisa constantemente a precificação dos produtos (de acordo com os resultados obtidos, alteração de custos, lei da oferta e demanda,\nmudanças de mercado ou estratégia adotada pela empresa)?','2020-06-05 22:20:53','2020-06-05 22:20:53',NULL),(61,4,11,'Registra todas as operações de entrada e saída de estoque (compras, vendas, trocas e devoluções, bonificações, transferências, produtos em\nconserto etc.)?','2020-06-05 22:20:53','2020-06-05 22:20:53',NULL),(62,4,11,'Controla as saídas de estoque para consumo interno da empresa?','2020-06-05 22:20:53','2020-06-05 22:20:53',NULL),(63,4,11,'Controla estoques de terceiros em consignação ou estoques da empresa consignado a terceiros?','2020-06-05 22:20:53','2020-06-05 22:20:53',NULL),(64,4,11,'Planeja a utilização do espaço físico considerando giro, facilidade de acesso aos produtos estocados, volumes, validade etc.?','2020-06-05 22:20:53','2020-06-05 22:20:53',NULL),(65,4,11,'Utiliza endereçamento dos produtos para agilizar o processo de entradas e saídas?','2020-06-05 22:20:53','2020-06-05 22:20:53',NULL),(66,4,11,'Controla o estoque por data de validade, priorizando o consumo de produtos mais próximos do vencimento?','2020-06-05 22:20:53','2020-06-05 22:20:53',NULL),(67,4,11,'Realiza o armazenamento levando em consideração as características dos produtos (dimensão, peso, cor, lote, número de série) e\nrotatividade (giro)?','2020-06-05 22:20:53','2020-06-05 22:20:53',NULL),(68,4,11,'Realiza o armazenamento levando em consideração o tipo de produto, nível de fragilidade e periculosidade?','2020-06-05 22:20:53','2020-06-05 22:20:53',NULL),(69,4,11,'Controla o acesso a produtos de alto risco de desvio?','2020-06-05 22:20:53','2020-06-05 22:20:53',NULL),(70,4,12,'Controla o recebimento e armazenagem de produtos avariados?','2020-06-05 22:20:53','2020-06-05 22:20:53',NULL),(71,4,12,'Controla os créditos com fornecedores provenientes de recebimento de avarias e de devoluções em garantia?','2020-06-05 22:20:53','2020-06-05 22:20:53',NULL),(72,4,13,'Realiza periodicamente a contagem física dos estoques confrontando as quantidades reais com as registradas?','2020-06-05 22:20:53','2020-06-05 22:20:53',NULL),(73,4,13,'Realiza a contagem cíclica do estoque (Inventário Rotativo)?','2020-06-05 22:20:53','2020-06-05 22:20:53',NULL),(74,4,13,'Realiza o inventário por auditoria independente (terceiros)?','2020-06-05 22:20:53','2020-06-05 22:20:53',NULL),(75,4,13,'Faz o registro das perdas identificadas no inventário?','2020-06-05 22:20:53','2020-06-05 22:20:53',NULL),(76,4,13,'Verifica as causas das eventuais diferenças no estoque após a conferência física?','2020-06-05 22:20:53','2020-06-05 22:20:53',NULL),(77,4,14,'Analisa o Inventário em termos de quantidades, custos e valor total do estoque, para tomar decisões mais adequadas?','2020-06-05 22:20:53','2020-06-05 22:20:53',NULL),(78,4,14,'Apura o custo de armazenagem dos produtos, ou seja, quanto custa manter um produto estocado?','2020-06-05 22:20:53','2020-06-05 22:20:53',NULL),(79,4,14,'Avalia a ocupação dos espaços no estoque x valor agregado dos produtos para análise de resultados?','2020-06-05 22:20:53','2020-06-05 22:20:53',NULL),(80,5,15,'Identifica unicamente os endereços do armazém com código de barras refletindo a sub-divisão física dos mesmos (Depósito, Rua, Prédio,\nNível e Apartamento)?','2020-06-05 22:20:53','2020-06-05 22:20:53',NULL),(81,5,15,'Realiza a análise para dimensionamento de picking levando em consideração giro, peso, volume?','2020-06-05 22:20:53','2020-06-05 22:20:53',NULL),(82,5,15,'Realiza a análise para dimensionamento de pulmão levando em consideração peso e volume?','2020-06-05 22:20:53','2020-06-05 22:20:53',NULL),(83,5,15,'Possui um sequenciamento de endereços para otimização da rota de armazenamento/separação?','2020-06-05 22:20:53','2020-06-05 22:20:53',NULL),(84,5,15,'Realiza o armazenamento levando em consideração o tempo de vida dos produtos?','2020-06-05 22:20:53','2020-06-05 22:20:53',NULL),(85,5,15,'Realiza inspeções frequentes para verificar se existem produtos em endereços errados ou mesmo para identificação de avarias?','2020-06-05 22:20:53','2020-06-05 22:20:53',NULL),(86,5,15,'Tem áreas separadas para grandeza e miudeza?','2020-06-05 22:20:53','2020-06-05 22:20:53',NULL),(87,5,15,'Realiza inspeções para otimização de espaços no estoque?','2020-06-05 22:20:53','2020-06-05 22:20:53',NULL),(88,5,16,'Realiza o agendamento de carga e descarga de veículos?','2020-06-05 22:20:53','2020-06-05 22:20:53',NULL),(89,5,16,'Controla a entrada e saída de veículos do armazém?','2020-06-05 22:20:53','2020-06-05 22:20:53',NULL),(90,5,16,'Utiliza conferência cega no recebimento de mercadorias?','2020-06-05 22:20:53','2020-06-05 22:20:53',NULL),(91,5,16,'Trata o recebimento de produtos oriundos de logística reversa?','2020-06-05 22:20:53','2020-06-05 22:20:53',NULL),(92,5,16,'Identifica todos os produtos recebidos com um código de barras?','2020-06-05 22:20:53','2020-06-05 22:20:53',NULL),(93,5,17,'Existem áreas específicas para conferência e separação de produtos no depósito?','2020-06-05 22:20:53','2020-06-05 22:20:53',NULL),(94,5,17,'Separa as mercadorias para expedição levando em consideração a regra (FEFO, FIFO E LIFO)?','2020-06-05 22:20:53','2020-06-05 22:20:53',NULL),(95,5,17,'Registra as avarias e divergências nos produtos durante a separação?','2020-06-05 22:20:53','2020-06-05 22:20:53',NULL),(96,5,17,'Controla movimentações de separação horizontais e verticais utilizando endereço de conexão?','2020-06-05 22:20:53','2020-06-05 22:20:53',NULL),(97,5,17,'Controla a pesagem de produtos com peso variável durante a separação?','2020-06-05 22:20:53','2020-06-05 22:20:53',NULL),(98,5,17,'Utiliza estratégia de Crossdocking para diminuir o tempo de processamento?','2020-06-05 22:20:53','2020-06-05 22:20:53',NULL),(99,5,17,'Analisa a necessidade de reabastecimento preventivo?','2020-06-05 22:20:53','2020-06-05 22:20:53',NULL),(100,5,18,'Utiliza conferência cega na expedição de mercadorias?','2020-06-05 22:20:53','2020-06-05 22:20:53',NULL),(101,5,18,'Realiza a formação de volumes durante a conferência de saída?','2020-06-05 22:20:53','2020-06-05 22:20:53',NULL),(102,5,18,'Identifica todos os volumes com etiquetas a fim de facilitar a conferência?','2020-06-05 22:20:53','2020-06-05 22:20:53',NULL),(103,6,19,'Acompanha o ponto de equilíbrio da empresa?','2020-06-05 22:20:53','2020-06-05 22:20:53',NULL),(104,6,19,'Estabelece metas de vendas detalhadas por algum critério (empresa, vendedor, grupo de produto ou serviço, região, marca ou similar)?','2020-06-05 22:20:53','2020-06-05 22:20:53',NULL),(105,6,19,'Estabelece metas de vendas em função da margem de contribuição ou lucratividade esperada?','2020-06-05 22:20:53','2020-06-05 22:20:53',NULL),(106,6,19,'Utiliza políticas de preços e descontos distintos para diferentes produtos ou serviços, grupos de clientes, região, condições de venda (à vista\nou a prazo) ou similar?','2020-06-05 22:20:53','2020-06-05 22:20:53',NULL),(107,6,20,'Registra as prospecções realizadas?','2020-06-05 22:20:53','2020-06-05 22:20:53',NULL),(108,6,20,'Registra os orçamentos de vendas solicitados pelos clientes?','2020-06-05 22:20:53','2020-06-05 22:20:53',NULL),(109,6,20,'Controla a evolução das etapas de vendas?','2020-06-05 22:20:53','2020-06-05 22:20:53',NULL),(110,6,20,'Controla pedidos de venda pendentes?','2020-06-05 22:20:53','2020-06-05 22:20:53',NULL),(111,6,20,'Registra todas as ocorrências de corte nos pedidos de venda e verifica suas causas?','2020-06-05 22:20:53','2020-06-05 22:20:53',NULL),(112,6,21,'Registra as vendas realizadas classificando corretamente sua natureza e/ou centro de custo?','2020-06-05 22:20:53','2020-06-05 22:20:53',NULL),(113,6,21,'Controla pedidos de vendedores externos?','2020-06-05 22:20:53','2020-06-05 22:20:53',NULL),(114,6,21,'Trabalha com sugestão de vendas (produtos complementares, alternativos e equivalentes)?','2020-06-05 22:20:53','2020-06-05 22:20:53',NULL),(115,6,21,'Confere os produtos que serão entregues com a venda registrada?','2020-06-05 22:20:53','2020-06-05 22:20:53',NULL),(116,6,21,'Analisa o índice de trocas e devoluções de vendas e verifica suas causas?','2020-06-05 22:20:53','2020-06-05 22:20:53',NULL),(117,6,22,'Planeja o comissionamento dos vendedores de forma a fomentar a venda de produtos ou serviços que trazem maior lucro?','2020-06-05 22:20:53','2020-06-05 22:20:53',NULL),(118,6,22,'Calcula abatimentos de comissões de acordo com a concessão de bonificações, descontos e devoluções de clientes?','2020-06-05 22:20:53','2020-06-05 22:20:53',NULL),(119,6,23,'Analisa a lucratividade das vendas (por produto ou serviço, grupo, marca, fornecedor, vendedor, cliente, região etc.)?','2020-06-05 22:20:53','2020-06-05 22:20:53',NULL),(120,6,23,'Acompanha as vendas realizadas comparando com as metas definidas?','2020-06-05 22:20:53','2020-06-05 22:20:53',NULL),(121,6,23,'Calcula a taxa de conversão de vendas?','2020-06-05 22:20:53','2020-06-05 22:20:53',NULL),(122,6,23,'Analisa o índice de cancelamento de vendas e motivos que levam os clientes a cancelarem?','2020-06-05 22:20:53','2020-06-05 22:20:53',NULL),(123,6,23,'Mede o resultado das ações promocionais realizadas?','2020-06-05 22:20:53','2020-06-05 22:20:53',NULL),(124,6,24,'Possui um banco de dados com informações cadastrais dos seus clientes, preferências, datas de aniversário e controles como frequência,\nvolume de compras e itens que costumam comprar?','2020-06-05 22:20:53','2020-06-05 22:20:53',NULL),(125,6,24,'Mede a satisfação dos clientes por meio de feedbacks, pesquisas de satisfação, ouvidoria e outros?','2020-06-05 22:20:53','2020-06-05 22:20:53',NULL),(126,6,24,'Analisa o nível de fidelização dos clientes, utilizando as informações do banco de dados para identificar quais são esporádicos, frequentes,\nfiéis e fãs?','2020-06-05 22:20:53','2020-06-05 22:20:53',NULL),(127,6,24,'Aposta em programas de relacionamento para manter a proximidade com o cliente?','2020-06-05 22:20:53','2020-06-05 22:20:53',NULL),(128,6,24,'Mede o resultado das ações promocionais realizadas?','2020-06-05 22:20:53','2020-06-05 22:20:53',NULL),(129,6,24,'Utiliza as informações do banco de dados para realizar ações de pós-venda e orientar a comunicação com os clientes de forma mais\npersonalizada e efetiva?','2020-06-05 22:20:53','2020-06-05 22:20:53',NULL),(130,7,25,'Planeja os recursos (materiais, equipamentos, infraestrutura etc.) necessários para a prestação dos serviços previstos em um determinado\nperíodo (em geral de 6 meses a 1 ano)?','2020-06-05 22:20:53','2020-06-05 22:20:53',NULL),(131,7,25,'Planeja a mão de obra a ser contratada e treinada para a prestação dos serviços previstos em determinado período (em geral de 6 meses a 1\nano)?','2020-06-05 22:20:53','2020-06-05 22:20:53',NULL),(132,7,25,'Inova os serviços prestados de acordo com as tendências de mercado?','2020-06-05 22:20:53','2020-06-05 22:20:53',NULL),(133,7,25,'Utiliza uma tabela de padronização de serviços com relação a tempo, custos, conhecimentos e requisitos necessários, forma de execução\netc.?','2020-06-05 22:20:53','2020-06-05 22:20:53',NULL),(134,7,25,'Utiliza uma metodologia formal para prestação dos serviços?','2020-06-05 22:20:53','2020-06-05 22:20:53',NULL),(135,7,26,'Faz uma definição clara do escopo do serviço a ser prestado (o que, para quem, como - escopo das atividades, prazo, cronograma, entregas\nparciais etc.)?','2020-06-05 22:20:53','2020-06-05 22:20:53',NULL),(136,7,26,'Controla a prioridade de realização dos serviços considerando fila e SLA?','2020-06-05 22:20:53','2020-06-05 22:20:53',NULL),(137,7,26,'Controla o agendamento dos serviços e alocação da equipe de acordo com a disponibilidade e especialidade?','2020-06-05 22:20:53','2020-06-05 22:20:53',NULL),(138,7,26,'Repassa o que foi negociado com o cliente para a equipe que vai prestar o serviço?','2020-06-05 22:20:53','2020-06-05 22:20:53',NULL),(139,7,26,'Controla o cumprimento das etapas e prazos da realização do serviço, durante a execução?','2020-06-05 22:20:53','2020-06-05 22:20:53',NULL),(140,7,26,'Registra as ocorrências inesperadas e retrabalhos (não conformidades) durante a realização dos serviços e seus devidos custos?','2020-06-05 22:20:53','2020-06-05 22:20:53',NULL),(141,7,26,'Renegocia com o cliente quando ocorrem mudanças nas especificações dos serviços?','2020-06-05 22:20:53','2020-06-05 22:20:53',NULL),(142,7,26,'Renegocia com o cliente quando estoura o volume de horas negociadas e o prazo de entrega?','2020-06-05 22:20:53','2020-06-05 22:20:53',NULL),(143,7,26,'Faz uma gestão rigorosa da matriz de responsabilidades (para evitar que a equipe execute atividades de responsabilidade do cliente)?','2020-06-05 22:20:53','2020-06-05 22:20:53',NULL),(144,7,26,'Mantém uma base de conhecimento dos serviços, em termos de soluções descritas para erros e problemas encontrados, atualizada à medida\nque acontecem novas ocorrências?','2020-06-05 22:20:53','2020-06-05 22:20:53',NULL),(145,7,28,'Classifica os serviços prestados pela empresa de acordo com seu status (realizados, em andamento, pendentes, em atraso, suspensos etc.)?','2020-06-05 22:20:53','2020-06-05 22:20:53',NULL),(146,7,28,'Analisa o índice de serviços bonificados e executados por terceiros?','2020-06-05 22:20:53','2020-06-05 22:20:53',NULL),(147,7,28,'Certifica se o que foi vendido é o que foi realizado?','2020-06-05 22:20:53','2020-06-05 22:20:53',NULL),(148,7,28,'Realiza ações de melhorias a partir da identificação de erros e inconsistência na realização dos serviços prestados?','2020-06-05 22:20:53','2020-06-05 22:20:53',NULL),(149,7,28,'Analisa o índice de serviços realizados de forma ideal (no prazo, na especificação e com a qualidade esperada)?','2020-06-05 22:20:53','2020-06-05 22:20:53',NULL),(150,7,28,'Analisa a lucratividade dos serviços prestados (por projeto, cliente, tipo de serviço, região, contrato e outros)?','2020-06-05 22:20:53','2020-06-05 22:20:53',NULL),(151,7,28,'Analisa a produtividade das pessoas envolvidas na prestação dos serviços?','2020-06-05 22:20:53','2020-06-05 22:20:53',NULL),(152,7,28,'Gerencia a capacidade produtiva x produção?','2020-06-05 22:20:53','2020-06-05 22:20:53',NULL),(153,7,28,'Mede o cumprimento da aplicação de todos os passos da metodologia de prestação de serviços?','2020-06-05 22:20:53','2020-06-05 22:20:53',NULL),(154,8,29,'Faz cotação de frete para entrega de mercadorias?','2020-06-05 22:20:53','2020-06-05 22:20:53',NULL),(155,8,29,'Registra todos os CT-es emitidos por terceiros?','2020-06-05 22:20:53','2020-06-05 22:20:53',NULL),(156,8,29,'Vincula os pedidos de vendas às ordens de carga com todas as informações necessárias (região, veículo, motorista responsável etc.)?','2020-06-05 22:20:53','2020-06-05 22:20:53',NULL),(157,8,30,'É feito um agrupamento dos pedidos levando em consideração a melhor rota para separação?','2020-06-05 22:20:53','2020-06-05 22:20:53',NULL),(158,8,30,'Emite mapas de separação de carga?','2020-06-05 22:20:53','2020-06-05 22:20:53',NULL),(159,8,32,'Analisa se o custo da distribuição é coberto pelo que se cobra de frete ou pelo valor embutido no preço do produto?','2020-06-05 22:20:53','2020-06-05 22:20:53',NULL),(160,8,32,'Consegue saber em quais vendas é possível dar frete gratuito?','2020-06-05 22:20:53','2020-06-05 22:20:53',NULL),(161,8,31,'Confere quantas mercadorias foram efetivamente entregues, devolvidas, avariadas etc.?','2020-06-05 22:20:53','2020-06-05 22:20:53',NULL),(162,8,31,'Faz o acerto financeiro por ordem de carga após o retorno do veículo?','2020-06-05 22:20:53','2020-06-05 22:20:53',NULL),(163,9,33,'Provisiona os pagamentos já conhecidos mesmo antes de receber os títulos (geralmente para os próximos 30 ou 90 dias)?','2020-06-05 22:20:53','2020-06-05 22:20:53',NULL),(164,9,33,'Possui uma política clara de normas e procedimentos do Contas a Pagar?','2020-06-05 22:20:53','2020-06-05 22:20:53',NULL),(165,9,34,'O registro do título a pagar vem por meio do lançamento das compras?','2020-06-05 22:20:53','2020-06-05 22:20:53',NULL),(166,9,34,'Registra toda despesa não originada de compras, tais como energia, telefone, aluguel, condomínio etc.?','2020-06-05 22:20:53','2020-06-05 22:20:53',NULL),(167,9,34,'Confere cada título a pagar, verificando se ele é realmente devido e se está no valor correto?','2020-06-05 22:20:53','2020-06-05 22:20:53',NULL),(168,9,34,'Controla as contas a pagar por fornecedor, data, naturezas, centro de custo e por tipo (boleto, duplicata, cheque pré-datado)?','2020-06-05 22:20:53','2020-06-05 22:20:53',NULL),(169,9,34,'Controla adiantamentos de custeio?','2020-06-05 22:20:53','2020-06-05 22:20:53',NULL),(170,9,34,'Analisa a disponibilidade de caixa antes de efetuar os pagamentos?','2020-06-05 22:20:53','2020-06-05 22:20:53',NULL),(171,9,34,'Analisa a possibilidade de antecipar o pagamento de títulos que promovam descontos para liquidação antes da data de vencimento?','2020-06-05 22:20:53','2020-06-05 22:20:53',NULL),(172,9,36,'Vincula os cheques emitidos aos respectivos títulos ou pagamentos?','2020-06-05 22:20:53','2020-06-05 22:20:53',NULL),(173,9,36,'Controla os cheques emitidos para pagamentos que não foram compensados na data agendada?','2020-06-05 22:20:53','2020-06-05 22:20:53',NULL),(174,9,36,'Realiza pagamento de títulos por meios eletrônicos (Internet Banking, EDI)?','2020-06-05 22:20:53','2020-06-05 22:20:53',NULL),(175,9,36,'Registra, separadamente, os gastos extras com juros e multas referentes aos pagamentos de títulos em atraso?','2020-06-05 22:20:53','2020-06-05 22:20:53',NULL),(176,9,37,'Analisa os pagamentos realizados no período por natureza, tipo de despesa, fornecedor, data ou similar, centro de resultado, centro de custo e\nprojeto?','2020-06-05 22:20:53','2020-06-05 22:20:53',NULL),(177,9,37,'Faz comparação de gastos de determinados grupos de naturezas em períodos diferentes, explorando os motivos da evolução ou redução de\ngastos?','2020-06-05 22:20:53','2020-06-05 22:20:53',NULL),(178,10,38,'Provisiona as receitas que terá em determinado período mesmo antes do faturamento?','2020-06-05 22:20:53','2020-06-05 22:20:53',NULL),(179,10,39,'O registro do título a receber vem por meio do lançamento da venda?','2020-06-05 22:20:53','2020-06-05 22:20:53',NULL),(180,10,39,'Registra toda receita não originada de vendas, tais como rendimento de aplicações, aluguéis, prêmios etc.?','2020-06-05 22:20:53','2020-06-05 22:20:53',NULL),(181,10,39,'Controla crédito de clientes originados por devoluções ou outras entradas financeiras?','2020-06-05 22:20:53','2020-06-05 22:20:53',NULL),(182,10,39,'Controla os cheques pré-datados recebidos e realiza os depósitos nas datas acordadas?','2020-06-05 22:20:53','2020-06-05 22:20:53',NULL),(183,10,39,'Controla o prazo para reajuste dos contratos com os clientes?','2020-06-05 22:20:53','2020-06-05 22:20:53',NULL),(184,10,40,'Mantém o cadastro dos clientes sempre atualizado?','2020-06-05 22:20:53','2020-06-05 22:20:53',NULL),(185,10,40,'Avalia o limite de crédito dos clientes para as vendas a prazo em função do seu hábito de consumo, cadastro e regularidade?','2020-06-05 22:20:53','2020-06-05 22:20:53',NULL),(186,10,40,'Controla a liberação de crédito com limites por alçada?','2020-06-05 22:20:53','2020-06-05 22:20:53',NULL),(187,10,40,'Oferece descontos ou alguma outra vantagem para o cliente que paga antecipado?','2020-06-05 22:20:53','2020-06-05 22:20:53',NULL),(188,10,40,'Lembra o cliente do título a ser quitado alguns dias antes de vencer?','2020-06-05 22:20:53','2020-06-05 22:20:53',NULL),(189,10,40,'Reavalia periodicamente o limite de crédito concedido aos clientes?','2020-06-05 22:20:53','2020-06-05 22:20:53',NULL),(190,10,64,'Classifica os clientes de acordo com sua pontualidade de pagamento?','2020-06-05 22:20:53','2020-06-05 22:20:53',NULL),(191,10,64,'Tem controle da inadimplência por cliente, dias em atraso, tipo do título de cobrança ou similar?','2020-06-05 22:20:53','2020-06-05 22:20:53',NULL),(192,10,64,'Calcula o percentual de inadimplência do negócio?','2020-06-05 22:20:53','2020-06-05 22:20:53',NULL),(193,10,64,'Possui uma política de cobrança clara?','2020-06-05 22:20:53','2020-06-05 22:20:53',NULL),(194,10,64,'Realiza frequentemente a cobrança dos inadimplentes?','2020-06-05 22:20:53','2020-06-05 22:20:53',NULL),(195,10,64,'Mede o índice de desempenho das cobranças realizadas?','2020-06-05 22:20:53','2020-06-05 22:20:53',NULL),(196,10,64,'Realiza a negativação de crédito (SPC, Serasa) ou o protesto de títulos após esgotadas todas as tentativas de cobrança \"amigáveis\"?','2020-06-05 22:20:53','2020-06-05 22:20:53',NULL),(197,10,41,'Vincula os cheques recebidos aos respectivos títulos ou recebimentos?','2020-06-05 22:20:53','2020-06-05 22:20:53',NULL),(198,10,41,'Controla os cheques devolvidos?','2020-06-05 22:20:53','2020-06-05 22:20:53',NULL),(199,10,41,'Registra os recebimentos originados de cartões de crédito e débito vinculando à respectiva venda?','2020-06-05 22:20:53','2020-06-05 22:20:53',NULL),(200,10,41,'Registra, separadamente, as receitas extras com juros e multas dos recebimentos em atraso?','2020-06-05 22:20:53','2020-06-05 22:20:53',NULL),(201,10,41,'Registra antecipação de recebíveis tais como desconto de títulos ou similar, identificando os valores pagos pela operação?','2020-06-05 22:20:53','2020-06-05 22:20:53',NULL),(202,10,42,'Analisa as receitas utilizando critérios como natureza, centro de resultado, projeto, produto ou serviço, tipo de cliente, data ou similar?','2020-06-05 22:20:53','2020-06-05 22:20:53',NULL),(203,11,43,'Registra todas as movimentações financeiras realizadas nas contas da empresa?','2020-06-05 22:20:53','2020-06-05 22:20:53',NULL),(204,11,43,'Realiza fechamento de caixa diário conferindo e conciliando a movimentação do dia?','2020-06-05 22:20:53','2020-06-05 22:20:53',NULL),(205,11,43,'Registra os rendimentos de aplicações (entradas) e juros de empréstimos (saídas)?','2020-06-05 22:20:53','2020-06-05 22:20:53',NULL),(206,11,43,'Faz conciliação das movimentações com cartões de crédito/débito?','2020-06-05 22:20:53','2020-06-05 22:20:53',NULL),(207,11,43,'Faz conciliação bancária?','2020-06-05 22:20:53','2020-06-05 22:20:53',NULL),(208,11,43,'Separa as contas pessoais dos sócios das contas da empresa?','2020-06-05 22:20:53','2020-06-05 22:20:53',NULL),(209,11,43,'Controla todas as contas da empresa, incluindo contas de adiantamento, fundos, aplicações etc.?','2020-06-05 22:20:53','2020-06-05 22:20:53',NULL),(210,11,44,'Utiliza fluxo de caixa contendo a programação de receitas, despesas e saldos para os próximos dias (geralmente até 90 dias)?','2020-06-05 22:20:53','2020-06-05 22:20:53',NULL),(211,11,44,'Considera um percentual de inadimplência no fluxo de caixa?','2020-06-05 22:20:53','2020-06-05 22:20:53',NULL),(212,11,44,'Analisa o fluxo de caixa para identificar o momento mais favorável para realizar promoções e melhorar o caixa da empresa?','2020-06-05 22:20:53','2020-06-05 22:20:53',NULL),(213,11,44,'Identificado um desencaixe do fluxo de caixa, busca opções como renegociação de títulos ou captação de empréstimos avaliando qual opção\noferece o menor custo para a empresa?','2020-06-05 22:20:53','2020-06-05 22:20:53',NULL),(214,11,44,'Analisa a possibilidade de investimento de recursos excedentes considerando a opção com as melhores taxas?','2020-06-05 22:20:53','2020-06-05 22:20:53',NULL),(215,11,45,'Faz orçamento de receitas e despesas para o período mínimo de 1 ano?','2020-06-05 22:20:53','2020-06-05 22:20:53',NULL),(216,11,45,'Após a consolidação do orçamento das unidades de negócio ou departamentos, realiza as calibragens necessárias para atingimento das\nmetas estratégicas propostas?','2020-06-05 22:20:53','2020-06-05 22:20:53',NULL),(217,11,45,'Monitora constantemente a execução do orçamento (previsto x realizado)?','2020-06-05 22:20:53','2020-06-05 22:20:53',NULL),(218,11,45,'Realiza revisão orçamentária frequentemente?','2020-06-05 22:20:53','2020-06-05 22:20:53',NULL),(219,11,46,'Monitora o ciclo operacional e o ciclo financeiro da empresa?','2020-06-05 22:20:53','2020-06-05 22:20:53',NULL),(220,11,46,'Monitora constantemente a NCG (necessidade de capital de giro) da empresa?','2020-06-05 22:20:53','2020-06-05 22:20:53',NULL),(221,11,46,'Analisa a lucratividade do negócio?','2020-06-05 22:20:53','2020-06-05 22:20:53',NULL),(222,11,46,'Analisa a rentabilidade e o EBITDA do negócio?','2020-06-05 22:20:53','2020-06-05 22:20:53',NULL),(223,11,46,'Analisa o índice de endividamento da empresa?','2020-06-05 22:20:53','2020-06-05 22:20:53',NULL),(224,11,46,'Analisa os passivos inerentes ao seu negócio?','2020-06-05 22:20:53','2020-06-05 22:20:53',NULL),(225,12,49,'Tem clareza da missão, visão, valores e proposta exclusiva de valor do negócio?','2020-06-05 22:20:53','2020-06-05 22:20:53',NULL),(226,12,49,'Acompanha periodicamente os indicadores-chave do negócio, desdobrando-os por dimensões de análise (unidades de negócio, cidades,\nvendedores, colaboradores etc.)?','2020-06-05 22:20:53','2020-06-05 22:20:53',NULL),(227,12,49,'Acompanha o cumprimento dos planos de ação pela equipe?','2020-06-05 22:20:53','2020-06-05 22:20:53',NULL),(228,12,49,'Faz análises de causa e efeito (exemplo: Ishikawa) para traçar planos de ação quando uma meta ou objetivo não é atingido?','2020-06-05 22:20:53','2020-06-05 22:20:53',NULL),(229,12,47,'Tem clareza da missão, visão, valores e proposta exclusiva de valor do negócio?','2020-06-05 22:20:53','2020-06-05 22:20:53',NULL),(230,12,47,'Analisa fatores externos e internos para embasar o planejamento estratégico?','2020-06-05 22:20:53','2020-06-05 22:20:53',NULL),(231,12,47,'Faz Análise SWOT?','2020-06-05 22:20:53','2020-06-05 22:20:53',NULL),(232,12,48,'Tem um processo estruturado de revisão estratégica e definição de novos direcionadores estratégicos?','2020-06-05 22:20:53','2020-06-05 22:20:53',NULL),(233,12,48,'Faz o desdobramento da estratégia para os demais níveis da organização?','2020-06-05 22:20:53','2020-06-05 22:20:53',NULL),(234,12,48,'Elabora planos de ação alinhados com o cumprimento da estratégia em cada nível da organização?','2020-06-05 22:20:53','2020-06-05 22:20:53',NULL),(235,12,48,'Cada colaborador sabe exatamente o que tem que fazer de forma a contribuir para o cumprimento das diretrizes estratégicas?','2020-06-05 22:20:54','2020-06-05 22:20:54',NULL),(236,12,48,'A estratégia está clara para toda a equipe?','2020-06-05 22:20:54','2020-06-05 22:20:54',NULL),(237,13,50,'Possui descrição de cargos (missão, tarefas, requisitos, perfil adequado)?','2020-06-05 22:20:54','2020-06-05 22:20:54',NULL),(238,13,50,'Possui uma política de plano de cargos e salários?','2020-06-05 22:20:54','2020-06-05 22:20:54',NULL),(239,13,50,'Sua política de plano de cargos e salários é competitiva em relação à realidade do mercado?','2020-06-05 22:20:54','2020-06-05 22:20:54',NULL),(240,13,50,'Os benefícios oferecidos aos colaboradores são atrativos?','2020-06-05 22:20:54','2020-06-05 22:20:54',NULL),(241,13,50,'Possui programas de incentivo (premiações, participação nos resultados)?','2020-06-05 22:20:54','2020-06-05 22:20:54',NULL),(242,13,51,'Possui uma rotina normatizada de requisição de pessoal?','2020-06-05 22:20:54','2020-06-05 22:20:54',NULL),(243,13,51,'Define previamente as etapas necessárias no processo de seleção para cada cargo dentro da organização?','2020-06-05 22:20:54','2020-06-05 22:20:54',NULL),(244,13,51,'Deixa claro no anúncio da vaga informações que vão ajudar a atrair as pessoas certas, como valores da empresa, características da vaga e\ndescrição da atividade?','2020-06-05 22:20:54','2020-06-05 22:20:54',NULL),(245,13,51,'Divulga as vagas disponíveis em canais adequados ao perfil dos candidatos desejados?','2020-06-05 22:20:54','2020-06-05 22:20:54',NULL),(246,13,51,'Utiliza ferramentas de apoio ao processo de seleção como testes práticos e/ou escritos, testes comportamentais e psicológicos, dinâmicas\netc.?','2020-06-05 22:20:54','2020-06-05 22:20:54',NULL),(247,13,51,'Faz contato com todos os candidatos que participaram do processo de seleção quando a vaga é fechada?','2020-06-05 22:20:54','2020-06-05 22:20:54',NULL),(248,13,51,'Mantém o banco de talentos sempre abastecido com currículos qualificados?','2020-06-05 22:20:54','2020-06-05 22:20:54',NULL),(249,13,52,'Define quais os treinamentos e certificações são necessários para novos colaboradores de acordo com seu cargo e atribuições?','2020-06-05 22:20:54','2020-06-05 22:20:54',NULL),(250,13,52,'Realiza um processo de integração com os novos colaboradores de forma que sejam orientados e conheçam a cultura, valores e rotinas de\ntrabalho da empresa?','2020-06-05 22:20:54','2020-06-05 22:20:54',NULL),(251,13,52,'Investe em treinamentos para que os funcionários desempenhem melhor suas atribuições?','2020-06-05 22:20:54','2020-06-05 22:20:54',NULL),(252,13,52,'Mede a efetividade dos treinamentos realizados, atrelando aos índices de desempenho do negócio (exemplo: ticket médio, tempo de\natendimento, perdas etc.)?','2020-06-05 22:20:54','2020-06-05 22:20:54',NULL),(253,13,52,'Possui um plano de sucessão do negócio?','2020-06-05 22:20:54','2020-06-05 22:20:54',NULL),(254,13,53,'Faz interações pontuais com o funcionário durante o período de experiência, dando feedbacks e alinhando expectativas (geralmente com 45 e\n85 dias)?','2020-06-05 22:20:54','2020-06-05 22:20:54',NULL),(255,13,53,'Possui um processo estruturado para a realização de avaliações de desempenho?','2020-06-05 22:20:54','2020-06-05 22:20:54',NULL),(256,13,53,'Leva em consideração as competências organizacionais mapeadas para a realização da avaliação de desempenho?','2020-06-05 22:20:54','2020-06-05 22:20:54',NULL),(257,13,53,'Estrutura o Plano de Desenvolvimento Individual (PDI) de acordo com os resultados da avaliação de desempenho?','2020-06-05 22:20:54','2020-06-05 22:20:54',NULL),(258,13,53,'Faz monitoramento do PDI para garantir que os resultados estejam sendo alcançados?','2020-06-05 22:20:54','2020-06-05 22:20:54',NULL),(259,13,54,'Realiza entrevistas demissionais buscando entender os motivos dos desligamentos?','2020-06-05 22:20:54','2020-06-05 22:20:54',NULL),(260,13,54,'Faz a demissão somente depois de já ter dado feedbacks para que o colaborador não seja pego de surpresa?','2020-06-05 22:20:54','2020-06-05 22:20:54',NULL),(261,13,55,'Controla o apontamento da jornada de trabalho dos funcionários (horários de descanso, horas extras, faltas, adicional noturno etc.)?','2020-06-05 22:20:54','2020-06-05 22:20:54',NULL),(262,13,55,'Analisa a viabilidade da utilização do banco de horas como forma de reduzir o custo com o pagamento de horas extras?','2020-06-05 22:20:54','2020-06-05 22:20:54',NULL),(263,13,55,'Controla ocorrências de atestados, licenças, afastamentos, dentre outros?','2020-06-05 22:20:54','2020-06-05 22:20:54',NULL),(264,13,55,'Para calcular a folha de pagamento está atento a todas as variáveis que podem impactar no cálculo (salário família, afastamento pela\nprevidência, horas extras, adicional noturno, faltas, férias etc.)?','2020-06-05 22:20:54','2020-06-05 22:20:54',NULL),(265,13,55,'Para calcular o 13o salário dos funcionários leva em consideração todos os fatores como remuneração variável e tempo de serviço para\ngarantia que o cálculo está correto?','2020-06-05 22:20:54','2020-06-05 22:20:54',NULL),(266,13,55,'Para calcular as férias leva em consideração todos os fatores como remuneração variável e 1/3 constitucional?','2020-06-05 22:20:54','2020-06-05 22:20:54',NULL),(267,13,55,'Para calcular as rescisões assegura-se de que todas as verbas rescisórias estejam sendo consideradas (férias proporcionais, décimo terceiro,\naviso prévio, remuneração variável etc.)?','2020-06-05 22:20:54','2020-06-05 22:20:54',NULL),(268,13,55,'Possui a programação anual de férias devidamente normatizada?','2020-06-05 22:20:54','2020-06-05 22:20:54',NULL),(269,13,55,'Possui um procedimento estruturado para solicitações de reajuste de remuneração?','2020-06-05 22:20:54','2020-06-05 22:20:54',NULL),(270,13,55,'Possui um procedimento estruturado para solicitações de reajuste de remuneração?','2020-06-05 22:20:54','2020-06-05 22:20:54',NULL),(271,13,56,'Apura indicadores do processo de recrutamento e seleção como número de candidatos por vaga, tempo médio para fechamento do processo\nseletivo, turnover, qualidade da contratação etc.?','2020-06-05 22:20:54','2020-06-05 22:20:54',NULL),(272,13,56,'Analisa turnover e absenteísmo (geral e por áreas ou unidades de negócio)?','2020-06-05 22:20:54','2020-06-05 22:20:54',NULL),(273,13,56,'Analisa faturamento per capita?','2020-06-05 22:20:54','2020-06-05 22:20:54',NULL),(274,13,56,'Analisa ponto de equilíbrio dos funcionários?','2020-06-05 22:20:54','2020-06-05 22:20:54',NULL),(275,13,56,'Faz análise demográfica corporativa?','2020-06-05 22:20:54','2020-06-05 22:20:54',NULL),(276,13,56,'Realiza pesquisa de clima organizacional anual?','2020-06-05 22:20:54','2020-06-05 22:20:54',NULL),(277,14,59,'Compara os tributos pagos no regime adotado em sua empresa com os tributos que pagaria se adotasse outro regime disponível?','2020-06-05 22:20:54','2020-06-05 22:20:54',NULL),(278,14,59,'Confere as informações contidas no DRE, checando todas as receitas, despesas e impostos?','2020-06-05 22:20:54','2020-06-05 22:20:54',NULL),(279,14,59,'Confere o balancete confrontando os valores apontados com o financeiro (contas a pagar e receber, extratos bancários) mensalmente?','2020-06-05 22:20:54','2020-06-05 22:20:54',NULL),(280,14,59,'Confere o Balanço Patrimonial conciliando todas as contas do Ativo e Passivo?','2020-06-05 22:20:54','2020-06-05 22:20:54',NULL),(281,14,59,'Analisa os relatórios contábeis (Balancete, DRE, Balanço Patrimonial etc.) para tomada de decisões?','2020-06-05 22:20:54','2020-06-05 22:20:54',NULL),(282,14,59,'Acompanha frequentemente as alterações na legislação tributária?','2020-06-05 22:20:54','2020-06-05 22:20:54',NULL),(283,14,57,'Confere os tributos apontados pelos fornecedores nas operações de entrada (NFs) de produtos ou serviços recebidos?','2020-06-05 22:20:54','2020-06-05 22:20:54',NULL),(284,14,57,'Confere os tributos incidentes em cada produto ou serviço nas vendas?','2020-06-05 22:20:54','2020-06-05 22:20:54',NULL),(285,14,57,'Confere os tributos incidentes em cada produto ou serviço nas vendas?','2020-06-05 22:20:54','2020-06-05 22:20:54',NULL),(286,14,57,'Confere as apurações dos tributos feitas pelo contador (PIS/Cofins/ICMS/ISS/IR/CSSL) por meio de consulta a relatórios, amostragem, SPED\ne outros?','2020-06-05 22:20:54','2020-06-05 22:20:54',NULL),(287,14,57,'Controla o recolhimento dos tributos da empresa?','2020-06-05 22:20:54','2020-06-05 22:20:54',NULL),(288,14,57,'Arquiva os XML\'s das notas fiscais de produtos durante o período exigido pela legislação?','2020-06-05 22:20:54','2020-06-05 22:20:54',NULL),(289,14,57,'Confere os arquivos eletrônicos que são enviados ao Fisco periodicamente (Sintegra, Sped ou similar)?','2020-06-05 22:20:54','2020-06-05 22:20:54',NULL),(290,14,57,'Realiza o crédito de impostos (ICMS e PIS/Cofins) sobre compras de imobilizado?','2020-06-05 22:20:54','2020-06-05 22:20:54',NULL),(291,14,58,'Confere os tributos apontados pelos fornecedores nas operações de entrada (NFs) de produtos ou serviços recebidos?','2020-06-05 22:20:54','2020-06-05 22:20:54',NULL),(292,14,58,'Confere os tributos incidentes em cada produto ou serviço nas vendas?','2020-06-05 22:20:54','2020-06-05 22:20:54',NULL),(293,14,58,'Controla as retenções tributárias incidentes nas notas de compras de produtos e serviços?','2020-06-05 22:20:54','2020-06-05 22:20:54',NULL),(294,14,58,'Confere as apurações dos tributos feitas pelo contador (PIS/Cofins/ICMS/ISS/IR/CSSL) por meio de consulta a relatórios, amostragem, SPED\ne outros?','2020-06-05 22:20:54','2020-06-05 22:20:54',NULL),(295,14,58,'Controla o recolhimento dos tributos da empresa?','2020-06-05 22:20:54','2020-06-05 22:20:54',NULL),(296,14,58,'Arquiva os XML\'s das notas fiscais de produtos durante o período exigido pela legislação?','2020-06-05 22:20:54','2020-06-05 22:20:54',NULL),(297,14,58,'Confere os arquivos eletrônicos que são enviados ao Fisco periodicamente (Sintegra, Sped ou similar)?','2020-06-05 22:20:54','2020-06-05 22:20:54',NULL),(298,14,58,'Realiza o crédito de impostos (ICMS e PIS/Cofins) sobre compras de imobilizado?','2020-06-05 22:20:54','2020-06-05 22:20:54',NULL),(299,14,57,'Mantém o processo de contabilização, conciliação e fechamento contábil em dia?','2020-06-05 22:20:54','2020-06-05 22:20:54',NULL),(300,14,57,'Contabiliza as movimentações de compras, vendas, pagamentos, recebimentos e transações bancárias?','2020-06-05 22:20:54','2020-06-05 22:20:54',NULL),(301,14,57,'Contabiliza as movimentações de estoque, produção, empréstimos e financiamentos, movimentações patrimoniais, folha de pagamento,\nprovisão e pagamento de impostos e encargos?','2020-06-05 22:20:54','2020-06-05 22:20:54',NULL),(302,14,57,'Contabiliza as movimentações de estoque, produção, empréstimos e financiamentos, movimentações patrimoniais, folha de pagamento,\nprovisão e pagamento de impostos e encargos?','2020-06-05 22:20:54','2020-06-05 22:20:54',NULL),(303,14,57,'Faz a contabilização dos tributos apontados em cada nota a fim de conciliar a apuração fiscal no final do mês?','2020-06-05 22:20:54','2020-06-05 22:20:54',NULL),(304,14,57,'Monitora as certidões negativas de débito (CND) da empresa?','2020-06-05 22:20:54','2020-06-05 22:20:54',NULL),(305,15,63,'Tem todos os bens móveis e imóveis da empresa cadastrados com as devidas informações necessárias?','2020-06-05 22:20:54','2020-06-05 22:20:54',NULL),(306,15,63,'Todos os bens da empresa são devidamente identificados (plaquetas de metal, licenças etc.)?','2020-06-05 22:20:54','2020-06-05 22:20:54',NULL),(307,15,60,'Tem todos os bens móveis e imóveis da empresa cadastrados com as devidas informações necessárias?','2020-06-05 22:20:54','2020-06-05 22:20:54',NULL),(308,15,60,'Todos os bens da empresa são devidamente identificados (plaquetas de metal, licenças etc.)?','2020-06-05 22:20:54','2020-06-05 22:20:54',NULL),(309,15,60,'Classifica os bens por grupos: veículos, imóveis, direito autoral, licenciamento, semoventes etc.?','2020-06-05 22:20:54','2020-06-05 22:20:54',NULL),(310,15,61,'Controla a localização dos bens da empresa por usuário, centro de resultado, filial ou unidade?','2020-06-05 22:20:54','2020-06-05 22:20:54',NULL),(311,15,61,'Controla bens móveis em comodato, empréstimo ou locação, tanto de terceiros à empresa quanto da empresa a terceiros?','2020-06-05 22:20:54','2020-06-05 22:20:54',NULL),(312,15,61,'Registra as transferências dos bens entre diferentes usuários, centro de resultados, filiais ou unidades?','2020-06-05 22:20:54','2020-06-05 22:20:54',NULL),(313,15,61,'Arquiva todas as notas fiscais, escrituras ou outros documentos comprobatórios de posse dos bens da empresa?','2020-06-05 22:20:54','2020-06-05 22:20:54',NULL),(314,15,61,'Controla bens em andamento, financiados ou alienados?','2020-06-05 22:20:54','2020-06-05 22:20:54',NULL),(315,15,61,'Controla os vencimentos de todas as taxas inerentes aos bens da empresa (IPTU, IPVA, seguros etc.)?','2020-06-05 22:20:54','2020-06-05 22:20:54',NULL),(316,15,61,'Possui termos de responsabilidade devidamente assinados pelos usuários dos bens patrimoniais móveis da empresa (maquinários,\nautomóveis etc.)?','2020-06-05 22:20:54','2020-06-05 22:20:54',NULL),(317,15,62,'É realizado inventário físico periódico dos bens patrimoniais da empresa?','2020-06-05 22:20:54','2020-06-05 22:20:54',NULL),(318,15,62,'É realizada a valoração dos itens de acordo com a atualização monetária e valor de mercado?','2020-06-05 22:20:54','2020-06-05 22:20:54',NULL),(319,15,63,'Analisa o inventário dos bens (valor, quantidade etc.) para tomar decisões mais adequadas?','2020-06-05 22:20:54','2020-06-05 22:20:54',NULL),(320,15,63,'Planeja a aquisição ou reposição de bens por meio das análises de vida útil e depreciação?','2020-06-05 22:20:54','2020-06-05 22:20:54',NULL),(321,15,63,'Analisa a viabilidade da aquisição de bens x locações, financiamentos, consórcios etc.?','2020-06-05 22:20:54','2020-06-05 22:20:54',NULL),(322,15,63,'Analisa o desempenho do capital imobilizado x retorno?','2020-06-05 22:20:54','2020-06-05 22:20:54',NULL),(323,15,63,'Controla a manutenção preventiva dos bens para prolongar a vida útil?','2020-06-05 22:20:54','2020-06-05 22:20:54',NULL),(324,15,63,'Controla o saldo de aquisição de bens (valor financiado x valor pago)?','2020-06-05 22:20:54','2020-06-05 22:20:54',NULL);
/*!40000 ALTER TABLE `sbr_groups_sub_qn` ENABLE KEYS */;
UNLOCK TABLES;

--
-- Table structure for table `sbr_groups_sub_qn_answers`
--

DROP TABLE IF EXISTS `sbr_groups_sub_qn_answers`;
/*!40101 SET @saved_cs_client     = @@character_set_client */;
/*!50503 SET character_set_client = utf8mb4 */;
CREATE TABLE `sbr_groups_sub_qn_answers` (
  `id` int(10) unsigned NOT NULL AUTO_INCREMENT,
  `id_sbr_groups_sub_qn` int(10) unsigned NOT NULL,
  `id_sbr_qnr` int(10) unsigned NOT NULL,
  `id_sbr_groups_sub_qn_models_aux` int(11) NOT NULL,
  `created_at` timestamp NOT NULL DEFAULT CURRENT_TIMESTAMP,
  `updated_at` timestamp NOT NULL DEFAULT CURRENT_TIMESTAMP,
  `deleted_at` timestamp NULL DEFAULT NULL,
  PRIMARY KEY (`id`)
) ENGINE=InnoDB AUTO_INCREMENT=114 DEFAULT CHARSET=utf8mb4 COLLATE=utf8mb4_0900_ai_ci;
/*!40101 SET character_set_client = @saved_cs_client */;

--
-- Dumping data for table `sbr_groups_sub_qn_answers`
--

LOCK TABLES `sbr_groups_sub_qn_answers` WRITE;
/*!40000 ALTER TABLE `sbr_groups_sub_qn_answers` DISABLE KEYS */;
INSERT INTO `sbr_groups_sub_qn_answers` VALUES (1,1,4,10,'2020-06-05 22:32:32','2020-06-05 22:32:32',NULL),(2,2,4,13,'2020-06-05 22:32:34','2020-06-05 22:32:34',NULL),(3,3,4,32,'2020-06-05 22:32:49','2020-06-05 22:32:49',NULL),(4,4,4,43,'2020-06-05 22:32:51','2020-06-05 22:32:51',NULL),(5,5,4,54,'2020-06-05 22:32:54','2020-06-05 22:32:54',NULL),(6,6,4,65,'2020-06-05 22:33:01','2020-06-05 22:33:01',NULL),(7,7,4,76,'2020-06-05 22:33:08','2020-06-05 22:33:08',NULL),(8,8,4,85,'2020-06-05 22:33:10','2020-06-05 22:33:10',NULL),(9,15,4,164,'2020-06-05 22:33:19','2020-06-05 22:33:19',NULL),(10,16,4,176,'2020-06-05 22:33:20','2020-06-05 22:33:20',NULL),(11,17,4,187,'2020-06-05 22:33:22','2020-06-05 22:33:22',NULL),(12,12,4,132,'2020-06-05 22:33:27','2020-06-05 22:33:27',NULL),(13,13,4,141,'2020-06-05 22:33:29','2020-06-05 22:33:29',NULL),(14,14,4,154,'2020-06-05 22:33:35','2020-06-05 22:33:35',NULL),(15,9,4,90,'2020-06-05 22:33:40','2020-06-05 22:33:40',NULL),(16,10,4,101,'2020-06-05 22:33:44','2020-06-05 22:33:44',NULL),(17,11,4,117,'2020-06-05 22:33:49','2020-06-05 22:33:49',NULL),(18,103,4,1118,'2020-06-05 22:35:14','2020-06-05 22:35:14',NULL),(19,104,4,1132,'2020-06-05 22:35:18','2020-06-05 22:35:18',NULL),(20,105,4,1144,'2020-06-05 22:35:22','2020-06-05 22:35:22',NULL),(21,106,4,1155,'2020-06-05 22:35:23','2020-06-05 22:35:23',NULL),(22,107,4,1165,'2020-06-05 22:35:27','2020-06-05 22:35:27',NULL),(23,108,4,1177,'2020-06-05 22:35:29','2020-06-05 22:35:29',NULL),(24,109,4,1187,'2020-06-05 22:35:31','2020-06-05 22:35:31',NULL),(25,110,4,1198,'2020-06-05 22:35:37','2020-06-05 22:35:37',NULL),(26,111,4,1209,'2020-06-05 22:35:40','2020-06-05 22:35:40',NULL),(27,112,4,1212,'2020-06-05 22:35:45','2020-06-05 22:35:45',NULL),(28,113,4,1231,'2020-06-05 22:35:47','2020-06-05 22:35:47',NULL),(29,114,4,1243,'2020-06-05 22:35:52','2020-06-05 22:35:52',NULL),(30,115,4,1244,'2020-06-05 22:35:54','2020-06-05 22:35:54',NULL),(31,116,4,1264,'2020-06-05 22:35:59','2020-06-05 22:35:59',NULL),(32,117,4,1276,'2020-06-05 22:36:06','2020-06-05 22:36:06',NULL),(33,118,4,1287,'2020-06-05 22:36:08','2020-06-05 22:36:08',NULL),(34,119,4,1289,'2020-06-05 22:36:14','2020-06-05 22:36:14',NULL),(35,120,4,1300,'2020-06-05 22:36:16','2020-06-05 22:36:16',NULL),(36,121,4,1319,'2020-06-05 22:36:32','2020-06-05 22:36:32',NULL),(37,122,4,1330,'2020-06-05 22:36:36','2020-06-05 22:36:36',NULL),(38,123,4,1342,'2020-06-05 22:36:39','2020-06-05 22:36:39',NULL),(39,124,4,1353,'2020-06-05 22:36:43','2020-06-05 22:36:43',NULL),(40,125,4,1364,'2020-06-05 22:36:45','2020-06-05 22:36:45',NULL),(41,126,4,1375,'2020-06-05 22:36:49','2020-06-05 22:36:49',NULL),(42,127,4,1386,'2020-06-05 22:36:53','2020-06-05 22:36:53',NULL),(43,128,4,1397,'2020-06-05 22:36:56','2020-06-05 22:36:56',NULL),(44,163,4,1782,'2020-06-05 22:37:48','2020-06-05 22:37:48',NULL),(45,164,4,1792,'2020-06-05 22:37:51','2020-06-05 22:37:51',NULL),(46,165,4,1794,'2020-06-05 22:37:57','2020-06-05 22:37:57',NULL),(47,166,4,1805,'2020-06-05 22:37:59','2020-06-05 22:37:59',NULL),(48,167,4,1822,'2020-06-05 22:38:14','2020-06-05 22:38:14',NULL),(49,168,4,1827,'2020-06-05 22:38:16','2020-06-05 22:38:16',NULL),(50,169,4,1847,'2020-06-05 22:38:21','2020-06-05 22:38:21',NULL),(51,170,4,1856,'2020-06-05 22:38:25','2020-06-05 22:38:25',NULL),(52,171,4,1870,'2020-06-05 22:38:29','2020-06-05 22:38:29',NULL),(53,172,4,1880,'2020-06-05 22:38:34','2020-06-05 22:38:34',NULL),(54,173,4,1891,'2020-06-05 22:38:36','2020-06-05 22:38:36',NULL),(55,174,4,1899,'2020-06-05 22:38:42','2020-06-05 22:38:42',NULL),(56,175,4,1904,'2020-06-05 22:38:44','2020-06-05 22:38:44',NULL),(57,176,4,1925,'2020-06-05 22:38:50','2020-06-05 22:38:50',NULL),(58,177,4,1936,'2020-06-05 22:38:52','2020-06-05 22:38:52',NULL),(59,178,4,1947,'2020-06-05 22:38:57','2020-06-05 22:38:57',NULL),(60,179,4,1948,'2020-06-05 22:39:12','2020-06-05 22:39:12',NULL),(61,180,4,1959,'2020-06-05 22:39:14','2020-06-05 22:39:14',NULL),(62,181,4,1970,'2020-06-05 22:39:18','2020-06-05 22:39:18',NULL),(63,182,4,1990,'2020-06-05 22:39:20','2020-06-05 22:39:20',NULL),(64,183,4,2001,'2020-06-05 22:39:26','2020-06-05 22:39:26',NULL),(65,184,4,2010,'2020-06-05 22:39:30','2020-06-05 22:39:30',NULL),(66,185,4,2024,'2020-06-05 22:39:32','2020-06-05 22:39:32',NULL),(67,186,4,2035,'2020-06-05 22:39:48','2020-06-05 22:39:48',NULL),(68,187,4,2046,'2020-06-05 22:39:54','2020-06-05 22:39:54',NULL),(69,188,4,2057,'2020-06-05 22:39:57','2020-06-05 22:39:57',NULL),(70,189,4,2068,'2020-06-05 22:40:01','2020-06-05 22:40:01',NULL),(71,197,4,2155,'2020-06-05 22:40:07','2020-06-05 22:40:07',NULL),(72,198,4,2166,'2020-06-05 22:40:08','2020-06-05 22:40:08',NULL),(73,199,4,2169,'2020-06-05 22:40:14','2020-06-05 22:40:14',NULL),(74,200,4,2179,'2020-06-05 22:40:25','2020-06-05 22:40:25',NULL),(75,201,4,2191,'2020-06-05 22:40:30','2020-06-05 22:40:30',NULL),(76,202,4,2210,'2020-06-05 22:40:34','2020-06-05 22:40:34',NULL),(77,203,4,2212,'2020-06-05 22:40:38','2020-06-05 22:40:38',NULL),(78,204,4,2223,'2020-06-05 22:40:40','2020-06-05 22:40:40',NULL),(79,205,4,2234,'2020-06-05 22:41:11','2020-06-05 22:41:11',NULL),(80,206,4,2246,'2020-06-05 22:41:17','2020-06-05 22:41:17',NULL),(81,207,4,2256,'2020-06-05 22:41:34','2020-06-05 22:41:34',NULL),(82,208,4,2267,'2020-06-05 22:41:39','2020-06-05 22:41:39',NULL),(83,209,4,2278,'2020-06-05 22:41:46','2020-06-05 22:41:46',NULL),(84,210,4,2299,'2020-06-05 22:41:50','2020-06-05 22:41:50',NULL),(85,211,4,2310,'2020-06-05 22:41:51','2020-06-05 22:41:51',NULL),(86,212,4,2321,'2020-06-05 22:41:56','2020-06-05 22:41:56',NULL),(87,213,4,2332,'2020-06-05 22:41:57','2020-06-05 22:41:57',NULL),(88,214,4,2343,'2020-06-05 22:42:03','2020-06-05 22:42:03',NULL),(89,215,4,2354,'2020-06-05 22:42:07','2020-06-05 22:42:07',NULL),(90,216,4,2365,'2020-06-05 22:42:10','2020-06-05 22:42:10',NULL),(91,217,4,2376,'2020-06-05 22:42:16','2020-06-05 22:42:16',NULL),(92,218,4,2387,'2020-06-05 22:42:20','2020-06-05 22:42:20',NULL),(93,219,4,2398,'2020-06-05 22:42:26','2020-06-05 22:42:26',NULL),(94,220,4,2409,'2020-06-05 22:42:28','2020-06-05 22:42:28',NULL),(95,221,4,2411,'2020-06-05 22:42:38','2020-06-05 22:42:38',NULL),(96,222,4,2422,'2020-06-05 22:42:41','2020-06-05 22:42:41',NULL),(97,223,4,2433,'2020-06-05 22:42:47','2020-06-05 22:42:47',NULL),(98,224,4,2453,'2020-06-05 22:42:50','2020-06-05 22:42:50',NULL),(99,229,4,2508,'2020-06-05 22:42:55','2020-06-05 22:42:55',NULL),(100,230,4,2519,'2020-06-05 22:42:57','2020-06-05 22:42:57',NULL),(101,231,4,2530,'2020-06-05 22:43:01','2020-06-05 22:43:01',NULL),(102,232,4,2541,'2020-06-05 22:43:06','2020-06-05 22:43:06',NULL),(103,233,4,2552,'2020-06-05 22:43:08','2020-06-05 22:43:08',NULL),(104,234,4,2563,'2020-06-05 22:43:15','2020-06-05 22:43:15',NULL),(105,235,4,2574,'2020-06-05 22:43:18','2020-06-05 22:43:18',NULL),(106,236,4,2585,'2020-06-05 22:43:23','2020-06-05 22:43:23',NULL),(107,225,4,2464,'2020-06-05 22:43:28','2020-06-05 22:43:28',NULL),(108,226,4,2475,'2020-06-05 22:43:29','2020-06-05 22:43:29',NULL),(109,237,4,2596,'2020-06-05 22:43:53','2020-06-05 22:43:53',NULL),(110,238,4,2607,'2020-06-05 22:43:55','2020-06-05 22:43:55',NULL),(111,239,4,2618,'2020-06-05 22:44:06','2020-06-05 22:44:06',NULL),(112,240,4,2629,'2020-06-05 22:44:07','2020-06-05 22:44:07',NULL),(113,241,4,2640,'2020-06-05 22:44:10','2020-06-05 22:44:10',NULL);
/*!40000 ALTER TABLE `sbr_groups_sub_qn_answers` ENABLE KEYS */;
UNLOCK TABLES;

--
-- Table structure for table `sbr_groups_sub_qn_models`
--

DROP TABLE IF EXISTS `sbr_groups_sub_qn_models`;
/*!40101 SET @saved_cs_client     = @@character_set_client */;
/*!50503 SET character_set_client = utf8mb4 */;
CREATE TABLE `sbr_groups_sub_qn_models` (
  `id` int(10) unsigned NOT NULL AUTO_INCREMENT,
  `model` varchar(255) NOT NULL,
  `created_at` timestamp NOT NULL DEFAULT CURRENT_TIMESTAMP,
  `updated_at` timestamp NOT NULL DEFAULT CURRENT_TIMESTAMP,
  `deleted_at` timestamp NULL DEFAULT NULL,
  PRIMARY KEY (`id`),
  UNIQUE KEY `sbr_groups_sub_qn_models_model_unique` (`model`)
) ENGINE=InnoDB AUTO_INCREMENT=12 DEFAULT CHARSET=utf8mb4 COLLATE=utf8mb4_0900_ai_ci;
/*!40101 SET character_set_client = @saved_cs_client */;

--
-- Dumping data for table `sbr_groups_sub_qn_models`
--

LOCK TABLES `sbr_groups_sub_qn_models` WRITE;
/*!40000 ALTER TABLE `sbr_groups_sub_qn_models` DISABLE KEYS */;
INSERT INTO `sbr_groups_sub_qn_models` VALUES (1,'Sim, em sistema integrado','2020-06-01 13:47:36','2020-06-01 13:47:36',NULL),(2,'Sim, eletrônico manual','2020-06-01 13:47:36','2020-06-01 13:47:36',NULL),(3,'Sim, de forma eficaz','2020-06-01 13:47:36','2020-06-01 13:47:36',NULL),(4,'Sim, razoavelmente','2020-06-01 13:47:36','2020-06-01 13:47:36',NULL),(5,'Sim, independente','2020-06-01 13:47:36','2020-06-01 13:47:36',NULL),(6,'Sim, em papel','2020-06-01 13:47:36','2020-06-01 13:47:36',NULL),(7,'Sim, manual','2020-06-01 13:47:36','2020-06-01 13:47:36',NULL),(8,'Sim','2020-06-01 13:47:36','2020-06-01 13:47:36',NULL),(9,'Não','2020-06-01 13:47:36','2020-06-01 13:47:36',NULL),(10,'Não se aplica','2020-06-01 13:47:36','2020-06-01 13:47:36',NULL),(11,'Não, mas preciso','2020-06-01 13:47:36','2020-06-01 13:47:36',NULL);
/*!40000 ALTER TABLE `sbr_groups_sub_qn_models` ENABLE KEYS */;
UNLOCK TABLES;

--
-- Table structure for table `sbr_groups_sub_qn_models_aux`
--

DROP TABLE IF EXISTS `sbr_groups_sub_qn_models_aux`;
/*!40101 SET @saved_cs_client     = @@character_set_client */;
/*!50503 SET character_set_client = utf8mb4 */;
CREATE TABLE `sbr_groups_sub_qn_models_aux` (
  `id` int(10) unsigned NOT NULL AUTO_INCREMENT,
  `id_sbr_groups_sub_qn` int(11) NOT NULL,
  `id_sbr_groups_sub_qn_models` int(11) NOT NULL,
  `value` int(11) NOT NULL,
  `created_at` timestamp NOT NULL DEFAULT CURRENT_TIMESTAMP,
  `updated_at` timestamp NOT NULL DEFAULT CURRENT_TIMESTAMP,
  `deleted_at` timestamp NULL DEFAULT NULL,
  PRIMARY KEY (`id`)
) ENGINE=InnoDB AUTO_INCREMENT=3444 DEFAULT CHARSET=utf8mb4 COLLATE=utf8mb4_0900_ai_ci;
/*!40101 SET character_set_client = @saved_cs_client */;

--
-- Dumping data for table `sbr_groups_sub_qn_models_aux`
--

LOCK TABLES `sbr_groups_sub_qn_models_aux` WRITE;
/*!40000 ALTER TABLE `sbr_groups_sub_qn_models_aux` DISABLE KEYS */;
INSERT INTO `sbr_groups_sub_qn_models_aux` VALUES (1,1,1,10,'2020-06-05 22:48:17','2020-06-05 22:48:17',NULL),(2,1,2,9,'2020-06-05 22:48:17','2020-06-05 22:48:17',NULL),(3,1,3,8,'2020-06-05 22:48:17','2020-06-05 22:48:17',NULL),(4,1,4,7,'2020-06-05 22:48:17','2020-06-05 22:48:17',NULL),(5,1,5,6,'2020-06-05 22:48:17','2020-06-05 22:48:17',NULL),(6,1,6,5,'2020-06-05 22:48:17','2020-06-05 22:48:17',NULL),(7,1,7,4,'2020-06-05 22:48:17','2020-06-05 22:48:17',NULL),(8,1,8,3,'2020-06-05 22:48:17','2020-06-05 22:48:17',NULL),(9,1,9,2,'2020-06-05 22:48:17','2020-06-05 22:48:17',NULL),(10,1,10,1,'2020-06-05 22:48:17','2020-06-05 22:48:17',NULL),(11,1,11,0,'2020-06-05 22:48:17','2020-06-05 22:48:17',NULL),(12,2,1,10,'2020-06-05 22:48:17','2020-06-05 22:48:17',NULL),(13,2,2,9,'2020-06-05 22:48:17','2020-06-05 22:48:17',NULL),(14,2,3,8,'2020-06-05 22:48:17','2020-06-05 22:48:17',NULL),(15,2,4,7,'2020-06-05 22:48:17','2020-06-05 22:48:17',NULL),(16,2,5,6,'2020-06-05 22:48:17','2020-06-05 22:48:17',NULL),(17,2,6,5,'2020-06-05 22:48:17','2020-06-05 22:48:17',NULL),(18,2,7,4,'2020-06-05 22:48:17','2020-06-05 22:48:17',NULL),(19,2,8,3,'2020-06-05 22:48:17','2020-06-05 22:48:17',NULL),(20,2,9,2,'2020-06-05 22:48:17','2020-06-05 22:48:17',NULL),(21,2,10,1,'2020-06-05 22:48:17','2020-06-05 22:48:17',NULL),(22,2,11,0,'2020-06-05 22:48:17','2020-06-05 22:48:17',NULL),(23,3,1,10,'2020-06-05 22:48:17','2020-06-05 22:48:17',NULL),(24,3,2,9,'2020-06-05 22:48:17','2020-06-05 22:48:17',NULL),(25,3,3,8,'2020-06-05 22:48:17','2020-06-05 22:48:17',NULL),(26,3,4,7,'2020-06-05 22:48:17','2020-06-05 22:48:17',NULL),(27,3,5,6,'2020-06-05 22:48:17','2020-06-05 22:48:17',NULL),(28,3,6,5,'2020-06-05 22:48:17','2020-06-05 22:48:17',NULL),(29,3,7,4,'2020-06-05 22:48:17','2020-06-05 22:48:17',NULL),(30,3,8,3,'2020-06-05 22:48:17','2020-06-05 22:48:17',NULL),(31,3,9,2,'2020-06-05 22:48:17','2020-06-05 22:48:17',NULL),(32,3,10,1,'2020-06-05 22:48:17','2020-06-05 22:48:17',NULL),(33,3,11,0,'2020-06-05 22:48:17','2020-06-05 22:48:17',NULL),(34,4,1,10,'2020-06-05 22:48:17','2020-06-05 22:48:17',NULL),(35,4,2,9,'2020-06-05 22:48:17','2020-06-05 22:48:17',NULL),(36,4,3,8,'2020-06-05 22:48:17','2020-06-05 22:48:17',NULL),(37,4,4,7,'2020-06-05 22:48:17','2020-06-05 22:48:17',NULL),(38,4,5,6,'2020-06-05 22:48:17','2020-06-05 22:48:17',NULL),(39,4,6,5,'2020-06-05 22:48:17','2020-06-05 22:48:17',NULL),(40,4,7,4,'2020-06-05 22:48:17','2020-06-05 22:48:17',NULL),(41,4,8,3,'2020-06-05 22:48:17','2020-06-05 22:48:17',NULL),(42,4,9,2,'2020-06-05 22:48:17','2020-06-05 22:48:17',NULL),(43,4,10,1,'2020-06-05 22:48:17','2020-06-05 22:48:17',NULL),(44,4,11,0,'2020-06-05 22:48:17','2020-06-05 22:48:17',NULL),(45,5,1,10,'2020-06-05 22:48:17','2020-06-05 22:48:17',NULL),(46,5,2,9,'2020-06-05 22:48:17','2020-06-05 22:48:17',NULL),(47,5,3,8,'2020-06-05 22:48:17','2020-06-05 22:48:17',NULL),(48,5,4,7,'2020-06-05 22:48:17','2020-06-05 22:48:17',NULL),(49,5,5,6,'2020-06-05 22:48:17','2020-06-05 22:48:17',NULL),(50,5,6,5,'2020-06-05 22:48:17','2020-06-05 22:48:17',NULL),(51,5,7,4,'2020-06-05 22:48:17','2020-06-05 22:48:17',NULL),(52,5,8,3,'2020-06-05 22:48:17','2020-06-05 22:48:17',NULL),(53,5,9,2,'2020-06-05 22:48:17','2020-06-05 22:48:17',NULL),(54,5,10,1,'2020-06-05 22:48:17','2020-06-05 22:48:17',NULL),(55,5,11,0,'2020-06-05 22:48:17','2020-06-05 22:48:17',NULL),(56,6,1,10,'2020-06-05 22:48:17','2020-06-05 22:48:17',NULL),(57,6,2,9,'2020-06-05 22:48:17','2020-06-05 22:48:17',NULL),(58,6,3,8,'2020-06-05 22:48:17','2020-06-05 22:48:17',NULL),(59,6,4,7,'2020-06-05 22:48:17','2020-06-05 22:48:17',NULL),(60,6,5,6,'2020-06-05 22:48:17','2020-06-05 22:48:17',NULL),(61,6,6,5,'2020-06-05 22:48:17','2020-06-05 22:48:17',NULL),(62,6,7,4,'2020-06-05 22:48:17','2020-06-05 22:48:17',NULL),(63,6,8,3,'2020-06-05 22:48:17','2020-06-05 22:48:17',NULL),(64,6,9,2,'2020-06-05 22:48:17','2020-06-05 22:48:17',NULL),(65,6,10,1,'2020-06-05 22:48:17','2020-06-05 22:48:17',NULL),(66,6,11,0,'2020-06-05 22:48:17','2020-06-05 22:48:17',NULL),(67,7,1,10,'2020-06-05 22:48:17','2020-06-05 22:48:17',NULL),(68,7,2,9,'2020-06-05 22:48:17','2020-06-05 22:48:17',NULL),(69,7,3,8,'2020-06-05 22:48:17','2020-06-05 22:48:17',NULL),(70,7,4,7,'2020-06-05 22:48:17','2020-06-05 22:48:17',NULL),(71,7,5,6,'2020-06-05 22:48:17','2020-06-05 22:48:17',NULL),(72,7,6,5,'2020-06-05 22:48:17','2020-06-05 22:48:17',NULL),(73,7,7,4,'2020-06-05 22:48:17','2020-06-05 22:48:17',NULL),(74,7,8,3,'2020-06-05 22:48:17','2020-06-05 22:48:17',NULL),(75,7,9,2,'2020-06-05 22:48:17','2020-06-05 22:48:17',NULL),(76,7,10,1,'2020-06-05 22:48:17','2020-06-05 22:48:17',NULL),(77,7,11,0,'2020-06-05 22:48:17','2020-06-05 22:48:17',NULL),(78,8,1,10,'2020-06-05 22:48:17','2020-06-05 22:48:17',NULL),(79,8,2,9,'2020-06-05 22:48:17','2020-06-05 22:48:17',NULL),(80,8,3,8,'2020-06-05 22:48:17','2020-06-05 22:48:17',NULL),(81,8,4,7,'2020-06-05 22:48:17','2020-06-05 22:48:17',NULL),(82,8,5,6,'2020-06-05 22:48:17','2020-06-05 22:48:17',NULL),(83,8,6,5,'2020-06-05 22:48:17','2020-06-05 22:48:17',NULL),(84,8,7,4,'2020-06-05 22:48:17','2020-06-05 22:48:17',NULL),(85,8,8,3,'2020-06-05 22:48:17','2020-06-05 22:48:17',NULL),(86,8,9,2,'2020-06-05 22:48:17','2020-06-05 22:48:17',NULL),(87,8,10,1,'2020-06-05 22:48:17','2020-06-05 22:48:17',NULL),(88,8,11,0,'2020-06-05 22:48:17','2020-06-05 22:48:17',NULL),(89,9,1,10,'2020-06-05 22:48:17','2020-06-05 22:48:17',NULL),(90,9,2,9,'2020-06-05 22:48:17','2020-06-05 22:48:17',NULL),(91,9,3,8,'2020-06-05 22:48:17','2020-06-05 22:48:17',NULL),(92,9,4,7,'2020-06-05 22:48:17','2020-06-05 22:48:17',NULL),(93,9,5,6,'2020-06-05 22:48:17','2020-06-05 22:48:17',NULL),(94,9,6,5,'2020-06-05 22:48:17','2020-06-05 22:48:17',NULL),(95,9,7,4,'2020-06-05 22:48:17','2020-06-05 22:48:17',NULL),(96,9,8,3,'2020-06-05 22:48:17','2020-06-05 22:48:17',NULL),(97,9,9,2,'2020-06-05 22:48:17','2020-06-05 22:48:17',NULL),(98,9,10,1,'2020-06-05 22:48:17','2020-06-05 22:48:17',NULL),(99,9,11,0,'2020-06-05 22:48:17','2020-06-05 22:48:17',NULL),(100,10,1,10,'2020-06-05 22:48:17','2020-06-05 22:48:17',NULL),(101,10,2,9,'2020-06-05 22:48:17','2020-06-05 22:48:17',NULL),(102,10,3,8,'2020-06-05 22:48:17','2020-06-05 22:48:17',NULL),(103,10,4,7,'2020-06-05 22:48:17','2020-06-05 22:48:17',NULL),(104,10,5,6,'2020-06-05 22:48:17','2020-06-05 22:48:17',NULL),(105,10,6,5,'2020-06-05 22:48:17','2020-06-05 22:48:17',NULL),(106,10,7,4,'2020-06-05 22:48:17','2020-06-05 22:48:17',NULL),(107,10,8,3,'2020-06-05 22:48:17','2020-06-05 22:48:17',NULL),(108,10,9,2,'2020-06-05 22:48:17','2020-06-05 22:48:17',NULL),(109,10,10,1,'2020-06-05 22:48:17','2020-06-05 22:48:17',NULL),(110,10,11,0,'2020-06-05 22:48:17','2020-06-05 22:48:17',NULL),(111,11,1,10,'2020-06-05 22:48:17','2020-06-05 22:48:17',NULL),(112,11,2,9,'2020-06-05 22:48:17','2020-06-05 22:48:17',NULL),(113,11,3,8,'2020-06-05 22:48:17','2020-06-05 22:48:17',NULL),(114,11,4,7,'2020-06-05 22:48:17','2020-06-05 22:48:17',NULL),(115,11,5,6,'2020-06-05 22:48:17','2020-06-05 22:48:17',NULL),(116,11,6,5,'2020-06-05 22:48:17','2020-06-05 22:48:17',NULL),(117,11,7,4,'2020-06-05 22:48:17','2020-06-05 22:48:17',NULL),(118,11,8,3,'2020-06-05 22:48:17','2020-06-05 22:48:17',NULL),(119,11,9,2,'2020-06-05 22:48:17','2020-06-05 22:48:17',NULL),(120,11,10,1,'2020-06-05 22:48:17','2020-06-05 22:48:17',NULL),(121,11,11,0,'2020-06-05 22:48:17','2020-06-05 22:48:17',NULL),(122,12,1,10,'2020-06-05 22:48:17','2020-06-05 22:48:17',NULL),(123,12,2,9,'2020-06-05 22:48:17','2020-06-05 22:48:17',NULL),(124,12,3,8,'2020-06-05 22:48:17','2020-06-05 22:48:17',NULL),(125,12,4,7,'2020-06-05 22:48:17','2020-06-05 22:48:17',NULL),(126,12,5,6,'2020-06-05 22:48:17','2020-06-05 22:48:17',NULL),(127,12,6,5,'2020-06-05 22:48:17','2020-06-05 22:48:17',NULL),(128,12,7,4,'2020-06-05 22:48:17','2020-06-05 22:48:17',NULL),(129,12,8,3,'2020-06-05 22:48:17','2020-06-05 22:48:17',NULL),(130,12,9,2,'2020-06-05 22:48:17','2020-06-05 22:48:17',NULL),(131,12,10,1,'2020-06-05 22:48:17','2020-06-05 22:48:17',NULL),(132,12,11,0,'2020-06-05 22:48:17','2020-06-05 22:48:17',NULL),(133,13,1,10,'2020-06-05 22:48:17','2020-06-05 22:48:17',NULL),(134,13,2,9,'2020-06-05 22:48:17','2020-06-05 22:48:17',NULL),(135,13,3,8,'2020-06-05 22:48:17','2020-06-05 22:48:17',NULL),(136,13,4,7,'2020-06-05 22:48:17','2020-06-05 22:48:17',NULL),(137,13,5,6,'2020-06-05 22:48:17','2020-06-05 22:48:17',NULL),(138,13,6,5,'2020-06-05 22:48:17','2020-06-05 22:48:17',NULL),(139,13,7,4,'2020-06-05 22:48:17','2020-06-05 22:48:17',NULL),(140,13,8,3,'2020-06-05 22:48:17','2020-06-05 22:48:17',NULL),(141,13,9,2,'2020-06-05 22:48:17','2020-06-05 22:48:17',NULL),(142,13,10,1,'2020-06-05 22:48:17','2020-06-05 22:48:17',NULL),(143,13,11,0,'2020-06-05 22:48:17','2020-06-05 22:48:17',NULL),(144,14,1,10,'2020-06-05 22:48:17','2020-06-05 22:48:17',NULL),(145,14,2,9,'2020-06-05 22:48:17','2020-06-05 22:48:17',NULL),(146,14,3,8,'2020-06-05 22:48:17','2020-06-05 22:48:17',NULL),(147,14,4,7,'2020-06-05 22:48:17','2020-06-05 22:48:17',NULL),(148,14,5,6,'2020-06-05 22:48:17','2020-06-05 22:48:17',NULL),(149,14,6,5,'2020-06-05 22:48:17','2020-06-05 22:48:17',NULL),(150,14,7,4,'2020-06-05 22:48:17','2020-06-05 22:48:17',NULL),(151,14,8,3,'2020-06-05 22:48:17','2020-06-05 22:48:17',NULL),(152,14,9,2,'2020-06-05 22:48:17','2020-06-05 22:48:17',NULL),(153,14,10,1,'2020-06-05 22:48:17','2020-06-05 22:48:17',NULL),(154,14,11,0,'2020-06-05 22:48:17','2020-06-05 22:48:17',NULL),(155,15,1,10,'2020-06-05 22:48:17','2020-06-05 22:48:17',NULL),(156,15,2,9,'2020-06-05 22:48:17','2020-06-05 22:48:17',NULL),(157,15,3,8,'2020-06-05 22:48:17','2020-06-05 22:48:17',NULL),(158,15,4,7,'2020-06-05 22:48:17','2020-06-05 22:48:17',NULL),(159,15,5,6,'2020-06-05 22:48:17','2020-06-05 22:48:17',NULL),(160,15,6,5,'2020-06-05 22:48:17','2020-06-05 22:48:17',NULL),(161,15,7,4,'2020-06-05 22:48:17','2020-06-05 22:48:17',NULL),(162,15,8,3,'2020-06-05 22:48:17','2020-06-05 22:48:17',NULL),(163,15,9,2,'2020-06-05 22:48:17','2020-06-05 22:48:17',NULL),(164,15,10,1,'2020-06-05 22:48:17','2020-06-05 22:48:17',NULL),(165,15,11,0,'2020-06-05 22:48:17','2020-06-05 22:48:17',NULL),(166,16,1,10,'2020-06-05 22:48:17','2020-06-05 22:48:17',NULL),(167,16,2,9,'2020-06-05 22:48:17','2020-06-05 22:48:17',NULL),(168,16,3,8,'2020-06-05 22:48:17','2020-06-05 22:48:17',NULL),(169,16,4,7,'2020-06-05 22:48:17','2020-06-05 22:48:17',NULL),(170,16,5,6,'2020-06-05 22:48:17','2020-06-05 22:48:17',NULL),(171,16,6,5,'2020-06-05 22:48:17','2020-06-05 22:48:17',NULL),(172,16,7,4,'2020-06-05 22:48:17','2020-06-05 22:48:17',NULL),(173,16,8,3,'2020-06-05 22:48:17','2020-06-05 22:48:17',NULL),(174,16,9,2,'2020-06-05 22:48:17','2020-06-05 22:48:17',NULL),(175,16,10,1,'2020-06-05 22:48:17','2020-06-05 22:48:17',NULL),(176,16,11,0,'2020-06-05 22:48:17','2020-06-05 22:48:17',NULL),(177,17,1,10,'2020-06-05 22:48:17','2020-06-05 22:48:17',NULL),(178,17,2,9,'2020-06-05 22:48:17','2020-06-05 22:48:17',NULL),(179,17,3,8,'2020-06-05 22:48:17','2020-06-05 22:48:17',NULL),(180,17,4,7,'2020-06-05 22:48:17','2020-06-05 22:48:17',NULL),(181,17,5,6,'2020-06-05 22:48:17','2020-06-05 22:48:17',NULL),(182,17,6,5,'2020-06-05 22:48:17','2020-06-05 22:48:17',NULL),(183,17,7,4,'2020-06-05 22:48:17','2020-06-05 22:48:17',NULL),(184,17,8,3,'2020-06-05 22:48:17','2020-06-05 22:48:17',NULL),(185,17,9,2,'2020-06-05 22:48:17','2020-06-05 22:48:17',NULL),(186,17,10,1,'2020-06-05 22:48:17','2020-06-05 22:48:17',NULL),(187,17,11,0,'2020-06-05 22:48:17','2020-06-05 22:48:17',NULL),(188,18,1,10,'2020-06-05 22:48:17','2020-06-05 22:48:17',NULL),(189,18,2,9,'2020-06-05 22:48:17','2020-06-05 22:48:17',NULL),(190,18,3,8,'2020-06-05 22:48:17','2020-06-05 22:48:17',NULL),(191,18,4,7,'2020-06-05 22:48:17','2020-06-05 22:48:17',NULL),(192,18,5,6,'2020-06-05 22:48:17','2020-06-05 22:48:17',NULL),(193,18,6,5,'2020-06-05 22:48:17','2020-06-05 22:48:17',NULL),(194,18,7,4,'2020-06-05 22:48:17','2020-06-05 22:48:17',NULL),(195,18,8,3,'2020-06-05 22:48:17','2020-06-05 22:48:17',NULL),(196,18,9,2,'2020-06-05 22:48:17','2020-06-05 22:48:17',NULL),(197,18,10,1,'2020-06-05 22:48:17','2020-06-05 22:48:17',NULL),(198,18,11,0,'2020-06-05 22:48:17','2020-06-05 22:48:17',NULL),(199,19,1,10,'2020-06-05 22:48:17','2020-06-05 22:48:17',NULL),(200,19,2,9,'2020-06-05 22:48:17','2020-06-05 22:48:17',NULL),(201,19,3,8,'2020-06-05 22:48:17','2020-06-05 22:48:17',NULL),(202,19,4,7,'2020-06-05 22:48:17','2020-06-05 22:48:17',NULL),(203,19,5,6,'2020-06-05 22:48:17','2020-06-05 22:48:17',NULL),(204,19,6,5,'2020-06-05 22:48:17','2020-06-05 22:48:17',NULL),(205,19,7,4,'2020-06-05 22:48:17','2020-06-05 22:48:17',NULL),(206,19,8,3,'2020-06-05 22:48:17','2020-06-05 22:48:17',NULL),(207,19,9,2,'2020-06-05 22:48:17','2020-06-05 22:48:17',NULL),(208,19,10,1,'2020-06-05 22:48:17','2020-06-05 22:48:17',NULL),(209,19,11,0,'2020-06-05 22:48:17','2020-06-05 22:48:17',NULL),(210,20,1,10,'2020-06-05 22:48:17','2020-06-05 22:48:17',NULL),(211,20,2,9,'2020-06-05 22:48:17','2020-06-05 22:48:17',NULL),(212,20,3,8,'2020-06-05 22:48:17','2020-06-05 22:48:17',NULL),(213,20,4,7,'2020-06-05 22:48:17','2020-06-05 22:48:17',NULL),(214,20,5,6,'2020-06-05 22:48:17','2020-06-05 22:48:17',NULL),(215,20,6,5,'2020-06-05 22:48:17','2020-06-05 22:48:17',NULL),(216,20,7,4,'2020-06-05 22:48:17','2020-06-05 22:48:17',NULL),(217,20,8,3,'2020-06-05 22:48:17','2020-06-05 22:48:17',NULL),(218,20,9,2,'2020-06-05 22:48:17','2020-06-05 22:48:17',NULL),(219,20,10,1,'2020-06-05 22:48:17','2020-06-05 22:48:17',NULL),(220,20,11,0,'2020-06-05 22:48:17','2020-06-05 22:48:17',NULL),(221,21,1,10,'2020-06-05 22:48:17','2020-06-05 22:48:17',NULL),(222,21,2,9,'2020-06-05 22:48:17','2020-06-05 22:48:17',NULL),(223,21,3,8,'2020-06-05 22:48:17','2020-06-05 22:48:17',NULL),(224,21,4,7,'2020-06-05 22:48:17','2020-06-05 22:48:17',NULL),(225,21,5,6,'2020-06-05 22:48:17','2020-06-05 22:48:17',NULL),(226,21,6,5,'2020-06-05 22:48:17','2020-06-05 22:48:17',NULL),(227,21,7,4,'2020-06-05 22:48:17','2020-06-05 22:48:17',NULL),(228,21,8,3,'2020-06-05 22:48:17','2020-06-05 22:48:17',NULL),(229,21,9,2,'2020-06-05 22:48:17','2020-06-05 22:48:17',NULL),(230,21,10,1,'2020-06-05 22:48:17','2020-06-05 22:48:17',NULL),(231,21,11,0,'2020-06-05 22:48:17','2020-06-05 22:48:17',NULL),(232,22,1,10,'2020-06-05 22:48:17','2020-06-05 22:48:17',NULL),(233,22,2,9,'2020-06-05 22:48:17','2020-06-05 22:48:17',NULL),(234,22,3,8,'2020-06-05 22:48:17','2020-06-05 22:48:17',NULL),(235,22,4,7,'2020-06-05 22:48:17','2020-06-05 22:48:17',NULL),(236,22,5,6,'2020-06-05 22:48:17','2020-06-05 22:48:17',NULL),(237,22,6,5,'2020-06-05 22:48:17','2020-06-05 22:48:17',NULL),(238,22,7,4,'2020-06-05 22:48:17','2020-06-05 22:48:17',NULL),(239,22,8,3,'2020-06-05 22:48:17','2020-06-05 22:48:17',NULL),(240,22,9,2,'2020-06-05 22:48:17','2020-06-05 22:48:17',NULL),(241,22,10,1,'2020-06-05 22:48:17','2020-06-05 22:48:17',NULL),(242,22,11,0,'2020-06-05 22:48:17','2020-06-05 22:48:17',NULL),(243,23,1,10,'2020-06-05 22:48:17','2020-06-05 22:48:17',NULL),(244,23,2,9,'2020-06-05 22:48:17','2020-06-05 22:48:17',NULL),(245,23,3,8,'2020-06-05 22:48:17','2020-06-05 22:48:17',NULL),(246,23,4,7,'2020-06-05 22:48:17','2020-06-05 22:48:17',NULL),(247,23,5,6,'2020-06-05 22:48:17','2020-06-05 22:48:17',NULL),(248,23,6,5,'2020-06-05 22:48:17','2020-06-05 22:48:17',NULL),(249,23,7,4,'2020-06-05 22:48:17','2020-06-05 22:48:17',NULL),(250,23,8,3,'2020-06-05 22:48:17','2020-06-05 22:48:17',NULL),(251,23,9,2,'2020-06-05 22:48:17','2020-06-05 22:48:17',NULL),(252,23,10,1,'2020-06-05 22:48:17','2020-06-05 22:48:17',NULL),(253,23,11,0,'2020-06-05 22:48:17','2020-06-05 22:48:17',NULL),(254,24,1,10,'2020-06-05 22:48:17','2020-06-05 22:48:17',NULL),(255,24,2,9,'2020-06-05 22:48:17','2020-06-05 22:48:17',NULL),(256,24,3,8,'2020-06-05 22:48:17','2020-06-05 22:48:17',NULL),(257,24,4,7,'2020-06-05 22:48:17','2020-06-05 22:48:17',NULL),(258,24,5,6,'2020-06-05 22:48:17','2020-06-05 22:48:17',NULL),(259,24,6,5,'2020-06-05 22:48:17','2020-06-05 22:48:17',NULL),(260,24,7,4,'2020-06-05 22:48:17','2020-06-05 22:48:17',NULL),(261,24,8,3,'2020-06-05 22:48:17','2020-06-05 22:48:17',NULL),(262,24,9,2,'2020-06-05 22:48:17','2020-06-05 22:48:17',NULL),(263,24,10,1,'2020-06-05 22:48:17','2020-06-05 22:48:17',NULL),(264,24,11,0,'2020-06-05 22:48:17','2020-06-05 22:48:17',NULL),(265,25,1,10,'2020-06-05 22:48:17','2020-06-05 22:48:17',NULL),(266,25,2,9,'2020-06-05 22:48:17','2020-06-05 22:48:17',NULL),(267,25,3,8,'2020-06-05 22:48:17','2020-06-05 22:48:17',NULL),(268,25,4,7,'2020-06-05 22:48:17','2020-06-05 22:48:17',NULL),(269,25,5,6,'2020-06-05 22:48:17','2020-06-05 22:48:17',NULL),(270,25,6,5,'2020-06-05 22:48:17','2020-06-05 22:48:17',NULL),(271,25,7,4,'2020-06-05 22:48:17','2020-06-05 22:48:17',NULL),(272,25,8,3,'2020-06-05 22:48:17','2020-06-05 22:48:17',NULL),(273,25,9,2,'2020-06-05 22:48:17','2020-06-05 22:48:17',NULL),(274,25,10,1,'2020-06-05 22:48:17','2020-06-05 22:48:17',NULL),(275,25,11,0,'2020-06-05 22:48:17','2020-06-05 22:48:17',NULL),(276,26,1,10,'2020-06-05 22:48:17','2020-06-05 22:48:17',NULL),(277,26,2,9,'2020-06-05 22:48:17','2020-06-05 22:48:17',NULL),(278,26,3,8,'2020-06-05 22:48:17','2020-06-05 22:48:17',NULL),(279,26,4,7,'2020-06-05 22:48:17','2020-06-05 22:48:17',NULL),(280,26,5,6,'2020-06-05 22:48:17','2020-06-05 22:48:17',NULL),(281,26,6,5,'2020-06-05 22:48:17','2020-06-05 22:48:17',NULL),(282,26,7,4,'2020-06-05 22:48:17','2020-06-05 22:48:17',NULL),(283,26,8,3,'2020-06-05 22:48:17','2020-06-05 22:48:17',NULL),(284,26,9,2,'2020-06-05 22:48:17','2020-06-05 22:48:17',NULL),(285,26,10,1,'2020-06-05 22:48:17','2020-06-05 22:48:17',NULL),(286,26,11,0,'2020-06-05 22:48:17','2020-06-05 22:48:17',NULL),(287,27,1,10,'2020-06-05 22:48:17','2020-06-05 22:48:17',NULL),(288,27,2,9,'2020-06-05 22:48:17','2020-06-05 22:48:17',NULL),(289,27,3,8,'2020-06-05 22:48:17','2020-06-05 22:48:17',NULL),(290,27,4,7,'2020-06-05 22:48:17','2020-06-05 22:48:17',NULL),(291,27,5,6,'2020-06-05 22:48:17','2020-06-05 22:48:17',NULL),(292,27,6,5,'2020-06-05 22:48:17','2020-06-05 22:48:17',NULL),(293,27,7,4,'2020-06-05 22:48:17','2020-06-05 22:48:17',NULL),(294,27,8,3,'2020-06-05 22:48:17','2020-06-05 22:48:17',NULL),(295,27,9,2,'2020-06-05 22:48:17','2020-06-05 22:48:17',NULL),(296,27,10,1,'2020-06-05 22:48:17','2020-06-05 22:48:17',NULL),(297,27,11,0,'2020-06-05 22:48:17','2020-06-05 22:48:17',NULL),(298,28,1,10,'2020-06-05 22:48:17','2020-06-05 22:48:17',NULL),(299,28,2,9,'2020-06-05 22:48:17','2020-06-05 22:48:17',NULL),(300,28,3,8,'2020-06-05 22:48:17','2020-06-05 22:48:17',NULL),(301,28,4,7,'2020-06-05 22:48:17','2020-06-05 22:48:17',NULL),(302,28,5,6,'2020-06-05 22:48:17','2020-06-05 22:48:17',NULL),(303,28,6,5,'2020-06-05 22:48:17','2020-06-05 22:48:17',NULL),(304,28,7,4,'2020-06-05 22:48:17','2020-06-05 22:48:17',NULL),(305,28,8,3,'2020-06-05 22:48:17','2020-06-05 22:48:17',NULL),(306,28,9,2,'2020-06-05 22:48:17','2020-06-05 22:48:17',NULL),(307,28,10,1,'2020-06-05 22:48:17','2020-06-05 22:48:17',NULL),(308,28,11,0,'2020-06-05 22:48:17','2020-06-05 22:48:17',NULL),(309,29,1,10,'2020-06-05 22:48:17','2020-06-05 22:48:17',NULL),(310,29,2,9,'2020-06-05 22:48:17','2020-06-05 22:48:17',NULL),(311,29,3,8,'2020-06-05 22:48:17','2020-06-05 22:48:17',NULL),(312,29,4,7,'2020-06-05 22:48:17','2020-06-05 22:48:17',NULL),(313,29,5,6,'2020-06-05 22:48:17','2020-06-05 22:48:17',NULL),(314,29,6,5,'2020-06-05 22:48:17','2020-06-05 22:48:17',NULL),(315,29,7,4,'2020-06-05 22:48:17','2020-06-05 22:48:17',NULL),(316,29,8,3,'2020-06-05 22:48:17','2020-06-05 22:48:17',NULL),(317,29,9,2,'2020-06-05 22:48:17','2020-06-05 22:48:17',NULL),(318,29,10,1,'2020-06-05 22:48:17','2020-06-05 22:48:17',NULL),(319,29,11,0,'2020-06-05 22:48:17','2020-06-05 22:48:17',NULL),(320,30,1,10,'2020-06-05 22:48:17','2020-06-05 22:48:17',NULL),(321,30,2,9,'2020-06-05 22:48:17','2020-06-05 22:48:17',NULL),(322,30,3,8,'2020-06-05 22:48:17','2020-06-05 22:48:17',NULL),(323,30,4,7,'2020-06-05 22:48:17','2020-06-05 22:48:17',NULL),(324,30,5,6,'2020-06-05 22:48:17','2020-06-05 22:48:17',NULL),(325,30,6,5,'2020-06-05 22:48:17','2020-06-05 22:48:17',NULL),(326,30,7,4,'2020-06-05 22:48:17','2020-06-05 22:48:17',NULL),(327,30,8,3,'2020-06-05 22:48:17','2020-06-05 22:48:17',NULL),(328,30,9,2,'2020-06-05 22:48:17','2020-06-05 22:48:17',NULL),(329,30,10,1,'2020-06-05 22:48:17','2020-06-05 22:48:17',NULL),(330,30,11,0,'2020-06-05 22:48:17','2020-06-05 22:48:17',NULL),(331,31,1,10,'2020-06-05 22:48:17','2020-06-05 22:48:17',NULL),(332,31,2,9,'2020-06-05 22:48:17','2020-06-05 22:48:17',NULL),(333,31,3,8,'2020-06-05 22:48:17','2020-06-05 22:48:17',NULL),(334,31,4,7,'2020-06-05 22:48:17','2020-06-05 22:48:17',NULL),(335,31,5,6,'2020-06-05 22:48:17','2020-06-05 22:48:17',NULL),(336,31,6,5,'2020-06-05 22:48:17','2020-06-05 22:48:17',NULL),(337,31,7,4,'2020-06-05 22:48:17','2020-06-05 22:48:17',NULL),(338,31,8,3,'2020-06-05 22:48:17','2020-06-05 22:48:17',NULL),(339,31,9,2,'2020-06-05 22:48:17','2020-06-05 22:48:17',NULL),(340,31,10,1,'2020-06-05 22:48:17','2020-06-05 22:48:17',NULL),(341,31,11,0,'2020-06-05 22:48:17','2020-06-05 22:48:17',NULL),(342,32,1,10,'2020-06-05 22:48:17','2020-06-05 22:48:17',NULL),(343,32,2,9,'2020-06-05 22:48:17','2020-06-05 22:48:17',NULL),(344,32,3,8,'2020-06-05 22:48:17','2020-06-05 22:48:17',NULL),(345,32,4,7,'2020-06-05 22:48:17','2020-06-05 22:48:17',NULL),(346,32,5,6,'2020-06-05 22:48:17','2020-06-05 22:48:17',NULL),(347,32,6,5,'2020-06-05 22:48:17','2020-06-05 22:48:17',NULL),(348,32,7,4,'2020-06-05 22:48:17','2020-06-05 22:48:17',NULL),(349,32,8,3,'2020-06-05 22:48:17','2020-06-05 22:48:17',NULL),(350,32,9,2,'2020-06-05 22:48:17','2020-06-05 22:48:17',NULL),(351,32,10,1,'2020-06-05 22:48:17','2020-06-05 22:48:17',NULL),(352,32,11,0,'2020-06-05 22:48:17','2020-06-05 22:48:17',NULL),(353,33,1,10,'2020-06-05 22:48:17','2020-06-05 22:48:17',NULL),(354,33,2,9,'2020-06-05 22:48:17','2020-06-05 22:48:17',NULL),(355,33,3,8,'2020-06-05 22:48:17','2020-06-05 22:48:17',NULL),(356,33,4,7,'2020-06-05 22:48:17','2020-06-05 22:48:17',NULL),(357,33,5,6,'2020-06-05 22:48:17','2020-06-05 22:48:17',NULL),(358,33,6,5,'2020-06-05 22:48:17','2020-06-05 22:48:17',NULL),(359,33,7,4,'2020-06-05 22:48:17','2020-06-05 22:48:17',NULL),(360,33,8,3,'2020-06-05 22:48:17','2020-06-05 22:48:17',NULL),(361,33,9,2,'2020-06-05 22:48:17','2020-06-05 22:48:17',NULL),(362,33,10,1,'2020-06-05 22:48:17','2020-06-05 22:48:17',NULL),(363,33,11,0,'2020-06-05 22:48:17','2020-06-05 22:48:17',NULL),(364,34,1,10,'2020-06-05 22:48:17','2020-06-05 22:48:17',NULL),(365,34,2,9,'2020-06-05 22:48:17','2020-06-05 22:48:17',NULL),(366,34,3,8,'2020-06-05 22:48:17','2020-06-05 22:48:17',NULL),(367,34,4,7,'2020-06-05 22:48:17','2020-06-05 22:48:17',NULL),(368,34,5,6,'2020-06-05 22:48:17','2020-06-05 22:48:17',NULL),(369,34,6,5,'2020-06-05 22:48:17','2020-06-05 22:48:17',NULL),(370,34,7,4,'2020-06-05 22:48:17','2020-06-05 22:48:17',NULL),(371,34,8,3,'2020-06-05 22:48:17','2020-06-05 22:48:17',NULL),(372,34,9,2,'2020-06-05 22:48:17','2020-06-05 22:48:17',NULL),(373,34,10,1,'2020-06-05 22:48:17','2020-06-05 22:48:17',NULL),(374,34,11,0,'2020-06-05 22:48:17','2020-06-05 22:48:17',NULL),(375,35,1,10,'2020-06-05 22:48:17','2020-06-05 22:48:17',NULL),(376,35,2,9,'2020-06-05 22:48:17','2020-06-05 22:48:17',NULL),(377,35,3,8,'2020-06-05 22:48:17','2020-06-05 22:48:17',NULL),(378,35,4,7,'2020-06-05 22:48:17','2020-06-05 22:48:17',NULL),(379,35,5,6,'2020-06-05 22:48:17','2020-06-05 22:48:17',NULL),(380,35,6,5,'2020-06-05 22:48:17','2020-06-05 22:48:17',NULL),(381,35,7,4,'2020-06-05 22:48:17','2020-06-05 22:48:17',NULL),(382,35,8,3,'2020-06-05 22:48:17','2020-06-05 22:48:17',NULL),(383,35,9,2,'2020-06-05 22:48:17','2020-06-05 22:48:17',NULL),(384,35,10,1,'2020-06-05 22:48:17','2020-06-05 22:48:17',NULL),(385,35,11,0,'2020-06-05 22:48:17','2020-06-05 22:48:17',NULL),(386,36,1,10,'2020-06-05 22:48:17','2020-06-05 22:48:17',NULL),(387,36,2,9,'2020-06-05 22:48:17','2020-06-05 22:48:17',NULL),(388,36,3,8,'2020-06-05 22:48:17','2020-06-05 22:48:17',NULL),(389,36,4,7,'2020-06-05 22:48:17','2020-06-05 22:48:17',NULL),(390,36,5,6,'2020-06-05 22:48:17','2020-06-05 22:48:17',NULL),(391,36,6,5,'2020-06-05 22:48:17','2020-06-05 22:48:17',NULL),(392,36,7,4,'2020-06-05 22:48:17','2020-06-05 22:48:17',NULL),(393,36,8,3,'2020-06-05 22:48:17','2020-06-05 22:48:17',NULL),(394,36,9,2,'2020-06-05 22:48:17','2020-06-05 22:48:17',NULL),(395,36,10,1,'2020-06-05 22:48:17','2020-06-05 22:48:17',NULL),(396,36,11,0,'2020-06-05 22:48:17','2020-06-05 22:48:17',NULL),(397,37,1,10,'2020-06-05 22:48:17','2020-06-05 22:48:17',NULL),(398,37,2,9,'2020-06-05 22:48:17','2020-06-05 22:48:17',NULL),(399,37,3,8,'2020-06-05 22:48:17','2020-06-05 22:48:17',NULL),(400,37,4,7,'2020-06-05 22:48:17','2020-06-05 22:48:17',NULL),(401,37,5,6,'2020-06-05 22:48:17','2020-06-05 22:48:17',NULL),(402,37,6,5,'2020-06-05 22:48:17','2020-06-05 22:48:17',NULL),(403,37,7,4,'2020-06-05 22:48:17','2020-06-05 22:48:17',NULL),(404,37,8,3,'2020-06-05 22:48:17','2020-06-05 22:48:17',NULL),(405,37,9,2,'2020-06-05 22:48:17','2020-06-05 22:48:17',NULL),(406,37,10,1,'2020-06-05 22:48:17','2020-06-05 22:48:17',NULL),(407,37,11,0,'2020-06-05 22:48:17','2020-06-05 22:48:17',NULL),(408,38,1,10,'2020-06-05 22:48:17','2020-06-05 22:48:17',NULL),(409,38,2,9,'2020-06-05 22:48:17','2020-06-05 22:48:17',NULL),(410,38,3,8,'2020-06-05 22:48:17','2020-06-05 22:48:17',NULL),(411,38,4,7,'2020-06-05 22:48:17','2020-06-05 22:48:17',NULL),(412,38,5,6,'2020-06-05 22:48:17','2020-06-05 22:48:17',NULL),(413,38,6,5,'2020-06-05 22:48:17','2020-06-05 22:48:17',NULL),(414,38,7,4,'2020-06-05 22:48:17','2020-06-05 22:48:17',NULL),(415,38,8,3,'2020-06-05 22:48:17','2020-06-05 22:48:17',NULL),(416,38,9,2,'2020-06-05 22:48:17','2020-06-05 22:48:17',NULL),(417,38,10,1,'2020-06-05 22:48:17','2020-06-05 22:48:17',NULL),(418,38,11,0,'2020-06-05 22:48:17','2020-06-05 22:48:17',NULL),(419,39,1,10,'2020-06-05 22:48:17','2020-06-05 22:48:17',NULL),(420,39,2,9,'2020-06-05 22:48:17','2020-06-05 22:48:17',NULL),(421,39,3,8,'2020-06-05 22:48:17','2020-06-05 22:48:17',NULL),(422,39,4,7,'2020-06-05 22:48:17','2020-06-05 22:48:17',NULL),(423,39,5,6,'2020-06-05 22:48:17','2020-06-05 22:48:17',NULL),(424,39,6,5,'2020-06-05 22:48:17','2020-06-05 22:48:17',NULL),(425,39,7,4,'2020-06-05 22:48:17','2020-06-05 22:48:17',NULL),(426,39,8,3,'2020-06-05 22:48:17','2020-06-05 22:48:17',NULL),(427,39,9,2,'2020-06-05 22:48:17','2020-06-05 22:48:17',NULL),(428,39,10,1,'2020-06-05 22:48:17','2020-06-05 22:48:17',NULL),(429,39,11,0,'2020-06-05 22:48:17','2020-06-05 22:48:17',NULL),(430,40,1,10,'2020-06-05 22:48:17','2020-06-05 22:48:17',NULL),(431,40,2,9,'2020-06-05 22:48:17','2020-06-05 22:48:17',NULL),(432,40,3,8,'2020-06-05 22:48:17','2020-06-05 22:48:17',NULL),(433,40,4,7,'2020-06-05 22:48:17','2020-06-05 22:48:17',NULL),(434,40,5,6,'2020-06-05 22:48:17','2020-06-05 22:48:17',NULL),(435,40,6,5,'2020-06-05 22:48:17','2020-06-05 22:48:17',NULL),(436,40,7,4,'2020-06-05 22:48:17','2020-06-05 22:48:17',NULL),(437,40,8,3,'2020-06-05 22:48:17','2020-06-05 22:48:17',NULL),(438,40,9,2,'2020-06-05 22:48:17','2020-06-05 22:48:17',NULL),(439,40,10,1,'2020-06-05 22:48:17','2020-06-05 22:48:17',NULL),(440,40,11,0,'2020-06-05 22:48:17','2020-06-05 22:48:17',NULL),(441,41,1,10,'2020-06-05 22:48:17','2020-06-05 22:48:17',NULL),(442,41,2,9,'2020-06-05 22:48:17','2020-06-05 22:48:17',NULL),(443,41,3,8,'2020-06-05 22:48:17','2020-06-05 22:48:17',NULL),(444,41,4,7,'2020-06-05 22:48:17','2020-06-05 22:48:17',NULL),(445,41,5,6,'2020-06-05 22:48:17','2020-06-05 22:48:17',NULL),(446,41,6,5,'2020-06-05 22:48:17','2020-06-05 22:48:17',NULL),(447,41,7,4,'2020-06-05 22:48:17','2020-06-05 22:48:17',NULL),(448,41,8,3,'2020-06-05 22:48:17','2020-06-05 22:48:17',NULL),(449,41,9,2,'2020-06-05 22:48:17','2020-06-05 22:48:17',NULL),(450,41,10,1,'2020-06-05 22:48:17','2020-06-05 22:48:17',NULL),(451,41,11,0,'2020-06-05 22:48:17','2020-06-05 22:48:17',NULL),(452,42,1,10,'2020-06-05 22:48:17','2020-06-05 22:48:17',NULL),(453,42,2,9,'2020-06-05 22:48:17','2020-06-05 22:48:17',NULL),(454,42,3,8,'2020-06-05 22:48:17','2020-06-05 22:48:17',NULL),(455,42,4,7,'2020-06-05 22:48:17','2020-06-05 22:48:17',NULL),(456,42,5,6,'2020-06-05 22:48:17','2020-06-05 22:48:17',NULL),(457,42,6,5,'2020-06-05 22:48:17','2020-06-05 22:48:17',NULL),(458,42,7,4,'2020-06-05 22:48:17','2020-06-05 22:48:17',NULL),(459,42,8,3,'2020-06-05 22:48:17','2020-06-05 22:48:17',NULL),(460,42,9,2,'2020-06-05 22:48:17','2020-06-05 22:48:17',NULL),(461,42,10,1,'2020-06-05 22:48:17','2020-06-05 22:48:17',NULL),(462,42,11,0,'2020-06-05 22:48:17','2020-06-05 22:48:17',NULL),(463,43,1,10,'2020-06-05 22:48:17','2020-06-05 22:48:17',NULL),(464,43,2,9,'2020-06-05 22:48:17','2020-06-05 22:48:17',NULL),(465,43,3,8,'2020-06-05 22:48:17','2020-06-05 22:48:17',NULL),(466,43,4,7,'2020-06-05 22:48:17','2020-06-05 22:48:17',NULL),(467,43,5,6,'2020-06-05 22:48:17','2020-06-05 22:48:17',NULL),(468,43,6,5,'2020-06-05 22:48:17','2020-06-05 22:48:17',NULL),(469,43,7,4,'2020-06-05 22:48:17','2020-06-05 22:48:17',NULL),(470,43,8,3,'2020-06-05 22:48:17','2020-06-05 22:48:17',NULL),(471,43,9,2,'2020-06-05 22:48:17','2020-06-05 22:48:17',NULL),(472,43,10,1,'2020-06-05 22:48:17','2020-06-05 22:48:17',NULL),(473,43,11,0,'2020-06-05 22:48:17','2020-06-05 22:48:17',NULL),(474,44,1,10,'2020-06-05 22:48:17','2020-06-05 22:48:17',NULL),(475,44,2,9,'2020-06-05 22:48:17','2020-06-05 22:48:17',NULL),(476,44,3,8,'2020-06-05 22:48:17','2020-06-05 22:48:17',NULL),(477,44,4,7,'2020-06-05 22:48:17','2020-06-05 22:48:17',NULL),(478,44,5,6,'2020-06-05 22:48:17','2020-06-05 22:48:17',NULL),(479,44,6,5,'2020-06-05 22:48:17','2020-06-05 22:48:17',NULL),(480,44,7,4,'2020-06-05 22:48:17','2020-06-05 22:48:17',NULL),(481,44,8,3,'2020-06-05 22:48:17','2020-06-05 22:48:17',NULL),(482,44,9,2,'2020-06-05 22:48:17','2020-06-05 22:48:17',NULL),(483,44,10,1,'2020-06-05 22:48:17','2020-06-05 22:48:17',NULL),(484,44,11,0,'2020-06-05 22:48:17','2020-06-05 22:48:17',NULL),(485,45,1,10,'2020-06-05 22:48:17','2020-06-05 22:48:17',NULL),(486,45,2,9,'2020-06-05 22:48:17','2020-06-05 22:48:17',NULL),(487,45,3,8,'2020-06-05 22:48:17','2020-06-05 22:48:17',NULL),(488,45,4,7,'2020-06-05 22:48:17','2020-06-05 22:48:17',NULL),(489,45,5,6,'2020-06-05 22:48:17','2020-06-05 22:48:17',NULL),(490,45,6,5,'2020-06-05 22:48:17','2020-06-05 22:48:17',NULL),(491,45,7,4,'2020-06-05 22:48:17','2020-06-05 22:48:17',NULL),(492,45,8,3,'2020-06-05 22:48:17','2020-06-05 22:48:17',NULL),(493,45,9,2,'2020-06-05 22:48:17','2020-06-05 22:48:17',NULL),(494,45,10,1,'2020-06-05 22:48:17','2020-06-05 22:48:17',NULL),(495,45,11,0,'2020-06-05 22:48:17','2020-06-05 22:48:17',NULL),(496,46,1,10,'2020-06-05 22:48:17','2020-06-05 22:48:17',NULL),(497,46,2,9,'2020-06-05 22:48:17','2020-06-05 22:48:17',NULL),(498,46,3,8,'2020-06-05 22:48:17','2020-06-05 22:48:17',NULL),(499,46,4,7,'2020-06-05 22:48:17','2020-06-05 22:48:17',NULL),(500,46,5,6,'2020-06-05 22:48:17','2020-06-05 22:48:17',NULL),(501,46,6,5,'2020-06-05 22:48:17','2020-06-05 22:48:17',NULL),(502,46,7,4,'2020-06-05 22:48:17','2020-06-05 22:48:17',NULL),(503,46,8,3,'2020-06-05 22:48:17','2020-06-05 22:48:17',NULL),(504,46,9,2,'2020-06-05 22:48:17','2020-06-05 22:48:17',NULL),(505,46,10,1,'2020-06-05 22:48:17','2020-06-05 22:48:17',NULL),(506,46,11,0,'2020-06-05 22:48:17','2020-06-05 22:48:17',NULL),(507,47,1,10,'2020-06-05 22:48:17','2020-06-05 22:48:17',NULL),(508,47,2,9,'2020-06-05 22:48:17','2020-06-05 22:48:17',NULL),(509,47,3,8,'2020-06-05 22:48:17','2020-06-05 22:48:17',NULL),(510,47,4,7,'2020-06-05 22:48:17','2020-06-05 22:48:17',NULL),(511,47,5,6,'2020-06-05 22:48:17','2020-06-05 22:48:17',NULL),(512,47,6,5,'2020-06-05 22:48:17','2020-06-05 22:48:17',NULL),(513,47,7,4,'2020-06-05 22:48:17','2020-06-05 22:48:17',NULL),(514,47,8,3,'2020-06-05 22:48:17','2020-06-05 22:48:17',NULL),(515,47,9,2,'2020-06-05 22:48:17','2020-06-05 22:48:17',NULL),(516,47,10,1,'2020-06-05 22:48:17','2020-06-05 22:48:17',NULL),(517,47,11,0,'2020-06-05 22:48:17','2020-06-05 22:48:17',NULL),(518,48,1,10,'2020-06-05 22:48:17','2020-06-05 22:48:17',NULL),(519,48,2,9,'2020-06-05 22:48:17','2020-06-05 22:48:17',NULL),(520,48,3,8,'2020-06-05 22:48:17','2020-06-05 22:48:17',NULL),(521,48,4,7,'2020-06-05 22:48:17','2020-06-05 22:48:17',NULL),(522,48,5,6,'2020-06-05 22:48:17','2020-06-05 22:48:17',NULL),(523,48,6,5,'2020-06-05 22:48:17','2020-06-05 22:48:17',NULL),(524,48,7,4,'2020-06-05 22:48:17','2020-06-05 22:48:17',NULL),(525,48,8,3,'2020-06-05 22:48:17','2020-06-05 22:48:17',NULL),(526,48,9,2,'2020-06-05 22:48:17','2020-06-05 22:48:17',NULL),(527,48,10,1,'2020-06-05 22:48:17','2020-06-05 22:48:17',NULL),(528,48,11,0,'2020-06-05 22:48:17','2020-06-05 22:48:17',NULL),(529,49,1,10,'2020-06-05 22:48:17','2020-06-05 22:48:17',NULL),(530,49,2,9,'2020-06-05 22:48:17','2020-06-05 22:48:17',NULL),(531,49,3,8,'2020-06-05 22:48:17','2020-06-05 22:48:17',NULL),(532,49,4,7,'2020-06-05 22:48:17','2020-06-05 22:48:17',NULL),(533,49,5,6,'2020-06-05 22:48:17','2020-06-05 22:48:17',NULL),(534,49,6,5,'2020-06-05 22:48:17','2020-06-05 22:48:17',NULL),(535,49,7,4,'2020-06-05 22:48:17','2020-06-05 22:48:17',NULL),(536,49,8,3,'2020-06-05 22:48:17','2020-06-05 22:48:17',NULL),(537,49,9,2,'2020-06-05 22:48:17','2020-06-05 22:48:17',NULL),(538,49,10,1,'2020-06-05 22:48:17','2020-06-05 22:48:17',NULL),(539,49,11,0,'2020-06-05 22:48:17','2020-06-05 22:48:17',NULL),(540,50,1,10,'2020-06-05 22:48:17','2020-06-05 22:48:17',NULL),(541,50,2,9,'2020-06-05 22:48:17','2020-06-05 22:48:17',NULL),(542,50,3,8,'2020-06-05 22:48:17','2020-06-05 22:48:17',NULL),(543,50,4,7,'2020-06-05 22:48:17','2020-06-05 22:48:17',NULL),(544,50,5,6,'2020-06-05 22:48:17','2020-06-05 22:48:17',NULL),(545,50,6,5,'2020-06-05 22:48:17','2020-06-05 22:48:17',NULL),(546,50,7,4,'2020-06-05 22:48:17','2020-06-05 22:48:17',NULL),(547,50,8,3,'2020-06-05 22:48:17','2020-06-05 22:48:17',NULL),(548,50,9,2,'2020-06-05 22:48:17','2020-06-05 22:48:17',NULL),(549,50,10,1,'2020-06-05 22:48:17','2020-06-05 22:48:17',NULL),(550,50,11,0,'2020-06-05 22:48:17','2020-06-05 22:48:17',NULL),(551,51,1,10,'2020-06-05 22:48:17','2020-06-05 22:48:17',NULL),(552,51,2,9,'2020-06-05 22:48:17','2020-06-05 22:48:17',NULL),(553,51,3,8,'2020-06-05 22:48:17','2020-06-05 22:48:17',NULL),(554,51,4,7,'2020-06-05 22:48:17','2020-06-05 22:48:17',NULL),(555,51,5,6,'2020-06-05 22:48:17','2020-06-05 22:48:17',NULL),(556,51,6,5,'2020-06-05 22:48:17','2020-06-05 22:48:17',NULL),(557,51,7,4,'2020-06-05 22:48:17','2020-06-05 22:48:17',NULL),(558,51,8,3,'2020-06-05 22:48:17','2020-06-05 22:48:17',NULL),(559,51,9,2,'2020-06-05 22:48:17','2020-06-05 22:48:17',NULL),(560,51,10,1,'2020-06-05 22:48:17','2020-06-05 22:48:17',NULL),(561,51,11,0,'2020-06-05 22:48:17','2020-06-05 22:48:17',NULL),(562,52,1,10,'2020-06-05 22:48:17','2020-06-05 22:48:17',NULL),(563,52,2,9,'2020-06-05 22:48:17','2020-06-05 22:48:17',NULL),(564,52,3,8,'2020-06-05 22:48:17','2020-06-05 22:48:17',NULL),(565,52,4,7,'2020-06-05 22:48:17','2020-06-05 22:48:17',NULL),(566,52,5,6,'2020-06-05 22:48:17','2020-06-05 22:48:17',NULL),(567,52,6,5,'2020-06-05 22:48:17','2020-06-05 22:48:17',NULL),(568,52,7,4,'2020-06-05 22:48:17','2020-06-05 22:48:17',NULL),(569,52,8,3,'2020-06-05 22:48:17','2020-06-05 22:48:17',NULL),(570,52,9,2,'2020-06-05 22:48:17','2020-06-05 22:48:17',NULL),(571,52,10,1,'2020-06-05 22:48:17','2020-06-05 22:48:17',NULL),(572,52,11,0,'2020-06-05 22:48:17','2020-06-05 22:48:17',NULL),(573,53,1,10,'2020-06-05 22:48:17','2020-06-05 22:48:17',NULL),(574,53,2,9,'2020-06-05 22:48:17','2020-06-05 22:48:17',NULL),(575,53,3,8,'2020-06-05 22:48:17','2020-06-05 22:48:17',NULL),(576,53,4,7,'2020-06-05 22:48:17','2020-06-05 22:48:17',NULL),(577,53,5,6,'2020-06-05 22:48:17','2020-06-05 22:48:17',NULL),(578,53,6,5,'2020-06-05 22:48:17','2020-06-05 22:48:17',NULL),(579,53,7,4,'2020-06-05 22:48:17','2020-06-05 22:48:17',NULL),(580,53,8,3,'2020-06-05 22:48:17','2020-06-05 22:48:17',NULL),(581,53,9,2,'2020-06-05 22:48:17','2020-06-05 22:48:17',NULL),(582,53,10,1,'2020-06-05 22:48:17','2020-06-05 22:48:17',NULL),(583,53,11,0,'2020-06-05 22:48:17','2020-06-05 22:48:17',NULL),(584,54,1,10,'2020-06-05 22:48:17','2020-06-05 22:48:17',NULL),(585,54,2,9,'2020-06-05 22:48:17','2020-06-05 22:48:17',NULL),(586,54,3,8,'2020-06-05 22:48:17','2020-06-05 22:48:17',NULL),(587,54,4,7,'2020-06-05 22:48:17','2020-06-05 22:48:17',NULL),(588,54,5,6,'2020-06-05 22:48:17','2020-06-05 22:48:17',NULL),(589,54,6,5,'2020-06-05 22:48:17','2020-06-05 22:48:17',NULL),(590,54,7,4,'2020-06-05 22:48:17','2020-06-05 22:48:17',NULL),(591,54,8,3,'2020-06-05 22:48:17','2020-06-05 22:48:17',NULL),(592,54,9,2,'2020-06-05 22:48:17','2020-06-05 22:48:17',NULL),(593,54,10,1,'2020-06-05 22:48:17','2020-06-05 22:48:17',NULL),(594,54,11,0,'2020-06-05 22:48:17','2020-06-05 22:48:17',NULL),(595,55,1,10,'2020-06-05 22:48:17','2020-06-05 22:48:17',NULL),(596,55,2,9,'2020-06-05 22:48:17','2020-06-05 22:48:17',NULL),(597,55,3,8,'2020-06-05 22:48:17','2020-06-05 22:48:17',NULL),(598,55,4,7,'2020-06-05 22:48:17','2020-06-05 22:48:17',NULL),(599,55,5,6,'2020-06-05 22:48:17','2020-06-05 22:48:17',NULL),(600,55,6,5,'2020-06-05 22:48:17','2020-06-05 22:48:17',NULL),(601,55,7,4,'2020-06-05 22:48:17','2020-06-05 22:48:17',NULL),(602,55,8,3,'2020-06-05 22:48:17','2020-06-05 22:48:17',NULL),(603,55,9,2,'2020-06-05 22:48:17','2020-06-05 22:48:17',NULL),(604,55,10,1,'2020-06-05 22:48:17','2020-06-05 22:48:17',NULL),(605,55,11,0,'2020-06-05 22:48:17','2020-06-05 22:48:17',NULL),(606,56,1,10,'2020-06-05 22:48:17','2020-06-05 22:48:17',NULL),(607,56,2,9,'2020-06-05 22:48:17','2020-06-05 22:48:17',NULL),(608,56,3,8,'2020-06-05 22:48:17','2020-06-05 22:48:17',NULL),(609,56,4,7,'2020-06-05 22:48:17','2020-06-05 22:48:17',NULL),(610,56,5,6,'2020-06-05 22:48:17','2020-06-05 22:48:17',NULL),(611,56,6,5,'2020-06-05 22:48:17','2020-06-05 22:48:17',NULL),(612,56,7,4,'2020-06-05 22:48:17','2020-06-05 22:48:17',NULL),(613,56,8,3,'2020-06-05 22:48:17','2020-06-05 22:48:17',NULL),(614,56,9,2,'2020-06-05 22:48:17','2020-06-05 22:48:17',NULL),(615,56,10,1,'2020-06-05 22:48:17','2020-06-05 22:48:17',NULL),(616,56,11,0,'2020-06-05 22:48:17','2020-06-05 22:48:17',NULL),(617,57,1,10,'2020-06-05 22:48:17','2020-06-05 22:48:17',NULL),(618,57,2,9,'2020-06-05 22:48:17','2020-06-05 22:48:17',NULL),(619,57,3,8,'2020-06-05 22:48:17','2020-06-05 22:48:17',NULL),(620,57,4,7,'2020-06-05 22:48:17','2020-06-05 22:48:17',NULL),(621,57,5,6,'2020-06-05 22:48:17','2020-06-05 22:48:17',NULL),(622,57,6,5,'2020-06-05 22:48:17','2020-06-05 22:48:17',NULL),(623,57,7,4,'2020-06-05 22:48:17','2020-06-05 22:48:17',NULL),(624,57,8,3,'2020-06-05 22:48:17','2020-06-05 22:48:17',NULL),(625,57,9,2,'2020-06-05 22:48:17','2020-06-05 22:48:17',NULL),(626,57,10,1,'2020-06-05 22:48:17','2020-06-05 22:48:17',NULL),(627,57,11,0,'2020-06-05 22:48:17','2020-06-05 22:48:17',NULL),(628,58,1,10,'2020-06-05 22:48:17','2020-06-05 22:48:17',NULL),(629,58,2,9,'2020-06-05 22:48:17','2020-06-05 22:48:17',NULL),(630,58,3,8,'2020-06-05 22:48:17','2020-06-05 22:48:17',NULL),(631,58,4,7,'2020-06-05 22:48:17','2020-06-05 22:48:17',NULL),(632,58,5,6,'2020-06-05 22:48:17','2020-06-05 22:48:17',NULL),(633,58,6,5,'2020-06-05 22:48:17','2020-06-05 22:48:17',NULL),(634,58,7,4,'2020-06-05 22:48:17','2020-06-05 22:48:17',NULL),(635,58,8,3,'2020-06-05 22:48:17','2020-06-05 22:48:17',NULL),(636,58,9,2,'2020-06-05 22:48:17','2020-06-05 22:48:17',NULL),(637,58,10,1,'2020-06-05 22:48:17','2020-06-05 22:48:17',NULL),(638,58,11,0,'2020-06-05 22:48:17','2020-06-05 22:48:17',NULL),(639,59,1,10,'2020-06-05 22:48:17','2020-06-05 22:48:17',NULL),(640,59,2,9,'2020-06-05 22:48:17','2020-06-05 22:48:17',NULL),(641,59,3,8,'2020-06-05 22:48:17','2020-06-05 22:48:17',NULL),(642,59,4,7,'2020-06-05 22:48:17','2020-06-05 22:48:17',NULL),(643,59,5,6,'2020-06-05 22:48:17','2020-06-05 22:48:17',NULL),(644,59,6,5,'2020-06-05 22:48:17','2020-06-05 22:48:17',NULL),(645,59,7,4,'2020-06-05 22:48:17','2020-06-05 22:48:17',NULL),(646,59,8,3,'2020-06-05 22:48:17','2020-06-05 22:48:17',NULL),(647,59,9,2,'2020-06-05 22:48:17','2020-06-05 22:48:17',NULL),(648,59,10,1,'2020-06-05 22:48:17','2020-06-05 22:48:17',NULL),(649,59,11,0,'2020-06-05 22:48:17','2020-06-05 22:48:17',NULL),(650,60,1,10,'2020-06-05 22:48:17','2020-06-05 22:48:17',NULL),(651,60,2,9,'2020-06-05 22:48:17','2020-06-05 22:48:17',NULL),(652,60,3,8,'2020-06-05 22:48:17','2020-06-05 22:48:17',NULL),(653,60,4,7,'2020-06-05 22:48:17','2020-06-05 22:48:17',NULL),(654,60,5,6,'2020-06-05 22:48:17','2020-06-05 22:48:17',NULL),(655,60,6,5,'2020-06-05 22:48:17','2020-06-05 22:48:17',NULL),(656,60,7,4,'2020-06-05 22:48:17','2020-06-05 22:48:17',NULL),(657,60,8,3,'2020-06-05 22:48:17','2020-06-05 22:48:17',NULL),(658,60,9,2,'2020-06-05 22:48:17','2020-06-05 22:48:17',NULL),(659,60,10,1,'2020-06-05 22:48:17','2020-06-05 22:48:17',NULL),(660,60,11,0,'2020-06-05 22:48:17','2020-06-05 22:48:17',NULL),(661,61,1,10,'2020-06-05 22:48:17','2020-06-05 22:48:17',NULL),(662,61,2,9,'2020-06-05 22:48:17','2020-06-05 22:48:17',NULL),(663,61,3,8,'2020-06-05 22:48:17','2020-06-05 22:48:17',NULL),(664,61,4,7,'2020-06-05 22:48:17','2020-06-05 22:48:17',NULL),(665,61,5,6,'2020-06-05 22:48:17','2020-06-05 22:48:17',NULL),(666,61,6,5,'2020-06-05 22:48:17','2020-06-05 22:48:17',NULL),(667,61,7,4,'2020-06-05 22:48:17','2020-06-05 22:48:17',NULL),(668,61,8,3,'2020-06-05 22:48:17','2020-06-05 22:48:17',NULL),(669,61,9,2,'2020-06-05 22:48:17','2020-06-05 22:48:17',NULL),(670,61,10,1,'2020-06-05 22:48:17','2020-06-05 22:48:17',NULL),(671,61,11,0,'2020-06-05 22:48:17','2020-06-05 22:48:17',NULL),(672,62,1,10,'2020-06-05 22:48:17','2020-06-05 22:48:17',NULL),(673,62,2,9,'2020-06-05 22:48:17','2020-06-05 22:48:17',NULL),(674,62,3,8,'2020-06-05 22:48:17','2020-06-05 22:48:17',NULL),(675,62,4,7,'2020-06-05 22:48:17','2020-06-05 22:48:17',NULL),(676,62,5,6,'2020-06-05 22:48:17','2020-06-05 22:48:17',NULL),(677,62,6,5,'2020-06-05 22:48:17','2020-06-05 22:48:17',NULL),(678,62,7,4,'2020-06-05 22:48:17','2020-06-05 22:48:17',NULL),(679,62,8,3,'2020-06-05 22:48:17','2020-06-05 22:48:17',NULL),(680,62,9,2,'2020-06-05 22:48:17','2020-06-05 22:48:17',NULL),(681,62,10,1,'2020-06-05 22:48:17','2020-06-05 22:48:17',NULL),(682,62,11,0,'2020-06-05 22:48:17','2020-06-05 22:48:17',NULL),(683,63,1,10,'2020-06-05 22:48:17','2020-06-05 22:48:17',NULL),(684,63,2,9,'2020-06-05 22:48:17','2020-06-05 22:48:17',NULL),(685,63,3,8,'2020-06-05 22:48:17','2020-06-05 22:48:17',NULL),(686,63,4,7,'2020-06-05 22:48:17','2020-06-05 22:48:17',NULL),(687,63,5,6,'2020-06-05 22:48:17','2020-06-05 22:48:17',NULL),(688,63,6,5,'2020-06-05 22:48:17','2020-06-05 22:48:17',NULL),(689,63,7,4,'2020-06-05 22:48:17','2020-06-05 22:48:17',NULL),(690,63,8,3,'2020-06-05 22:48:17','2020-06-05 22:48:17',NULL),(691,63,9,2,'2020-06-05 22:48:17','2020-06-05 22:48:17',NULL),(692,63,10,1,'2020-06-05 22:48:17','2020-06-05 22:48:17',NULL),(693,63,11,0,'2020-06-05 22:48:17','2020-06-05 22:48:17',NULL),(694,64,1,10,'2020-06-05 22:48:17','2020-06-05 22:48:17',NULL),(695,64,2,9,'2020-06-05 22:48:17','2020-06-05 22:48:17',NULL),(696,64,3,8,'2020-06-05 22:48:17','2020-06-05 22:48:17',NULL),(697,64,4,7,'2020-06-05 22:48:17','2020-06-05 22:48:17',NULL),(698,64,5,6,'2020-06-05 22:48:17','2020-06-05 22:48:17',NULL),(699,64,6,5,'2020-06-05 22:48:17','2020-06-05 22:48:17',NULL),(700,64,7,4,'2020-06-05 22:48:17','2020-06-05 22:48:17',NULL),(701,64,8,3,'2020-06-05 22:48:17','2020-06-05 22:48:17',NULL),(702,64,9,2,'2020-06-05 22:48:17','2020-06-05 22:48:17',NULL),(703,64,10,1,'2020-06-05 22:48:17','2020-06-05 22:48:17',NULL),(704,64,11,0,'2020-06-05 22:48:17','2020-06-05 22:48:17',NULL),(705,65,1,10,'2020-06-05 22:48:17','2020-06-05 22:48:17',NULL),(706,65,2,9,'2020-06-05 22:48:17','2020-06-05 22:48:17',NULL),(707,65,3,8,'2020-06-05 22:48:17','2020-06-05 22:48:17',NULL),(708,65,4,7,'2020-06-05 22:48:17','2020-06-05 22:48:17',NULL),(709,65,5,6,'2020-06-05 22:48:17','2020-06-05 22:48:17',NULL),(710,65,6,5,'2020-06-05 22:48:17','2020-06-05 22:48:17',NULL),(711,65,7,4,'2020-06-05 22:48:17','2020-06-05 22:48:17',NULL),(712,65,8,3,'2020-06-05 22:48:17','2020-06-05 22:48:17',NULL),(713,65,9,2,'2020-06-05 22:48:17','2020-06-05 22:48:17',NULL),(714,65,10,1,'2020-06-05 22:48:17','2020-06-05 22:48:17',NULL),(715,65,11,0,'2020-06-05 22:48:17','2020-06-05 22:48:17',NULL),(716,66,1,10,'2020-06-05 22:48:17','2020-06-05 22:48:17',NULL),(717,66,2,9,'2020-06-05 22:48:17','2020-06-05 22:48:17',NULL),(718,66,3,8,'2020-06-05 22:48:17','2020-06-05 22:48:17',NULL),(719,66,4,7,'2020-06-05 22:48:17','2020-06-05 22:48:17',NULL),(720,66,5,6,'2020-06-05 22:48:17','2020-06-05 22:48:17',NULL),(721,66,6,5,'2020-06-05 22:48:17','2020-06-05 22:48:17',NULL),(722,66,7,4,'2020-06-05 22:48:17','2020-06-05 22:48:17',NULL),(723,66,8,3,'2020-06-05 22:48:17','2020-06-05 22:48:17',NULL),(724,66,9,2,'2020-06-05 22:48:17','2020-06-05 22:48:17',NULL),(725,66,10,1,'2020-06-05 22:48:17','2020-06-05 22:48:17',NULL),(726,66,11,0,'2020-06-05 22:48:17','2020-06-05 22:48:17',NULL),(727,67,1,10,'2020-06-05 22:48:17','2020-06-05 22:48:17',NULL),(728,67,2,9,'2020-06-05 22:48:17','2020-06-05 22:48:17',NULL),(729,67,3,8,'2020-06-05 22:48:17','2020-06-05 22:48:17',NULL),(730,67,4,7,'2020-06-05 22:48:17','2020-06-05 22:48:17',NULL),(731,67,5,6,'2020-06-05 22:48:17','2020-06-05 22:48:17',NULL),(732,67,6,5,'2020-06-05 22:48:17','2020-06-05 22:48:17',NULL),(733,67,7,4,'2020-06-05 22:48:17','2020-06-05 22:48:17',NULL),(734,67,8,3,'2020-06-05 22:48:17','2020-06-05 22:48:17',NULL),(735,67,9,2,'2020-06-05 22:48:17','2020-06-05 22:48:17',NULL),(736,67,10,1,'2020-06-05 22:48:17','2020-06-05 22:48:17',NULL),(737,67,11,0,'2020-06-05 22:48:17','2020-06-05 22:48:17',NULL),(738,68,1,10,'2020-06-05 22:48:17','2020-06-05 22:48:17',NULL),(739,68,2,9,'2020-06-05 22:48:17','2020-06-05 22:48:17',NULL),(740,68,3,8,'2020-06-05 22:48:17','2020-06-05 22:48:17',NULL),(741,68,4,7,'2020-06-05 22:48:17','2020-06-05 22:48:17',NULL),(742,68,5,6,'2020-06-05 22:48:17','2020-06-05 22:48:17',NULL),(743,68,6,5,'2020-06-05 22:48:17','2020-06-05 22:48:17',NULL),(744,68,7,4,'2020-06-05 22:48:17','2020-06-05 22:48:17',NULL),(745,68,8,3,'2020-06-05 22:48:17','2020-06-05 22:48:17',NULL),(746,68,9,2,'2020-06-05 22:48:17','2020-06-05 22:48:17',NULL),(747,68,10,1,'2020-06-05 22:48:17','2020-06-05 22:48:17',NULL),(748,68,11,0,'2020-06-05 22:48:17','2020-06-05 22:48:17',NULL),(749,69,1,10,'2020-06-05 22:48:17','2020-06-05 22:48:17',NULL),(750,69,2,9,'2020-06-05 22:48:17','2020-06-05 22:48:17',NULL),(751,69,3,8,'2020-06-05 22:48:17','2020-06-05 22:48:17',NULL),(752,69,4,7,'2020-06-05 22:48:17','2020-06-05 22:48:17',NULL),(753,69,5,6,'2020-06-05 22:48:17','2020-06-05 22:48:17',NULL),(754,69,6,5,'2020-06-05 22:48:17','2020-06-05 22:48:17',NULL),(755,69,7,4,'2020-06-05 22:48:17','2020-06-05 22:48:17',NULL),(756,69,8,3,'2020-06-05 22:48:17','2020-06-05 22:48:17',NULL),(757,69,9,2,'2020-06-05 22:48:17','2020-06-05 22:48:17',NULL),(758,69,10,1,'2020-06-05 22:48:17','2020-06-05 22:48:17',NULL),(759,69,11,0,'2020-06-05 22:48:17','2020-06-05 22:48:17',NULL),(760,70,1,10,'2020-06-05 22:48:17','2020-06-05 22:48:17',NULL),(761,70,2,9,'2020-06-05 22:48:17','2020-06-05 22:48:17',NULL),(762,70,3,8,'2020-06-05 22:48:17','2020-06-05 22:48:17',NULL),(763,70,4,7,'2020-06-05 22:48:17','2020-06-05 22:48:17',NULL),(764,70,5,6,'2020-06-05 22:48:17','2020-06-05 22:48:17',NULL),(765,70,6,5,'2020-06-05 22:48:17','2020-06-05 22:48:17',NULL),(766,70,7,4,'2020-06-05 22:48:17','2020-06-05 22:48:17',NULL),(767,70,8,3,'2020-06-05 22:48:17','2020-06-05 22:48:17',NULL),(768,70,9,2,'2020-06-05 22:48:17','2020-06-05 22:48:17',NULL),(769,70,10,1,'2020-06-05 22:48:17','2020-06-05 22:48:17',NULL),(770,70,11,0,'2020-06-05 22:48:17','2020-06-05 22:48:17',NULL),(771,71,1,10,'2020-06-05 22:48:17','2020-06-05 22:48:17',NULL),(772,71,2,9,'2020-06-05 22:48:17','2020-06-05 22:48:17',NULL),(773,71,3,8,'2020-06-05 22:48:17','2020-06-05 22:48:17',NULL),(774,71,4,7,'2020-06-05 22:48:17','2020-06-05 22:48:17',NULL),(775,71,5,6,'2020-06-05 22:48:17','2020-06-05 22:48:17',NULL),(776,71,6,5,'2020-06-05 22:48:17','2020-06-05 22:48:17',NULL),(777,71,7,4,'2020-06-05 22:48:17','2020-06-05 22:48:17',NULL),(778,71,8,3,'2020-06-05 22:48:17','2020-06-05 22:48:17',NULL),(779,71,9,2,'2020-06-05 22:48:17','2020-06-05 22:48:17',NULL),(780,71,10,1,'2020-06-05 22:48:17','2020-06-05 22:48:17',NULL),(781,71,11,0,'2020-06-05 22:48:17','2020-06-05 22:48:17',NULL),(782,72,1,10,'2020-06-05 22:48:17','2020-06-05 22:48:17',NULL),(783,72,2,9,'2020-06-05 22:48:17','2020-06-05 22:48:17',NULL),(784,72,3,8,'2020-06-05 22:48:17','2020-06-05 22:48:17',NULL),(785,72,4,7,'2020-06-05 22:48:17','2020-06-05 22:48:17',NULL),(786,72,5,6,'2020-06-05 22:48:17','2020-06-05 22:48:17',NULL),(787,72,6,5,'2020-06-05 22:48:17','2020-06-05 22:48:17',NULL),(788,72,7,4,'2020-06-05 22:48:17','2020-06-05 22:48:17',NULL),(789,72,8,3,'2020-06-05 22:48:17','2020-06-05 22:48:17',NULL),(790,72,9,2,'2020-06-05 22:48:17','2020-06-05 22:48:17',NULL),(791,72,10,1,'2020-06-05 22:48:17','2020-06-05 22:48:17',NULL),(792,72,11,0,'2020-06-05 22:48:17','2020-06-05 22:48:17',NULL),(793,73,1,10,'2020-06-05 22:48:17','2020-06-05 22:48:17',NULL),(794,73,2,9,'2020-06-05 22:48:17','2020-06-05 22:48:17',NULL),(795,73,3,8,'2020-06-05 22:48:17','2020-06-05 22:48:17',NULL),(796,73,4,7,'2020-06-05 22:48:17','2020-06-05 22:48:17',NULL),(797,73,5,6,'2020-06-05 22:48:17','2020-06-05 22:48:17',NULL),(798,73,6,5,'2020-06-05 22:48:17','2020-06-05 22:48:17',NULL),(799,73,7,4,'2020-06-05 22:48:17','2020-06-05 22:48:17',NULL),(800,73,8,3,'2020-06-05 22:48:17','2020-06-05 22:48:17',NULL),(801,73,9,2,'2020-06-05 22:48:17','2020-06-05 22:48:17',NULL),(802,73,10,1,'2020-06-05 22:48:17','2020-06-05 22:48:17',NULL),(803,73,11,0,'2020-06-05 22:48:17','2020-06-05 22:48:17',NULL),(804,74,1,10,'2020-06-05 22:48:17','2020-06-05 22:48:17',NULL),(805,74,2,9,'2020-06-05 22:48:17','2020-06-05 22:48:17',NULL),(806,74,3,8,'2020-06-05 22:48:17','2020-06-05 22:48:17',NULL),(807,74,4,7,'2020-06-05 22:48:17','2020-06-05 22:48:17',NULL),(808,74,5,6,'2020-06-05 22:48:17','2020-06-05 22:48:17',NULL),(809,74,6,5,'2020-06-05 22:48:17','2020-06-05 22:48:17',NULL),(810,74,7,4,'2020-06-05 22:48:17','2020-06-05 22:48:17',NULL),(811,74,8,3,'2020-06-05 22:48:17','2020-06-05 22:48:17',NULL),(812,74,9,2,'2020-06-05 22:48:17','2020-06-05 22:48:17',NULL),(813,74,10,1,'2020-06-05 22:48:17','2020-06-05 22:48:17',NULL),(814,74,11,0,'2020-06-05 22:48:17','2020-06-05 22:48:17',NULL),(815,75,1,10,'2020-06-05 22:48:17','2020-06-05 22:48:17',NULL),(816,75,2,9,'2020-06-05 22:48:17','2020-06-05 22:48:17',NULL),(817,75,3,8,'2020-06-05 22:48:17','2020-06-05 22:48:17',NULL),(818,75,4,7,'2020-06-05 22:48:17','2020-06-05 22:48:17',NULL),(819,75,5,6,'2020-06-05 22:48:17','2020-06-05 22:48:17',NULL),(820,75,6,5,'2020-06-05 22:48:17','2020-06-05 22:48:17',NULL),(821,75,7,4,'2020-06-05 22:48:17','2020-06-05 22:48:17',NULL),(822,75,8,3,'2020-06-05 22:48:17','2020-06-05 22:48:17',NULL),(823,75,9,2,'2020-06-05 22:48:17','2020-06-05 22:48:17',NULL),(824,75,10,1,'2020-06-05 22:48:17','2020-06-05 22:48:17',NULL),(825,75,11,0,'2020-06-05 22:48:17','2020-06-05 22:48:17',NULL),(826,76,1,10,'2020-06-05 22:48:17','2020-06-05 22:48:17',NULL),(827,76,2,9,'2020-06-05 22:48:17','2020-06-05 22:48:17',NULL),(828,76,3,8,'2020-06-05 22:48:17','2020-06-05 22:48:17',NULL),(829,76,4,7,'2020-06-05 22:48:17','2020-06-05 22:48:17',NULL),(830,76,5,6,'2020-06-05 22:48:17','2020-06-05 22:48:17',NULL),(831,76,6,5,'2020-06-05 22:48:17','2020-06-05 22:48:17',NULL),(832,76,7,4,'2020-06-05 22:48:17','2020-06-05 22:48:17',NULL),(833,76,8,3,'2020-06-05 22:48:17','2020-06-05 22:48:17',NULL),(834,76,9,2,'2020-06-05 22:48:17','2020-06-05 22:48:17',NULL),(835,76,10,1,'2020-06-05 22:48:17','2020-06-05 22:48:17',NULL),(836,76,11,0,'2020-06-05 22:48:17','2020-06-05 22:48:17',NULL),(837,77,1,10,'2020-06-05 22:48:17','2020-06-05 22:48:17',NULL),(838,77,2,9,'2020-06-05 22:48:17','2020-06-05 22:48:17',NULL),(839,77,3,8,'2020-06-05 22:48:17','2020-06-05 22:48:17',NULL),(840,77,4,7,'2020-06-05 22:48:17','2020-06-05 22:48:17',NULL),(841,77,5,6,'2020-06-05 22:48:17','2020-06-05 22:48:17',NULL),(842,77,6,5,'2020-06-05 22:48:17','2020-06-05 22:48:17',NULL),(843,77,7,4,'2020-06-05 22:48:17','2020-06-05 22:48:17',NULL),(844,77,8,3,'2020-06-05 22:48:17','2020-06-05 22:48:17',NULL),(845,77,9,2,'2020-06-05 22:48:17','2020-06-05 22:48:17',NULL),(846,77,10,1,'2020-06-05 22:48:17','2020-06-05 22:48:17',NULL),(847,77,11,0,'2020-06-05 22:48:17','2020-06-05 22:48:17',NULL),(848,78,1,10,'2020-06-05 22:48:17','2020-06-05 22:48:17',NULL),(849,78,2,9,'2020-06-05 22:48:17','2020-06-05 22:48:17',NULL),(850,78,3,8,'2020-06-05 22:48:17','2020-06-05 22:48:17',NULL),(851,78,4,7,'2020-06-05 22:48:17','2020-06-05 22:48:17',NULL),(852,78,5,6,'2020-06-05 22:48:17','2020-06-05 22:48:17',NULL),(853,78,6,5,'2020-06-05 22:48:17','2020-06-05 22:48:17',NULL),(854,78,7,4,'2020-06-05 22:48:17','2020-06-05 22:48:17',NULL),(855,78,8,3,'2020-06-05 22:48:17','2020-06-05 22:48:17',NULL),(856,78,9,2,'2020-06-05 22:48:17','2020-06-05 22:48:17',NULL),(857,78,10,1,'2020-06-05 22:48:17','2020-06-05 22:48:17',NULL),(858,78,11,0,'2020-06-05 22:48:17','2020-06-05 22:48:17',NULL),(859,79,1,10,'2020-06-05 22:48:17','2020-06-05 22:48:17',NULL),(860,79,2,9,'2020-06-05 22:48:17','2020-06-05 22:48:17',NULL),(861,79,3,8,'2020-06-05 22:48:17','2020-06-05 22:48:17',NULL),(862,79,4,7,'2020-06-05 22:48:17','2020-06-05 22:48:17',NULL),(863,79,5,6,'2020-06-05 22:48:17','2020-06-05 22:48:17',NULL),(864,79,6,5,'2020-06-05 22:48:17','2020-06-05 22:48:17',NULL),(865,79,7,4,'2020-06-05 22:48:17','2020-06-05 22:48:17',NULL),(866,79,8,3,'2020-06-05 22:48:17','2020-06-05 22:48:17',NULL),(867,79,9,2,'2020-06-05 22:48:17','2020-06-05 22:48:17',NULL),(868,79,10,1,'2020-06-05 22:48:17','2020-06-05 22:48:17',NULL),(869,79,11,0,'2020-06-05 22:48:17','2020-06-05 22:48:17',NULL),(870,80,1,10,'2020-06-05 22:48:17','2020-06-05 22:48:17',NULL),(871,80,2,9,'2020-06-05 22:48:17','2020-06-05 22:48:17',NULL),(872,80,3,8,'2020-06-05 22:48:17','2020-06-05 22:48:17',NULL),(873,80,4,7,'2020-06-05 22:48:17','2020-06-05 22:48:17',NULL),(874,80,5,6,'2020-06-05 22:48:17','2020-06-05 22:48:17',NULL),(875,80,6,5,'2020-06-05 22:48:17','2020-06-05 22:48:17',NULL),(876,80,7,4,'2020-06-05 22:48:17','2020-06-05 22:48:17',NULL),(877,80,8,3,'2020-06-05 22:48:17','2020-06-05 22:48:17',NULL),(878,80,9,2,'2020-06-05 22:48:17','2020-06-05 22:48:17',NULL),(879,80,10,1,'2020-06-05 22:48:17','2020-06-05 22:48:17',NULL),(880,80,11,0,'2020-06-05 22:48:17','2020-06-05 22:48:17',NULL),(881,81,1,10,'2020-06-05 22:48:17','2020-06-05 22:48:17',NULL),(882,81,2,9,'2020-06-05 22:48:17','2020-06-05 22:48:17',NULL),(883,81,3,8,'2020-06-05 22:48:17','2020-06-05 22:48:17',NULL),(884,81,4,7,'2020-06-05 22:48:17','2020-06-05 22:48:17',NULL),(885,81,5,6,'2020-06-05 22:48:17','2020-06-05 22:48:17',NULL),(886,81,6,5,'2020-06-05 22:48:17','2020-06-05 22:48:17',NULL),(887,81,7,4,'2020-06-05 22:48:17','2020-06-05 22:48:17',NULL),(888,81,8,3,'2020-06-05 22:48:17','2020-06-05 22:48:17',NULL),(889,81,9,2,'2020-06-05 22:48:17','2020-06-05 22:48:17',NULL),(890,81,10,1,'2020-06-05 22:48:17','2020-06-05 22:48:17',NULL),(891,81,11,0,'2020-06-05 22:48:17','2020-06-05 22:48:17',NULL),(892,82,1,10,'2020-06-05 22:48:17','2020-06-05 22:48:17',NULL),(893,82,2,9,'2020-06-05 22:48:17','2020-06-05 22:48:17',NULL),(894,82,3,8,'2020-06-05 22:48:17','2020-06-05 22:48:17',NULL),(895,82,4,7,'2020-06-05 22:48:17','2020-06-05 22:48:17',NULL),(896,82,5,6,'2020-06-05 22:48:17','2020-06-05 22:48:17',NULL),(897,82,6,5,'2020-06-05 22:48:17','2020-06-05 22:48:17',NULL),(898,82,7,4,'2020-06-05 22:48:17','2020-06-05 22:48:17',NULL),(899,82,8,3,'2020-06-05 22:48:17','2020-06-05 22:48:17',NULL),(900,82,9,2,'2020-06-05 22:48:17','2020-06-05 22:48:17',NULL),(901,82,10,1,'2020-06-05 22:48:17','2020-06-05 22:48:17',NULL),(902,82,11,0,'2020-06-05 22:48:17','2020-06-05 22:48:17',NULL),(903,83,1,10,'2020-06-05 22:48:17','2020-06-05 22:48:17',NULL),(904,83,2,9,'2020-06-05 22:48:17','2020-06-05 22:48:17',NULL),(905,83,3,8,'2020-06-05 22:48:17','2020-06-05 22:48:17',NULL),(906,83,4,7,'2020-06-05 22:48:17','2020-06-05 22:48:17',NULL),(907,83,5,6,'2020-06-05 22:48:17','2020-06-05 22:48:17',NULL),(908,83,6,5,'2020-06-05 22:48:17','2020-06-05 22:48:17',NULL),(909,83,7,4,'2020-06-05 22:48:17','2020-06-05 22:48:17',NULL),(910,83,8,3,'2020-06-05 22:48:17','2020-06-05 22:48:17',NULL),(911,83,9,2,'2020-06-05 22:48:17','2020-06-05 22:48:17',NULL),(912,83,10,1,'2020-06-05 22:48:17','2020-06-05 22:48:17',NULL),(913,83,11,0,'2020-06-05 22:48:17','2020-06-05 22:48:17',NULL),(914,84,1,10,'2020-06-05 22:48:17','2020-06-05 22:48:17',NULL),(915,84,2,9,'2020-06-05 22:48:17','2020-06-05 22:48:17',NULL),(916,84,3,8,'2020-06-05 22:48:17','2020-06-05 22:48:17',NULL),(917,84,4,7,'2020-06-05 22:48:17','2020-06-05 22:48:17',NULL),(918,84,5,6,'2020-06-05 22:48:17','2020-06-05 22:48:17',NULL),(919,84,6,5,'2020-06-05 22:48:17','2020-06-05 22:48:17',NULL),(920,84,7,4,'2020-06-05 22:48:17','2020-06-05 22:48:17',NULL),(921,84,8,3,'2020-06-05 22:48:17','2020-06-05 22:48:17',NULL),(922,84,9,2,'2020-06-05 22:48:17','2020-06-05 22:48:17',NULL),(923,84,10,1,'2020-06-05 22:48:17','2020-06-05 22:48:17',NULL),(924,84,11,0,'2020-06-05 22:48:17','2020-06-05 22:48:17',NULL),(925,85,1,10,'2020-06-05 22:48:17','2020-06-05 22:48:17',NULL),(926,85,2,9,'2020-06-05 22:48:17','2020-06-05 22:48:17',NULL),(927,85,3,8,'2020-06-05 22:48:17','2020-06-05 22:48:17',NULL),(928,85,4,7,'2020-06-05 22:48:17','2020-06-05 22:48:17',NULL),(929,85,5,6,'2020-06-05 22:48:17','2020-06-05 22:48:17',NULL),(930,85,6,5,'2020-06-05 22:48:17','2020-06-05 22:48:17',NULL),(931,85,7,4,'2020-06-05 22:48:17','2020-06-05 22:48:17',NULL),(932,85,8,3,'2020-06-05 22:48:17','2020-06-05 22:48:17',NULL),(933,85,9,2,'2020-06-05 22:48:17','2020-06-05 22:48:17',NULL),(934,85,10,1,'2020-06-05 22:48:17','2020-06-05 22:48:17',NULL),(935,85,11,0,'2020-06-05 22:48:17','2020-06-05 22:48:17',NULL),(936,86,1,10,'2020-06-05 22:48:17','2020-06-05 22:48:17',NULL),(937,86,2,9,'2020-06-05 22:48:17','2020-06-05 22:48:17',NULL),(938,86,3,8,'2020-06-05 22:48:17','2020-06-05 22:48:17',NULL),(939,86,4,7,'2020-06-05 22:48:17','2020-06-05 22:48:17',NULL),(940,86,5,6,'2020-06-05 22:48:17','2020-06-05 22:48:17',NULL),(941,86,6,5,'2020-06-05 22:48:17','2020-06-05 22:48:17',NULL),(942,86,7,4,'2020-06-05 22:48:17','2020-06-05 22:48:17',NULL),(943,86,8,3,'2020-06-05 22:48:17','2020-06-05 22:48:17',NULL),(944,86,9,2,'2020-06-05 22:48:17','2020-06-05 22:48:17',NULL),(945,86,10,1,'2020-06-05 22:48:17','2020-06-05 22:48:17',NULL),(946,86,11,0,'2020-06-05 22:48:17','2020-06-05 22:48:17',NULL),(947,87,1,10,'2020-06-05 22:48:17','2020-06-05 22:48:17',NULL),(948,87,2,9,'2020-06-05 22:48:17','2020-06-05 22:48:17',NULL),(949,87,3,8,'2020-06-05 22:48:17','2020-06-05 22:48:17',NULL),(950,87,4,7,'2020-06-05 22:48:17','2020-06-05 22:48:17',NULL),(951,87,5,6,'2020-06-05 22:48:17','2020-06-05 22:48:17',NULL),(952,87,6,5,'2020-06-05 22:48:17','2020-06-05 22:48:17',NULL),(953,87,7,4,'2020-06-05 22:48:17','2020-06-05 22:48:17',NULL),(954,87,8,3,'2020-06-05 22:48:17','2020-06-05 22:48:17',NULL),(955,87,9,2,'2020-06-05 22:48:17','2020-06-05 22:48:17',NULL),(956,87,10,1,'2020-06-05 22:48:17','2020-06-05 22:48:17',NULL),(957,87,11,0,'2020-06-05 22:48:17','2020-06-05 22:48:17',NULL),(958,88,1,10,'2020-06-05 22:48:17','2020-06-05 22:48:17',NULL),(959,88,2,9,'2020-06-05 22:48:17','2020-06-05 22:48:17',NULL),(960,88,3,8,'2020-06-05 22:48:17','2020-06-05 22:48:17',NULL),(961,88,4,7,'2020-06-05 22:48:17','2020-06-05 22:48:17',NULL),(962,88,5,6,'2020-06-05 22:48:17','2020-06-05 22:48:17',NULL),(963,88,6,5,'2020-06-05 22:48:17','2020-06-05 22:48:17',NULL),(964,88,7,4,'2020-06-05 22:48:17','2020-06-05 22:48:17',NULL),(965,88,8,3,'2020-06-05 22:48:17','2020-06-05 22:48:17',NULL),(966,88,9,2,'2020-06-05 22:48:17','2020-06-05 22:48:17',NULL),(967,88,10,1,'2020-06-05 22:48:17','2020-06-05 22:48:17',NULL),(968,88,11,0,'2020-06-05 22:48:17','2020-06-05 22:48:17',NULL),(969,89,1,10,'2020-06-05 22:48:17','2020-06-05 22:48:17',NULL),(970,89,2,9,'2020-06-05 22:48:17','2020-06-05 22:48:17',NULL),(971,89,3,8,'2020-06-05 22:48:17','2020-06-05 22:48:17',NULL),(972,89,4,7,'2020-06-05 22:48:17','2020-06-05 22:48:17',NULL),(973,89,5,6,'2020-06-05 22:48:17','2020-06-05 22:48:17',NULL),(974,89,6,5,'2020-06-05 22:48:17','2020-06-05 22:48:17',NULL),(975,89,7,4,'2020-06-05 22:48:17','2020-06-05 22:48:17',NULL),(976,89,8,3,'2020-06-05 22:48:17','2020-06-05 22:48:17',NULL),(977,89,9,2,'2020-06-05 22:48:17','2020-06-05 22:48:17',NULL),(978,89,10,1,'2020-06-05 22:48:17','2020-06-05 22:48:17',NULL),(979,89,11,0,'2020-06-05 22:48:17','2020-06-05 22:48:17',NULL),(980,90,1,10,'2020-06-05 22:48:17','2020-06-05 22:48:17',NULL),(981,90,2,9,'2020-06-05 22:48:17','2020-06-05 22:48:17',NULL),(982,90,3,8,'2020-06-05 22:48:17','2020-06-05 22:48:17',NULL),(983,90,4,7,'2020-06-05 22:48:17','2020-06-05 22:48:17',NULL),(984,90,5,6,'2020-06-05 22:48:17','2020-06-05 22:48:17',NULL),(985,90,6,5,'2020-06-05 22:48:17','2020-06-05 22:48:17',NULL),(986,90,7,4,'2020-06-05 22:48:17','2020-06-05 22:48:17',NULL),(987,90,8,3,'2020-06-05 22:48:17','2020-06-05 22:48:17',NULL),(988,90,9,2,'2020-06-05 22:48:17','2020-06-05 22:48:17',NULL),(989,90,10,1,'2020-06-05 22:48:17','2020-06-05 22:48:17',NULL),(990,90,11,0,'2020-06-05 22:48:17','2020-06-05 22:48:17',NULL),(991,91,1,10,'2020-06-05 22:48:17','2020-06-05 22:48:17',NULL),(992,91,2,9,'2020-06-05 22:48:17','2020-06-05 22:48:17',NULL),(993,91,3,8,'2020-06-05 22:48:17','2020-06-05 22:48:17',NULL),(994,91,4,7,'2020-06-05 22:48:17','2020-06-05 22:48:17',NULL),(995,91,5,6,'2020-06-05 22:48:17','2020-06-05 22:48:17',NULL),(996,91,6,5,'2020-06-05 22:48:17','2020-06-05 22:48:17',NULL),(997,91,7,4,'2020-06-05 22:48:17','2020-06-05 22:48:17',NULL),(998,91,8,3,'2020-06-05 22:48:17','2020-06-05 22:48:17',NULL),(999,91,9,2,'2020-06-05 22:48:17','2020-06-05 22:48:17',NULL),(1000,91,10,1,'2020-06-05 22:48:17','2020-06-05 22:48:17',NULL),(1001,91,11,0,'2020-06-05 22:48:17','2020-06-05 22:48:17',NULL),(1002,92,1,10,'2020-06-05 22:48:17','2020-06-05 22:48:17',NULL),(1003,92,2,9,'2020-06-05 22:48:17','2020-06-05 22:48:17',NULL),(1004,92,3,8,'2020-06-05 22:48:17','2020-06-05 22:48:17',NULL),(1005,92,4,7,'2020-06-05 22:48:17','2020-06-05 22:48:17',NULL),(1006,92,5,6,'2020-06-05 22:48:17','2020-06-05 22:48:17',NULL),(1007,92,6,5,'2020-06-05 22:48:17','2020-06-05 22:48:17',NULL),(1008,92,7,4,'2020-06-05 22:48:17','2020-06-05 22:48:17',NULL),(1009,92,8,3,'2020-06-05 22:48:17','2020-06-05 22:48:17',NULL),(1010,92,9,2,'2020-06-05 22:48:17','2020-06-05 22:48:17',NULL),(1011,92,10,1,'2020-06-05 22:48:17','2020-06-05 22:48:17',NULL),(1012,92,11,0,'2020-06-05 22:48:17','2020-06-05 22:48:17',NULL),(1013,93,1,10,'2020-06-05 22:48:17','2020-06-05 22:48:17',NULL),(1014,93,2,9,'2020-06-05 22:48:17','2020-06-05 22:48:17',NULL),(1015,93,3,8,'2020-06-05 22:48:17','2020-06-05 22:48:17',NULL),(1016,93,4,7,'2020-06-05 22:48:17','2020-06-05 22:48:17',NULL),(1017,93,5,6,'2020-06-05 22:48:17','2020-06-05 22:48:17',NULL),(1018,93,6,5,'2020-06-05 22:48:17','2020-06-05 22:48:17',NULL),(1019,93,7,4,'2020-06-05 22:48:17','2020-06-05 22:48:17',NULL),(1020,93,8,3,'2020-06-05 22:48:17','2020-06-05 22:48:17',NULL),(1021,93,9,2,'2020-06-05 22:48:17','2020-06-05 22:48:17',NULL),(1022,93,10,1,'2020-06-05 22:48:17','2020-06-05 22:48:17',NULL),(1023,93,11,0,'2020-06-05 22:48:17','2020-06-05 22:48:17',NULL),(1024,94,1,10,'2020-06-05 22:48:17','2020-06-05 22:48:17',NULL),(1025,94,2,9,'2020-06-05 22:48:17','2020-06-05 22:48:17',NULL),(1026,94,3,8,'2020-06-05 22:48:17','2020-06-05 22:48:17',NULL),(1027,94,4,7,'2020-06-05 22:48:17','2020-06-05 22:48:17',NULL),(1028,94,5,6,'2020-06-05 22:48:17','2020-06-05 22:48:17',NULL),(1029,94,6,5,'2020-06-05 22:48:17','2020-06-05 22:48:17',NULL),(1030,94,7,4,'2020-06-05 22:48:17','2020-06-05 22:48:17',NULL),(1031,94,8,3,'2020-06-05 22:48:17','2020-06-05 22:48:17',NULL),(1032,94,9,2,'2020-06-05 22:48:17','2020-06-05 22:48:17',NULL),(1033,94,10,1,'2020-06-05 22:48:17','2020-06-05 22:48:17',NULL),(1034,94,11,0,'2020-06-05 22:48:17','2020-06-05 22:48:17',NULL),(1035,95,1,10,'2020-06-05 22:48:17','2020-06-05 22:48:17',NULL),(1036,95,2,9,'2020-06-05 22:48:17','2020-06-05 22:48:17',NULL),(1037,95,3,8,'2020-06-05 22:48:17','2020-06-05 22:48:17',NULL),(1038,95,4,7,'2020-06-05 22:48:17','2020-06-05 22:48:17',NULL),(1039,95,5,6,'2020-06-05 22:48:17','2020-06-05 22:48:17',NULL),(1040,95,6,5,'2020-06-05 22:48:17','2020-06-05 22:48:17',NULL),(1041,95,7,4,'2020-06-05 22:48:17','2020-06-05 22:48:17',NULL),(1042,95,8,3,'2020-06-05 22:48:17','2020-06-05 22:48:17',NULL),(1043,95,9,2,'2020-06-05 22:48:17','2020-06-05 22:48:17',NULL),(1044,95,10,1,'2020-06-05 22:48:17','2020-06-05 22:48:17',NULL),(1045,95,11,0,'2020-06-05 22:48:17','2020-06-05 22:48:17',NULL),(1046,96,1,10,'2020-06-05 22:48:17','2020-06-05 22:48:17',NULL),(1047,96,2,9,'2020-06-05 22:48:17','2020-06-05 22:48:17',NULL),(1048,96,3,8,'2020-06-05 22:48:17','2020-06-05 22:48:17',NULL),(1049,96,4,7,'2020-06-05 22:48:17','2020-06-05 22:48:17',NULL),(1050,96,5,6,'2020-06-05 22:48:17','2020-06-05 22:48:17',NULL),(1051,96,6,5,'2020-06-05 22:48:17','2020-06-05 22:48:17',NULL),(1052,96,7,4,'2020-06-05 22:48:17','2020-06-05 22:48:17',NULL),(1053,96,8,3,'2020-06-05 22:48:17','2020-06-05 22:48:17',NULL),(1054,96,9,2,'2020-06-05 22:48:17','2020-06-05 22:48:17',NULL),(1055,96,10,1,'2020-06-05 22:48:17','2020-06-05 22:48:17',NULL),(1056,96,11,0,'2020-06-05 22:48:17','2020-06-05 22:48:17',NULL),(1057,97,1,10,'2020-06-05 22:48:17','2020-06-05 22:48:17',NULL),(1058,97,2,9,'2020-06-05 22:48:17','2020-06-05 22:48:17',NULL),(1059,97,3,8,'2020-06-05 22:48:17','2020-06-05 22:48:17',NULL),(1060,97,4,7,'2020-06-05 22:48:17','2020-06-05 22:48:17',NULL),(1061,97,5,6,'2020-06-05 22:48:17','2020-06-05 22:48:17',NULL),(1062,97,6,5,'2020-06-05 22:48:17','2020-06-05 22:48:17',NULL),(1063,97,7,4,'2020-06-05 22:48:17','2020-06-05 22:48:17',NULL),(1064,97,8,3,'2020-06-05 22:48:17','2020-06-05 22:48:17',NULL),(1065,97,9,2,'2020-06-05 22:48:17','2020-06-05 22:48:17',NULL),(1066,97,10,1,'2020-06-05 22:48:17','2020-06-05 22:48:17',NULL),(1067,97,11,0,'2020-06-05 22:48:17','2020-06-05 22:48:17',NULL),(1068,98,1,10,'2020-06-05 22:48:17','2020-06-05 22:48:17',NULL),(1069,98,2,9,'2020-06-05 22:48:17','2020-06-05 22:48:17',NULL),(1070,98,3,8,'2020-06-05 22:48:17','2020-06-05 22:48:17',NULL),(1071,98,4,7,'2020-06-05 22:48:17','2020-06-05 22:48:17',NULL),(1072,98,5,6,'2020-06-05 22:48:17','2020-06-05 22:48:17',NULL),(1073,98,6,5,'2020-06-05 22:48:17','2020-06-05 22:48:17',NULL),(1074,98,7,4,'2020-06-05 22:48:17','2020-06-05 22:48:17',NULL),(1075,98,8,3,'2020-06-05 22:48:17','2020-06-05 22:48:17',NULL),(1076,98,9,2,'2020-06-05 22:48:17','2020-06-05 22:48:17',NULL),(1077,98,10,1,'2020-06-05 22:48:17','2020-06-05 22:48:17',NULL),(1078,98,11,0,'2020-06-05 22:48:17','2020-06-05 22:48:17',NULL),(1079,99,1,10,'2020-06-05 22:48:17','2020-06-05 22:48:17',NULL),(1080,99,2,9,'2020-06-05 22:48:17','2020-06-05 22:48:17',NULL),(1081,99,3,8,'2020-06-05 22:48:17','2020-06-05 22:48:17',NULL),(1082,99,4,7,'2020-06-05 22:48:17','2020-06-05 22:48:17',NULL),(1083,99,5,6,'2020-06-05 22:48:17','2020-06-05 22:48:17',NULL),(1084,99,6,5,'2020-06-05 22:48:17','2020-06-05 22:48:17',NULL),(1085,99,7,4,'2020-06-05 22:48:17','2020-06-05 22:48:17',NULL),(1086,99,8,3,'2020-06-05 22:48:17','2020-06-05 22:48:17',NULL),(1087,99,9,2,'2020-06-05 22:48:17','2020-06-05 22:48:17',NULL),(1088,99,10,1,'2020-06-05 22:48:17','2020-06-05 22:48:17',NULL),(1089,99,11,0,'2020-06-05 22:48:17','2020-06-05 22:48:17',NULL),(1090,101,1,10,'2020-06-05 22:48:17','2020-06-05 22:48:17',NULL),(1091,101,2,9,'2020-06-05 22:48:17','2020-06-05 22:48:17',NULL),(1092,101,3,8,'2020-06-05 22:48:17','2020-06-05 22:48:17',NULL),(1093,101,4,7,'2020-06-05 22:48:17','2020-06-05 22:48:17',NULL),(1094,101,5,6,'2020-06-05 22:48:17','2020-06-05 22:48:17',NULL),(1095,101,6,5,'2020-06-05 22:48:17','2020-06-05 22:48:17',NULL),(1096,101,7,4,'2020-06-05 22:48:17','2020-06-05 22:48:17',NULL),(1097,101,8,3,'2020-06-05 22:48:17','2020-06-05 22:48:17',NULL),(1098,101,9,2,'2020-06-05 22:48:17','2020-06-05 22:48:17',NULL),(1099,101,10,1,'2020-06-05 22:48:17','2020-06-05 22:48:17',NULL),(1100,101,11,0,'2020-06-05 22:48:17','2020-06-05 22:48:17',NULL),(1101,102,1,10,'2020-06-05 22:48:17','2020-06-05 22:48:17',NULL),(1102,102,2,9,'2020-06-05 22:48:17','2020-06-05 22:48:17',NULL),(1103,102,3,8,'2020-06-05 22:48:17','2020-06-05 22:48:17',NULL),(1104,102,4,7,'2020-06-05 22:48:17','2020-06-05 22:48:17',NULL),(1105,102,5,6,'2020-06-05 22:48:17','2020-06-05 22:48:17',NULL),(1106,102,6,5,'2020-06-05 22:48:17','2020-06-05 22:48:17',NULL),(1107,102,7,4,'2020-06-05 22:48:17','2020-06-05 22:48:17',NULL),(1108,102,8,3,'2020-06-05 22:48:17','2020-06-05 22:48:17',NULL),(1109,102,9,2,'2020-06-05 22:48:17','2020-06-05 22:48:17',NULL),(1110,102,10,1,'2020-06-05 22:48:17','2020-06-05 22:48:17',NULL),(1111,102,11,0,'2020-06-05 22:48:17','2020-06-05 22:48:17',NULL),(1112,103,1,10,'2020-06-05 22:48:17','2020-06-05 22:48:17',NULL),(1113,103,2,9,'2020-06-05 22:48:17','2020-06-05 22:48:17',NULL),(1114,103,3,8,'2020-06-05 22:48:17','2020-06-05 22:48:17',NULL),(1115,103,4,7,'2020-06-05 22:48:17','2020-06-05 22:48:17',NULL),(1116,103,5,6,'2020-06-05 22:48:17','2020-06-05 22:48:17',NULL),(1117,103,6,5,'2020-06-05 22:48:17','2020-06-05 22:48:17',NULL),(1118,103,7,4,'2020-06-05 22:48:17','2020-06-05 22:48:17',NULL),(1119,103,8,3,'2020-06-05 22:48:17','2020-06-05 22:48:17',NULL),(1120,103,9,2,'2020-06-05 22:48:17','2020-06-05 22:48:17',NULL),(1121,103,10,1,'2020-06-05 22:48:17','2020-06-05 22:48:17',NULL),(1122,103,11,0,'2020-06-05 22:48:17','2020-06-05 22:48:17',NULL),(1123,104,1,10,'2020-06-05 22:48:17','2020-06-05 22:48:17',NULL),(1124,104,2,9,'2020-06-05 22:48:17','2020-06-05 22:48:17',NULL),(1125,104,3,8,'2020-06-05 22:48:17','2020-06-05 22:48:17',NULL),(1126,104,4,7,'2020-06-05 22:48:17','2020-06-05 22:48:17',NULL),(1127,104,5,6,'2020-06-05 22:48:17','2020-06-05 22:48:17',NULL),(1128,104,6,5,'2020-06-05 22:48:17','2020-06-05 22:48:17',NULL),(1129,104,7,4,'2020-06-05 22:48:17','2020-06-05 22:48:17',NULL),(1130,104,8,3,'2020-06-05 22:48:17','2020-06-05 22:48:17',NULL),(1131,104,9,2,'2020-06-05 22:48:17','2020-06-05 22:48:17',NULL),(1132,104,10,1,'2020-06-05 22:48:17','2020-06-05 22:48:17',NULL),(1133,104,11,0,'2020-06-05 22:48:17','2020-06-05 22:48:17',NULL),(1134,105,1,10,'2020-06-05 22:48:17','2020-06-05 22:48:17',NULL),(1135,105,2,9,'2020-06-05 22:48:17','2020-06-05 22:48:17',NULL),(1136,105,3,8,'2020-06-05 22:48:17','2020-06-05 22:48:17',NULL),(1137,105,4,7,'2020-06-05 22:48:17','2020-06-05 22:48:17',NULL),(1138,105,5,6,'2020-06-05 22:48:17','2020-06-05 22:48:17',NULL),(1139,105,6,5,'2020-06-05 22:48:17','2020-06-05 22:48:17',NULL),(1140,105,7,4,'2020-06-05 22:48:17','2020-06-05 22:48:17',NULL),(1141,105,8,3,'2020-06-05 22:48:17','2020-06-05 22:48:17',NULL),(1142,105,9,2,'2020-06-05 22:48:17','2020-06-05 22:48:17',NULL),(1143,105,10,1,'2020-06-05 22:48:17','2020-06-05 22:48:17',NULL),(1144,105,11,0,'2020-06-05 22:48:17','2020-06-05 22:48:17',NULL),(1145,106,1,10,'2020-06-05 22:48:17','2020-06-05 22:48:17',NULL),(1146,106,2,9,'2020-06-05 22:48:17','2020-06-05 22:48:17',NULL),(1147,106,3,8,'2020-06-05 22:48:17','2020-06-05 22:48:17',NULL),(1148,106,4,7,'2020-06-05 22:48:17','2020-06-05 22:48:17',NULL),(1149,106,5,6,'2020-06-05 22:48:17','2020-06-05 22:48:17',NULL),(1150,106,6,5,'2020-06-05 22:48:17','2020-06-05 22:48:17',NULL),(1151,106,7,4,'2020-06-05 22:48:17','2020-06-05 22:48:17',NULL),(1152,106,8,3,'2020-06-05 22:48:17','2020-06-05 22:48:17',NULL),(1153,106,9,2,'2020-06-05 22:48:17','2020-06-05 22:48:17',NULL),(1154,106,10,1,'2020-06-05 22:48:17','2020-06-05 22:48:17',NULL),(1155,106,11,0,'2020-06-05 22:48:17','2020-06-05 22:48:17',NULL),(1156,107,1,10,'2020-06-05 22:48:17','2020-06-05 22:48:17',NULL),(1157,107,2,9,'2020-06-05 22:48:17','2020-06-05 22:48:17',NULL),(1158,107,3,8,'2020-06-05 22:48:17','2020-06-05 22:48:17',NULL),(1159,107,4,7,'2020-06-05 22:48:17','2020-06-05 22:48:17',NULL),(1160,107,5,6,'2020-06-05 22:48:17','2020-06-05 22:48:17',NULL),(1161,107,6,5,'2020-06-05 22:48:17','2020-06-05 22:48:17',NULL),(1162,107,7,4,'2020-06-05 22:48:17','2020-06-05 22:48:17',NULL),(1163,107,8,3,'2020-06-05 22:48:17','2020-06-05 22:48:17',NULL),(1164,107,9,2,'2020-06-05 22:48:17','2020-06-05 22:48:17',NULL),(1165,107,10,1,'2020-06-05 22:48:17','2020-06-05 22:48:17',NULL),(1166,107,11,0,'2020-06-05 22:48:17','2020-06-05 22:48:17',NULL),(1167,108,1,10,'2020-06-05 22:48:17','2020-06-05 22:48:17',NULL),(1168,108,2,9,'2020-06-05 22:48:17','2020-06-05 22:48:17',NULL),(1169,108,3,8,'2020-06-05 22:48:17','2020-06-05 22:48:17',NULL),(1170,108,4,7,'2020-06-05 22:48:17','2020-06-05 22:48:17',NULL),(1171,108,5,6,'2020-06-05 22:48:17','2020-06-05 22:48:17',NULL),(1172,108,6,5,'2020-06-05 22:48:17','2020-06-05 22:48:17',NULL),(1173,108,7,4,'2020-06-05 22:48:17','2020-06-05 22:48:17',NULL),(1174,108,8,3,'2020-06-05 22:48:17','2020-06-05 22:48:17',NULL),(1175,108,9,2,'2020-06-05 22:48:17','2020-06-05 22:48:17',NULL),(1176,108,10,1,'2020-06-05 22:48:17','2020-06-05 22:48:17',NULL),(1177,108,11,0,'2020-06-05 22:48:17','2020-06-05 22:48:17',NULL),(1178,109,1,10,'2020-06-05 22:48:17','2020-06-05 22:48:17',NULL),(1179,109,2,9,'2020-06-05 22:48:17','2020-06-05 22:48:17',NULL),(1180,109,3,8,'2020-06-05 22:48:17','2020-06-05 22:48:17',NULL),(1181,109,4,7,'2020-06-05 22:48:17','2020-06-05 22:48:17',NULL),(1182,109,5,6,'2020-06-05 22:48:17','2020-06-05 22:48:17',NULL),(1183,109,6,5,'2020-06-05 22:48:17','2020-06-05 22:48:17',NULL),(1184,109,7,4,'2020-06-05 22:48:17','2020-06-05 22:48:17',NULL),(1185,109,8,3,'2020-06-05 22:48:17','2020-06-05 22:48:17',NULL),(1186,109,9,2,'2020-06-05 22:48:17','2020-06-05 22:48:17',NULL),(1187,109,10,1,'2020-06-05 22:48:17','2020-06-05 22:48:17',NULL),(1188,109,11,0,'2020-06-05 22:48:17','2020-06-05 22:48:17',NULL),(1189,110,1,10,'2020-06-05 22:48:17','2020-06-05 22:48:17',NULL),(1190,110,2,9,'2020-06-05 22:48:17','2020-06-05 22:48:17',NULL),(1191,110,3,8,'2020-06-05 22:48:17','2020-06-05 22:48:17',NULL),(1192,110,4,7,'2020-06-05 22:48:17','2020-06-05 22:48:17',NULL),(1193,110,5,6,'2020-06-05 22:48:17','2020-06-05 22:48:17',NULL),(1194,110,6,5,'2020-06-05 22:48:17','2020-06-05 22:48:17',NULL),(1195,110,7,4,'2020-06-05 22:48:17','2020-06-05 22:48:17',NULL),(1196,110,8,3,'2020-06-05 22:48:17','2020-06-05 22:48:17',NULL),(1197,110,9,2,'2020-06-05 22:48:17','2020-06-05 22:48:17',NULL),(1198,110,10,1,'2020-06-05 22:48:17','2020-06-05 22:48:17',NULL),(1199,110,11,0,'2020-06-05 22:48:17','2020-06-05 22:48:17',NULL),(1200,111,1,10,'2020-06-05 22:48:17','2020-06-05 22:48:17',NULL),(1201,111,2,9,'2020-06-05 22:48:17','2020-06-05 22:48:17',NULL),(1202,111,3,8,'2020-06-05 22:48:17','2020-06-05 22:48:17',NULL),(1203,111,4,7,'2020-06-05 22:48:17','2020-06-05 22:48:17',NULL),(1204,111,5,6,'2020-06-05 22:48:17','2020-06-05 22:48:17',NULL),(1205,111,6,5,'2020-06-05 22:48:17','2020-06-05 22:48:17',NULL),(1206,111,7,4,'2020-06-05 22:48:17','2020-06-05 22:48:17',NULL),(1207,111,8,3,'2020-06-05 22:48:17','2020-06-05 22:48:17',NULL),(1208,111,9,2,'2020-06-05 22:48:17','2020-06-05 22:48:17',NULL),(1209,111,10,1,'2020-06-05 22:48:17','2020-06-05 22:48:17',NULL),(1210,111,11,0,'2020-06-05 22:48:17','2020-06-05 22:48:17',NULL),(1211,112,1,10,'2020-06-05 22:48:17','2020-06-05 22:48:17',NULL),(1212,112,2,9,'2020-06-05 22:48:17','2020-06-05 22:48:17',NULL),(1213,112,3,8,'2020-06-05 22:48:17','2020-06-05 22:48:17',NULL),(1214,112,4,7,'2020-06-05 22:48:17','2020-06-05 22:48:17',NULL),(1215,112,5,6,'2020-06-05 22:48:17','2020-06-05 22:48:17',NULL),(1216,112,6,5,'2020-06-05 22:48:17','2020-06-05 22:48:17',NULL),(1217,112,7,4,'2020-06-05 22:48:17','2020-06-05 22:48:17',NULL),(1218,112,8,3,'2020-06-05 22:48:17','2020-06-05 22:48:17',NULL),(1219,112,9,2,'2020-06-05 22:48:17','2020-06-05 22:48:17',NULL),(1220,112,10,1,'2020-06-05 22:48:17','2020-06-05 22:48:17',NULL),(1221,112,11,0,'2020-06-05 22:48:17','2020-06-05 22:48:17',NULL),(1222,113,1,10,'2020-06-05 22:48:17','2020-06-05 22:48:17',NULL),(1223,113,2,9,'2020-06-05 22:48:17','2020-06-05 22:48:17',NULL),(1224,113,3,8,'2020-06-05 22:48:17','2020-06-05 22:48:17',NULL),(1225,113,4,7,'2020-06-05 22:48:17','2020-06-05 22:48:17',NULL),(1226,113,5,6,'2020-06-05 22:48:17','2020-06-05 22:48:17',NULL),(1227,113,6,5,'2020-06-05 22:48:17','2020-06-05 22:48:17',NULL),(1228,113,7,4,'2020-06-05 22:48:17','2020-06-05 22:48:17',NULL),(1229,113,8,3,'2020-06-05 22:48:17','2020-06-05 22:48:17',NULL),(1230,113,9,2,'2020-06-05 22:48:17','2020-06-05 22:48:17',NULL),(1231,113,10,1,'2020-06-05 22:48:17','2020-06-05 22:48:17',NULL),(1232,113,11,0,'2020-06-05 22:48:17','2020-06-05 22:48:17',NULL),(1233,114,1,10,'2020-06-05 22:48:17','2020-06-05 22:48:17',NULL),(1234,114,2,9,'2020-06-05 22:48:17','2020-06-05 22:48:17',NULL),(1235,114,3,8,'2020-06-05 22:48:17','2020-06-05 22:48:17',NULL),(1236,114,4,7,'2020-06-05 22:48:17','2020-06-05 22:48:17',NULL),(1237,114,5,6,'2020-06-05 22:48:17','2020-06-05 22:48:17',NULL),(1238,114,6,5,'2020-06-05 22:48:17','2020-06-05 22:48:17',NULL),(1239,114,7,4,'2020-06-05 22:48:17','2020-06-05 22:48:17',NULL),(1240,114,8,3,'2020-06-05 22:48:17','2020-06-05 22:48:17',NULL),(1241,114,9,2,'2020-06-05 22:48:17','2020-06-05 22:48:17',NULL),(1242,114,10,1,'2020-06-05 22:48:17','2020-06-05 22:48:17',NULL),(1243,114,11,0,'2020-06-05 22:48:17','2020-06-05 22:48:17',NULL),(1244,115,1,10,'2020-06-05 22:48:17','2020-06-05 22:48:17',NULL),(1245,115,2,9,'2020-06-05 22:48:17','2020-06-05 22:48:17',NULL),(1246,115,3,8,'2020-06-05 22:48:17','2020-06-05 22:48:17',NULL),(1247,115,4,7,'2020-06-05 22:48:17','2020-06-05 22:48:17',NULL),(1248,115,5,6,'2020-06-05 22:48:17','2020-06-05 22:48:17',NULL),(1249,115,6,5,'2020-06-05 22:48:17','2020-06-05 22:48:17',NULL),(1250,115,7,4,'2020-06-05 22:48:17','2020-06-05 22:48:17',NULL),(1251,115,8,3,'2020-06-05 22:48:17','2020-06-05 22:48:17',NULL),(1252,115,9,2,'2020-06-05 22:48:17','2020-06-05 22:48:17',NULL),(1253,115,10,1,'2020-06-05 22:48:17','2020-06-05 22:48:17',NULL),(1254,115,11,0,'2020-06-05 22:48:17','2020-06-05 22:48:17',NULL),(1255,116,1,10,'2020-06-05 22:48:17','2020-06-05 22:48:17',NULL),(1256,116,2,9,'2020-06-05 22:48:17','2020-06-05 22:48:17',NULL),(1257,116,3,8,'2020-06-05 22:48:17','2020-06-05 22:48:17',NULL),(1258,116,4,7,'2020-06-05 22:48:17','2020-06-05 22:48:17',NULL),(1259,116,5,6,'2020-06-05 22:48:17','2020-06-05 22:48:17',NULL),(1260,116,6,5,'2020-06-05 22:48:17','2020-06-05 22:48:17',NULL),(1261,116,7,4,'2020-06-05 22:48:17','2020-06-05 22:48:17',NULL),(1262,116,8,3,'2020-06-05 22:48:17','2020-06-05 22:48:17',NULL),(1263,116,9,2,'2020-06-05 22:48:17','2020-06-05 22:48:17',NULL),(1264,116,10,1,'2020-06-05 22:48:17','2020-06-05 22:48:17',NULL),(1265,116,11,0,'2020-06-05 22:48:17','2020-06-05 22:48:17',NULL),(1266,117,1,10,'2020-06-05 22:48:17','2020-06-05 22:48:17',NULL),(1267,117,2,9,'2020-06-05 22:48:17','2020-06-05 22:48:17',NULL),(1268,117,3,8,'2020-06-05 22:48:17','2020-06-05 22:48:17',NULL),(1269,117,4,7,'2020-06-05 22:48:17','2020-06-05 22:48:17',NULL),(1270,117,5,6,'2020-06-05 22:48:17','2020-06-05 22:48:17',NULL),(1271,117,6,5,'2020-06-05 22:48:17','2020-06-05 22:48:17',NULL),(1272,117,7,4,'2020-06-05 22:48:17','2020-06-05 22:48:17',NULL),(1273,117,8,3,'2020-06-05 22:48:17','2020-06-05 22:48:17',NULL),(1274,117,9,2,'2020-06-05 22:48:17','2020-06-05 22:48:17',NULL),(1275,117,10,1,'2020-06-05 22:48:17','2020-06-05 22:48:17',NULL),(1276,117,11,0,'2020-06-05 22:48:17','2020-06-05 22:48:17',NULL),(1277,118,1,10,'2020-06-05 22:48:17','2020-06-05 22:48:17',NULL),(1278,118,2,9,'2020-06-05 22:48:17','2020-06-05 22:48:17',NULL),(1279,118,3,8,'2020-06-05 22:48:17','2020-06-05 22:48:17',NULL),(1280,118,4,7,'2020-06-05 22:48:17','2020-06-05 22:48:17',NULL),(1281,118,5,6,'2020-06-05 22:48:17','2020-06-05 22:48:17',NULL),(1282,118,6,5,'2020-06-05 22:48:17','2020-06-05 22:48:17',NULL),(1283,118,7,4,'2020-06-05 22:48:17','2020-06-05 22:48:17',NULL),(1284,118,8,3,'2020-06-05 22:48:17','2020-06-05 22:48:17',NULL),(1285,118,9,2,'2020-06-05 22:48:17','2020-06-05 22:48:17',NULL),(1286,118,10,1,'2020-06-05 22:48:17','2020-06-05 22:48:17',NULL),(1287,118,11,0,'2020-06-05 22:48:17','2020-06-05 22:48:17',NULL),(1288,119,1,10,'2020-06-05 22:48:17','2020-06-05 22:48:17',NULL),(1289,119,2,9,'2020-06-05 22:48:17','2020-06-05 22:48:17',NULL),(1290,119,3,8,'2020-06-05 22:48:17','2020-06-05 22:48:17',NULL),(1291,119,4,7,'2020-06-05 22:48:17','2020-06-05 22:48:17',NULL),(1292,119,5,6,'2020-06-05 22:48:17','2020-06-05 22:48:17',NULL),(1293,119,6,5,'2020-06-05 22:48:17','2020-06-05 22:48:17',NULL),(1294,119,7,4,'2020-06-05 22:48:17','2020-06-05 22:48:17',NULL),(1295,119,8,3,'2020-06-05 22:48:17','2020-06-05 22:48:17',NULL),(1296,119,9,2,'2020-06-05 22:48:17','2020-06-05 22:48:17',NULL),(1297,119,10,1,'2020-06-05 22:48:17','2020-06-05 22:48:17',NULL),(1298,119,11,0,'2020-06-05 22:48:17','2020-06-05 22:48:17',NULL),(1299,120,1,10,'2020-06-05 22:48:17','2020-06-05 22:48:17',NULL),(1300,120,2,9,'2020-06-05 22:48:17','2020-06-05 22:48:17',NULL),(1301,120,3,8,'2020-06-05 22:48:17','2020-06-05 22:48:17',NULL),(1302,120,4,7,'2020-06-05 22:48:17','2020-06-05 22:48:17',NULL),(1303,120,5,6,'2020-06-05 22:48:17','2020-06-05 22:48:17',NULL),(1304,120,6,5,'2020-06-05 22:48:17','2020-06-05 22:48:17',NULL),(1305,120,7,4,'2020-06-05 22:48:17','2020-06-05 22:48:17',NULL),(1306,120,8,3,'2020-06-05 22:48:17','2020-06-05 22:48:17',NULL),(1307,120,9,2,'2020-06-05 22:48:17','2020-06-05 22:48:17',NULL),(1308,120,10,1,'2020-06-05 22:48:17','2020-06-05 22:48:17',NULL),(1309,120,11,0,'2020-06-05 22:48:17','2020-06-05 22:48:17',NULL),(1310,121,1,10,'2020-06-05 22:48:17','2020-06-05 22:48:17',NULL),(1311,121,2,9,'2020-06-05 22:48:17','2020-06-05 22:48:17',NULL),(1312,121,3,8,'2020-06-05 22:48:17','2020-06-05 22:48:17',NULL),(1313,121,4,7,'2020-06-05 22:48:17','2020-06-05 22:48:17',NULL),(1314,121,5,6,'2020-06-05 22:48:17','2020-06-05 22:48:17',NULL),(1315,121,6,5,'2020-06-05 22:48:17','2020-06-05 22:48:17',NULL),(1316,121,7,4,'2020-06-05 22:48:17','2020-06-05 22:48:17',NULL),(1317,121,8,3,'2020-06-05 22:48:17','2020-06-05 22:48:17',NULL),(1318,121,9,2,'2020-06-05 22:48:17','2020-06-05 22:48:17',NULL),(1319,121,10,1,'2020-06-05 22:48:17','2020-06-05 22:48:17',NULL),(1320,121,11,0,'2020-06-05 22:48:17','2020-06-05 22:48:17',NULL),(1321,122,1,10,'2020-06-05 22:48:17','2020-06-05 22:48:17',NULL),(1322,122,2,9,'2020-06-05 22:48:17','2020-06-05 22:48:17',NULL),(1323,122,3,8,'2020-06-05 22:48:17','2020-06-05 22:48:17',NULL),(1324,122,4,7,'2020-06-05 22:48:17','2020-06-05 22:48:17',NULL),(1325,122,5,6,'2020-06-05 22:48:17','2020-06-05 22:48:17',NULL),(1326,122,6,5,'2020-06-05 22:48:17','2020-06-05 22:48:17',NULL),(1327,122,7,4,'2020-06-05 22:48:17','2020-06-05 22:48:17',NULL),(1328,122,8,3,'2020-06-05 22:48:17','2020-06-05 22:48:17',NULL),(1329,122,9,2,'2020-06-05 22:48:17','2020-06-05 22:48:17',NULL),(1330,122,10,1,'2020-06-05 22:48:17','2020-06-05 22:48:17',NULL),(1331,122,11,0,'2020-06-05 22:48:17','2020-06-05 22:48:17',NULL),(1332,123,1,10,'2020-06-05 22:48:17','2020-06-05 22:48:17',NULL),(1333,123,2,9,'2020-06-05 22:48:17','2020-06-05 22:48:17',NULL),(1334,123,3,8,'2020-06-05 22:48:17','2020-06-05 22:48:17',NULL),(1335,123,4,7,'2020-06-05 22:48:17','2020-06-05 22:48:17',NULL),(1336,123,5,6,'2020-06-05 22:48:17','2020-06-05 22:48:17',NULL),(1337,123,6,5,'2020-06-05 22:48:17','2020-06-05 22:48:17',NULL),(1338,123,7,4,'2020-06-05 22:48:17','2020-06-05 22:48:17',NULL),(1339,123,8,3,'2020-06-05 22:48:17','2020-06-05 22:48:17',NULL),(1340,123,9,2,'2020-06-05 22:48:17','2020-06-05 22:48:17',NULL),(1341,123,10,1,'2020-06-05 22:48:17','2020-06-05 22:48:17',NULL),(1342,123,11,0,'2020-06-05 22:48:17','2020-06-05 22:48:17',NULL),(1343,124,1,10,'2020-06-05 22:48:17','2020-06-05 22:48:17',NULL),(1344,124,2,9,'2020-06-05 22:48:17','2020-06-05 22:48:17',NULL),(1345,124,3,8,'2020-06-05 22:48:17','2020-06-05 22:48:17',NULL),(1346,124,4,7,'2020-06-05 22:48:17','2020-06-05 22:48:17',NULL),(1347,124,5,6,'2020-06-05 22:48:17','2020-06-05 22:48:17',NULL),(1348,124,6,5,'2020-06-05 22:48:17','2020-06-05 22:48:17',NULL),(1349,124,7,4,'2020-06-05 22:48:17','2020-06-05 22:48:17',NULL),(1350,124,8,3,'2020-06-05 22:48:17','2020-06-05 22:48:17',NULL),(1351,124,9,2,'2020-06-05 22:48:17','2020-06-05 22:48:17',NULL),(1352,124,10,1,'2020-06-05 22:48:17','2020-06-05 22:48:17',NULL),(1353,124,11,0,'2020-06-05 22:48:17','2020-06-05 22:48:17',NULL),(1354,125,1,10,'2020-06-05 22:48:17','2020-06-05 22:48:17',NULL),(1355,125,2,9,'2020-06-05 22:48:17','2020-06-05 22:48:17',NULL),(1356,125,3,8,'2020-06-05 22:48:17','2020-06-05 22:48:17',NULL),(1357,125,4,7,'2020-06-05 22:48:17','2020-06-05 22:48:17',NULL),(1358,125,5,6,'2020-06-05 22:48:17','2020-06-05 22:48:17',NULL),(1359,125,6,5,'2020-06-05 22:48:17','2020-06-05 22:48:17',NULL),(1360,125,7,4,'2020-06-05 22:48:17','2020-06-05 22:48:17',NULL),(1361,125,8,3,'2020-06-05 22:48:17','2020-06-05 22:48:17',NULL),(1362,125,9,2,'2020-06-05 22:48:17','2020-06-05 22:48:17',NULL),(1363,125,10,1,'2020-06-05 22:48:17','2020-06-05 22:48:17',NULL),(1364,125,11,0,'2020-06-05 22:48:17','2020-06-05 22:48:17',NULL),(1365,126,1,10,'2020-06-05 22:48:17','2020-06-05 22:48:17',NULL),(1366,126,2,9,'2020-06-05 22:48:17','2020-06-05 22:48:17',NULL),(1367,126,3,8,'2020-06-05 22:48:17','2020-06-05 22:48:17',NULL),(1368,126,4,7,'2020-06-05 22:48:17','2020-06-05 22:48:17',NULL),(1369,126,5,6,'2020-06-05 22:48:17','2020-06-05 22:48:17',NULL),(1370,126,6,5,'2020-06-05 22:48:17','2020-06-05 22:48:17',NULL),(1371,126,7,4,'2020-06-05 22:48:17','2020-06-05 22:48:17',NULL),(1372,126,8,3,'2020-06-05 22:48:17','2020-06-05 22:48:17',NULL),(1373,126,9,2,'2020-06-05 22:48:17','2020-06-05 22:48:17',NULL),(1374,126,10,1,'2020-06-05 22:48:17','2020-06-05 22:48:17',NULL),(1375,126,11,0,'2020-06-05 22:48:17','2020-06-05 22:48:17',NULL),(1376,127,1,10,'2020-06-05 22:48:17','2020-06-05 22:48:17',NULL),(1377,127,2,9,'2020-06-05 22:48:17','2020-06-05 22:48:17',NULL),(1378,127,3,8,'2020-06-05 22:48:17','2020-06-05 22:48:17',NULL),(1379,127,4,7,'2020-06-05 22:48:17','2020-06-05 22:48:17',NULL),(1380,127,5,6,'2020-06-05 22:48:17','2020-06-05 22:48:17',NULL),(1381,127,6,5,'2020-06-05 22:48:17','2020-06-05 22:48:17',NULL),(1382,127,7,4,'2020-06-05 22:48:17','2020-06-05 22:48:17',NULL),(1383,127,8,3,'2020-06-05 22:48:17','2020-06-05 22:48:17',NULL),(1384,127,9,2,'2020-06-05 22:48:17','2020-06-05 22:48:17',NULL),(1385,127,10,1,'2020-06-05 22:48:17','2020-06-05 22:48:17',NULL),(1386,127,11,0,'2020-06-05 22:48:17','2020-06-05 22:48:17',NULL),(1387,128,1,10,'2020-06-05 22:48:17','2020-06-05 22:48:17',NULL),(1388,128,2,9,'2020-06-05 22:48:17','2020-06-05 22:48:17',NULL),(1389,128,3,8,'2020-06-05 22:48:17','2020-06-05 22:48:17',NULL),(1390,128,4,7,'2020-06-05 22:48:17','2020-06-05 22:48:17',NULL),(1391,128,5,6,'2020-06-05 22:48:17','2020-06-05 22:48:17',NULL),(1392,128,6,5,'2020-06-05 22:48:17','2020-06-05 22:48:17',NULL),(1393,128,7,4,'2020-06-05 22:48:17','2020-06-05 22:48:17',NULL),(1394,128,8,3,'2020-06-05 22:48:17','2020-06-05 22:48:17',NULL),(1395,128,9,2,'2020-06-05 22:48:17','2020-06-05 22:48:17',NULL),(1396,128,10,1,'2020-06-05 22:48:17','2020-06-05 22:48:17',NULL),(1397,128,11,0,'2020-06-05 22:48:17','2020-06-05 22:48:17',NULL),(1398,129,1,10,'2020-06-05 22:48:17','2020-06-05 22:48:17',NULL),(1399,129,2,9,'2020-06-05 22:48:17','2020-06-05 22:48:17',NULL),(1400,129,3,8,'2020-06-05 22:48:17','2020-06-05 22:48:17',NULL),(1401,129,4,7,'2020-06-05 22:48:17','2020-06-05 22:48:17',NULL),(1402,129,5,6,'2020-06-05 22:48:17','2020-06-05 22:48:17',NULL),(1403,129,6,5,'2020-06-05 22:48:17','2020-06-05 22:48:17',NULL),(1404,129,7,4,'2020-06-05 22:48:17','2020-06-05 22:48:17',NULL),(1405,129,8,3,'2020-06-05 22:48:17','2020-06-05 22:48:17',NULL),(1406,129,9,2,'2020-06-05 22:48:17','2020-06-05 22:48:17',NULL),(1407,129,10,1,'2020-06-05 22:48:17','2020-06-05 22:48:17',NULL),(1408,129,11,0,'2020-06-05 22:48:17','2020-06-05 22:48:17',NULL),(1409,130,1,10,'2020-06-05 22:48:17','2020-06-05 22:48:17',NULL),(1410,130,2,9,'2020-06-05 22:48:17','2020-06-05 22:48:17',NULL),(1411,130,3,8,'2020-06-05 22:48:17','2020-06-05 22:48:17',NULL),(1412,130,4,7,'2020-06-05 22:48:17','2020-06-05 22:48:17',NULL),(1413,130,5,6,'2020-06-05 22:48:17','2020-06-05 22:48:17',NULL),(1414,130,6,5,'2020-06-05 22:48:17','2020-06-05 22:48:17',NULL),(1415,130,7,4,'2020-06-05 22:48:17','2020-06-05 22:48:17',NULL),(1416,130,8,3,'2020-06-05 22:48:17','2020-06-05 22:48:17',NULL),(1417,130,9,2,'2020-06-05 22:48:17','2020-06-05 22:48:17',NULL),(1418,130,10,1,'2020-06-05 22:48:17','2020-06-05 22:48:17',NULL),(1419,130,11,0,'2020-06-05 22:48:17','2020-06-05 22:48:17',NULL),(1420,131,1,10,'2020-06-05 22:48:17','2020-06-05 22:48:17',NULL),(1421,131,2,9,'2020-06-05 22:48:17','2020-06-05 22:48:17',NULL),(1422,131,3,8,'2020-06-05 22:48:17','2020-06-05 22:48:17',NULL),(1423,131,4,7,'2020-06-05 22:48:17','2020-06-05 22:48:17',NULL),(1424,131,5,6,'2020-06-05 22:48:17','2020-06-05 22:48:17',NULL),(1425,131,6,5,'2020-06-05 22:48:17','2020-06-05 22:48:17',NULL),(1426,131,7,4,'2020-06-05 22:48:17','2020-06-05 22:48:17',NULL),(1427,131,8,3,'2020-06-05 22:48:17','2020-06-05 22:48:17',NULL),(1428,131,9,2,'2020-06-05 22:48:17','2020-06-05 22:48:17',NULL),(1429,131,10,1,'2020-06-05 22:48:17','2020-06-05 22:48:17',NULL),(1430,131,11,0,'2020-06-05 22:48:17','2020-06-05 22:48:17',NULL),(1431,132,1,10,'2020-06-05 22:48:17','2020-06-05 22:48:17',NULL),(1432,132,2,9,'2020-06-05 22:48:17','2020-06-05 22:48:17',NULL),(1433,132,3,8,'2020-06-05 22:48:17','2020-06-05 22:48:17',NULL),(1434,132,4,7,'2020-06-05 22:48:17','2020-06-05 22:48:17',NULL),(1435,132,5,6,'2020-06-05 22:48:17','2020-06-05 22:48:17',NULL),(1436,132,6,5,'2020-06-05 22:48:17','2020-06-05 22:48:17',NULL),(1437,132,7,4,'2020-06-05 22:48:17','2020-06-05 22:48:17',NULL),(1438,132,8,3,'2020-06-05 22:48:17','2020-06-05 22:48:17',NULL),(1439,132,9,2,'2020-06-05 22:48:17','2020-06-05 22:48:17',NULL),(1440,132,10,1,'2020-06-05 22:48:17','2020-06-05 22:48:17',NULL),(1441,132,11,0,'2020-06-05 22:48:17','2020-06-05 22:48:17',NULL),(1442,133,1,10,'2020-06-05 22:48:17','2020-06-05 22:48:17',NULL),(1443,133,2,9,'2020-06-05 22:48:17','2020-06-05 22:48:17',NULL),(1444,133,3,8,'2020-06-05 22:48:17','2020-06-05 22:48:17',NULL),(1445,133,4,7,'2020-06-05 22:48:17','2020-06-05 22:48:17',NULL),(1446,133,5,6,'2020-06-05 22:48:17','2020-06-05 22:48:17',NULL),(1447,133,6,5,'2020-06-05 22:48:17','2020-06-05 22:48:17',NULL),(1448,133,7,4,'2020-06-05 22:48:17','2020-06-05 22:48:17',NULL),(1449,133,8,3,'2020-06-05 22:48:17','2020-06-05 22:48:17',NULL),(1450,133,9,2,'2020-06-05 22:48:17','2020-06-05 22:48:17',NULL),(1451,133,10,1,'2020-06-05 22:48:17','2020-06-05 22:48:17',NULL),(1452,133,11,0,'2020-06-05 22:48:17','2020-06-05 22:48:17',NULL),(1453,134,1,10,'2020-06-05 22:48:17','2020-06-05 22:48:17',NULL),(1454,134,2,9,'2020-06-05 22:48:17','2020-06-05 22:48:17',NULL),(1455,134,3,8,'2020-06-05 22:48:17','2020-06-05 22:48:17',NULL),(1456,134,4,7,'2020-06-05 22:48:17','2020-06-05 22:48:17',NULL),(1457,134,5,6,'2020-06-05 22:48:17','2020-06-05 22:48:17',NULL),(1458,134,6,5,'2020-06-05 22:48:17','2020-06-05 22:48:17',NULL),(1459,134,7,4,'2020-06-05 22:48:17','2020-06-05 22:48:17',NULL),(1460,134,8,3,'2020-06-05 22:48:17','2020-06-05 22:48:17',NULL),(1461,134,9,2,'2020-06-05 22:48:17','2020-06-05 22:48:17',NULL),(1462,134,10,1,'2020-06-05 22:48:17','2020-06-05 22:48:17',NULL),(1463,134,11,0,'2020-06-05 22:48:17','2020-06-05 22:48:17',NULL),(1464,135,1,10,'2020-06-05 22:48:17','2020-06-05 22:48:17',NULL),(1465,135,2,9,'2020-06-05 22:48:17','2020-06-05 22:48:17',NULL),(1466,135,3,8,'2020-06-05 22:48:17','2020-06-05 22:48:17',NULL),(1467,135,4,7,'2020-06-05 22:48:17','2020-06-05 22:48:17',NULL),(1468,135,5,6,'2020-06-05 22:48:17','2020-06-05 22:48:17',NULL),(1469,135,6,5,'2020-06-05 22:48:17','2020-06-05 22:48:17',NULL),(1470,135,7,4,'2020-06-05 22:48:17','2020-06-05 22:48:17',NULL),(1471,135,8,3,'2020-06-05 22:48:17','2020-06-05 22:48:17',NULL),(1472,135,9,2,'2020-06-05 22:48:17','2020-06-05 22:48:17',NULL),(1473,135,10,1,'2020-06-05 22:48:17','2020-06-05 22:48:17',NULL),(1474,135,11,0,'2020-06-05 22:48:17','2020-06-05 22:48:17',NULL),(1475,136,1,10,'2020-06-05 22:48:17','2020-06-05 22:48:17',NULL),(1476,136,2,9,'2020-06-05 22:48:17','2020-06-05 22:48:17',NULL),(1477,136,3,8,'2020-06-05 22:48:17','2020-06-05 22:48:17',NULL),(1478,136,4,7,'2020-06-05 22:48:17','2020-06-05 22:48:17',NULL),(1479,136,5,6,'2020-06-05 22:48:17','2020-06-05 22:48:17',NULL),(1480,136,6,5,'2020-06-05 22:48:17','2020-06-05 22:48:17',NULL),(1481,136,7,4,'2020-06-05 22:48:17','2020-06-05 22:48:17',NULL),(1482,136,8,3,'2020-06-05 22:48:17','2020-06-05 22:48:17',NULL),(1483,136,9,2,'2020-06-05 22:48:17','2020-06-05 22:48:17',NULL),(1484,136,10,1,'2020-06-05 22:48:17','2020-06-05 22:48:17',NULL),(1485,136,11,0,'2020-06-05 22:48:17','2020-06-05 22:48:17',NULL),(1486,137,1,10,'2020-06-05 22:48:17','2020-06-05 22:48:17',NULL),(1487,137,2,9,'2020-06-05 22:48:17','2020-06-05 22:48:17',NULL),(1488,137,3,8,'2020-06-05 22:48:17','2020-06-05 22:48:17',NULL),(1489,137,4,7,'2020-06-05 22:48:17','2020-06-05 22:48:17',NULL),(1490,137,5,6,'2020-06-05 22:48:17','2020-06-05 22:48:17',NULL),(1491,137,6,5,'2020-06-05 22:48:17','2020-06-05 22:48:17',NULL),(1492,137,7,4,'2020-06-05 22:48:17','2020-06-05 22:48:17',NULL),(1493,137,8,3,'2020-06-05 22:48:17','2020-06-05 22:48:17',NULL),(1494,137,9,2,'2020-06-05 22:48:17','2020-06-05 22:48:17',NULL),(1495,137,10,1,'2020-06-05 22:48:17','2020-06-05 22:48:17',NULL),(1496,137,11,0,'2020-06-05 22:48:17','2020-06-05 22:48:17',NULL),(1497,138,1,10,'2020-06-05 22:48:17','2020-06-05 22:48:17',NULL),(1498,138,2,9,'2020-06-05 22:48:17','2020-06-05 22:48:17',NULL),(1499,138,3,8,'2020-06-05 22:48:17','2020-06-05 22:48:17',NULL),(1500,138,4,7,'2020-06-05 22:48:17','2020-06-05 22:48:17',NULL),(1501,138,5,6,'2020-06-05 22:48:17','2020-06-05 22:48:17',NULL),(1502,138,6,5,'2020-06-05 22:48:17','2020-06-05 22:48:17',NULL),(1503,138,7,4,'2020-06-05 22:48:17','2020-06-05 22:48:17',NULL),(1504,138,8,3,'2020-06-05 22:48:17','2020-06-05 22:48:17',NULL),(1505,138,9,2,'2020-06-05 22:48:17','2020-06-05 22:48:17',NULL),(1506,138,10,1,'2020-06-05 22:48:17','2020-06-05 22:48:17',NULL),(1507,138,11,0,'2020-06-05 22:48:17','2020-06-05 22:48:17',NULL),(1508,139,1,10,'2020-06-05 22:48:17','2020-06-05 22:48:17',NULL),(1509,139,2,9,'2020-06-05 22:48:17','2020-06-05 22:48:17',NULL),(1510,139,3,8,'2020-06-05 22:48:17','2020-06-05 22:48:17',NULL),(1511,139,4,7,'2020-06-05 22:48:17','2020-06-05 22:48:17',NULL),(1512,139,5,6,'2020-06-05 22:48:17','2020-06-05 22:48:17',NULL),(1513,139,6,5,'2020-06-05 22:48:17','2020-06-05 22:48:17',NULL),(1514,139,7,4,'2020-06-05 22:48:17','2020-06-05 22:48:17',NULL),(1515,139,8,3,'2020-06-05 22:48:17','2020-06-05 22:48:17',NULL),(1516,139,9,2,'2020-06-05 22:48:17','2020-06-05 22:48:17',NULL),(1517,139,10,1,'2020-06-05 22:48:17','2020-06-05 22:48:17',NULL),(1518,139,11,0,'2020-06-05 22:48:17','2020-06-05 22:48:17',NULL),(1519,141,1,10,'2020-06-05 22:48:17','2020-06-05 22:48:17',NULL),(1520,141,2,9,'2020-06-05 22:48:17','2020-06-05 22:48:17',NULL),(1521,141,3,8,'2020-06-05 22:48:17','2020-06-05 22:48:17',NULL),(1522,141,4,7,'2020-06-05 22:48:17','2020-06-05 22:48:17',NULL),(1523,141,5,6,'2020-06-05 22:48:17','2020-06-05 22:48:17',NULL),(1524,141,6,5,'2020-06-05 22:48:17','2020-06-05 22:48:17',NULL),(1525,141,7,4,'2020-06-05 22:48:17','2020-06-05 22:48:17',NULL),(1526,141,8,3,'2020-06-05 22:48:17','2020-06-05 22:48:17',NULL),(1527,141,9,2,'2020-06-05 22:48:17','2020-06-05 22:48:17',NULL),(1528,141,10,1,'2020-06-05 22:48:17','2020-06-05 22:48:17',NULL),(1529,141,11,0,'2020-06-05 22:48:17','2020-06-05 22:48:17',NULL),(1530,142,1,10,'2020-06-05 22:48:17','2020-06-05 22:48:17',NULL),(1531,142,2,9,'2020-06-05 22:48:17','2020-06-05 22:48:17',NULL),(1532,142,3,8,'2020-06-05 22:48:17','2020-06-05 22:48:17',NULL),(1533,142,4,7,'2020-06-05 22:48:17','2020-06-05 22:48:17',NULL),(1534,142,5,6,'2020-06-05 22:48:17','2020-06-05 22:48:17',NULL),(1535,142,6,5,'2020-06-05 22:48:17','2020-06-05 22:48:17',NULL),(1536,142,7,4,'2020-06-05 22:48:17','2020-06-05 22:48:17',NULL),(1537,142,8,3,'2020-06-05 22:48:17','2020-06-05 22:48:17',NULL),(1538,142,9,2,'2020-06-05 22:48:17','2020-06-05 22:48:17',NULL),(1539,142,10,1,'2020-06-05 22:48:17','2020-06-05 22:48:17',NULL),(1540,142,11,0,'2020-06-05 22:48:17','2020-06-05 22:48:17',NULL),(1541,143,1,10,'2020-06-05 22:48:17','2020-06-05 22:48:17',NULL),(1542,143,2,9,'2020-06-05 22:48:17','2020-06-05 22:48:17',NULL),(1543,143,3,8,'2020-06-05 22:48:17','2020-06-05 22:48:17',NULL),(1544,143,4,7,'2020-06-05 22:48:17','2020-06-05 22:48:17',NULL),(1545,143,5,6,'2020-06-05 22:48:17','2020-06-05 22:48:17',NULL),(1546,143,6,5,'2020-06-05 22:48:17','2020-06-05 22:48:17',NULL),(1547,143,7,4,'2020-06-05 22:48:17','2020-06-05 22:48:17',NULL),(1548,143,8,3,'2020-06-05 22:48:17','2020-06-05 22:48:17',NULL),(1549,143,9,2,'2020-06-05 22:48:17','2020-06-05 22:48:17',NULL),(1550,143,10,1,'2020-06-05 22:48:17','2020-06-05 22:48:17',NULL),(1551,143,11,0,'2020-06-05 22:48:17','2020-06-05 22:48:17',NULL),(1552,144,1,10,'2020-06-05 22:48:17','2020-06-05 22:48:17',NULL),(1553,144,2,9,'2020-06-05 22:48:17','2020-06-05 22:48:17',NULL),(1554,144,3,8,'2020-06-05 22:48:17','2020-06-05 22:48:17',NULL),(1555,144,4,7,'2020-06-05 22:48:17','2020-06-05 22:48:17',NULL),(1556,144,5,6,'2020-06-05 22:48:17','2020-06-05 22:48:17',NULL),(1557,144,6,5,'2020-06-05 22:48:17','2020-06-05 22:48:17',NULL),(1558,144,7,4,'2020-06-05 22:48:17','2020-06-05 22:48:17',NULL),(1559,144,8,3,'2020-06-05 22:48:17','2020-06-05 22:48:17',NULL),(1560,144,9,2,'2020-06-05 22:48:17','2020-06-05 22:48:17',NULL),(1561,144,10,1,'2020-06-05 22:48:17','2020-06-05 22:48:17',NULL),(1562,144,11,0,'2020-06-05 22:48:17','2020-06-05 22:48:17',NULL),(1563,145,1,10,'2020-06-05 22:48:17','2020-06-05 22:48:17',NULL),(1564,145,2,9,'2020-06-05 22:48:17','2020-06-05 22:48:17',NULL),(1565,145,3,8,'2020-06-05 22:48:17','2020-06-05 22:48:17',NULL),(1566,145,4,7,'2020-06-05 22:48:17','2020-06-05 22:48:17',NULL),(1567,145,5,6,'2020-06-05 22:48:17','2020-06-05 22:48:17',NULL),(1568,145,6,5,'2020-06-05 22:48:17','2020-06-05 22:48:17',NULL),(1569,145,7,4,'2020-06-05 22:48:17','2020-06-05 22:48:17',NULL),(1570,145,8,3,'2020-06-05 22:48:17','2020-06-05 22:48:17',NULL),(1571,145,9,2,'2020-06-05 22:48:17','2020-06-05 22:48:17',NULL),(1572,145,10,1,'2020-06-05 22:48:17','2020-06-05 22:48:17',NULL),(1573,145,11,0,'2020-06-05 22:48:17','2020-06-05 22:48:17',NULL),(1574,146,1,10,'2020-06-05 22:48:17','2020-06-05 22:48:17',NULL),(1575,146,2,9,'2020-06-05 22:48:17','2020-06-05 22:48:17',NULL),(1576,146,3,8,'2020-06-05 22:48:17','2020-06-05 22:48:17',NULL),(1577,146,4,7,'2020-06-05 22:48:17','2020-06-05 22:48:17',NULL),(1578,146,5,6,'2020-06-05 22:48:17','2020-06-05 22:48:17',NULL),(1579,146,6,5,'2020-06-05 22:48:17','2020-06-05 22:48:17',NULL),(1580,146,7,4,'2020-06-05 22:48:17','2020-06-05 22:48:17',NULL),(1581,146,8,3,'2020-06-05 22:48:17','2020-06-05 22:48:17',NULL),(1582,146,9,2,'2020-06-05 22:48:17','2020-06-05 22:48:17',NULL),(1583,146,10,1,'2020-06-05 22:48:17','2020-06-05 22:48:17',NULL),(1584,146,11,0,'2020-06-05 22:48:17','2020-06-05 22:48:17',NULL),(1585,147,1,10,'2020-06-05 22:48:17','2020-06-05 22:48:17',NULL),(1586,147,2,9,'2020-06-05 22:48:17','2020-06-05 22:48:17',NULL),(1587,147,3,8,'2020-06-05 22:48:17','2020-06-05 22:48:17',NULL),(1588,147,4,7,'2020-06-05 22:48:17','2020-06-05 22:48:17',NULL),(1589,147,5,6,'2020-06-05 22:48:17','2020-06-05 22:48:17',NULL),(1590,147,6,5,'2020-06-05 22:48:17','2020-06-05 22:48:17',NULL),(1591,147,7,4,'2020-06-05 22:48:17','2020-06-05 22:48:17',NULL),(1592,147,8,3,'2020-06-05 22:48:17','2020-06-05 22:48:17',NULL),(1593,147,9,2,'2020-06-05 22:48:17','2020-06-05 22:48:17',NULL),(1594,147,10,1,'2020-06-05 22:48:17','2020-06-05 22:48:17',NULL),(1595,147,11,0,'2020-06-05 22:48:17','2020-06-05 22:48:17',NULL),(1596,148,1,10,'2020-06-05 22:48:17','2020-06-05 22:48:17',NULL),(1597,148,2,9,'2020-06-05 22:48:17','2020-06-05 22:48:17',NULL),(1598,148,3,8,'2020-06-05 22:48:17','2020-06-05 22:48:17',NULL),(1599,148,4,7,'2020-06-05 22:48:17','2020-06-05 22:48:17',NULL),(1600,148,5,6,'2020-06-05 22:48:17','2020-06-05 22:48:17',NULL),(1601,148,6,5,'2020-06-05 22:48:17','2020-06-05 22:48:17',NULL),(1602,148,7,4,'2020-06-05 22:48:17','2020-06-05 22:48:17',NULL),(1603,148,8,3,'2020-06-05 22:48:17','2020-06-05 22:48:17',NULL),(1604,148,9,2,'2020-06-05 22:48:17','2020-06-05 22:48:17',NULL),(1605,148,10,1,'2020-06-05 22:48:17','2020-06-05 22:48:17',NULL),(1606,148,11,0,'2020-06-05 22:48:17','2020-06-05 22:48:17',NULL),(1607,149,1,10,'2020-06-05 22:48:17','2020-06-05 22:48:17',NULL),(1608,149,2,9,'2020-06-05 22:48:17','2020-06-05 22:48:17',NULL),(1609,149,3,8,'2020-06-05 22:48:17','2020-06-05 22:48:17',NULL),(1610,149,4,7,'2020-06-05 22:48:17','2020-06-05 22:48:17',NULL),(1611,149,5,6,'2020-06-05 22:48:17','2020-06-05 22:48:17',NULL),(1612,149,6,5,'2020-06-05 22:48:17','2020-06-05 22:48:17',NULL),(1613,149,7,4,'2020-06-05 22:48:17','2020-06-05 22:48:17',NULL),(1614,149,8,3,'2020-06-05 22:48:17','2020-06-05 22:48:17',NULL),(1615,149,9,2,'2020-06-05 22:48:17','2020-06-05 22:48:17',NULL),(1616,149,10,1,'2020-06-05 22:48:17','2020-06-05 22:48:17',NULL),(1617,149,11,0,'2020-06-05 22:48:17','2020-06-05 22:48:17',NULL),(1618,150,1,10,'2020-06-05 22:48:17','2020-06-05 22:48:17',NULL),(1619,150,2,9,'2020-06-05 22:48:17','2020-06-05 22:48:17',NULL),(1620,150,3,8,'2020-06-05 22:48:17','2020-06-05 22:48:17',NULL),(1621,150,4,7,'2020-06-05 22:48:17','2020-06-05 22:48:17',NULL),(1622,150,5,6,'2020-06-05 22:48:17','2020-06-05 22:48:17',NULL),(1623,150,6,5,'2020-06-05 22:48:17','2020-06-05 22:48:17',NULL),(1624,150,7,4,'2020-06-05 22:48:17','2020-06-05 22:48:17',NULL),(1625,150,8,3,'2020-06-05 22:48:17','2020-06-05 22:48:17',NULL),(1626,150,9,2,'2020-06-05 22:48:17','2020-06-05 22:48:17',NULL),(1627,150,10,1,'2020-06-05 22:48:17','2020-06-05 22:48:17',NULL),(1628,150,11,0,'2020-06-05 22:48:17','2020-06-05 22:48:17',NULL),(1629,151,1,10,'2020-06-05 22:48:17','2020-06-05 22:48:17',NULL),(1630,151,2,9,'2020-06-05 22:48:17','2020-06-05 22:48:17',NULL),(1631,151,3,8,'2020-06-05 22:48:17','2020-06-05 22:48:17',NULL),(1632,151,4,7,'2020-06-05 22:48:17','2020-06-05 22:48:17',NULL),(1633,151,5,6,'2020-06-05 22:48:17','2020-06-05 22:48:17',NULL),(1634,151,6,5,'2020-06-05 22:48:17','2020-06-05 22:48:17',NULL),(1635,151,7,4,'2020-06-05 22:48:17','2020-06-05 22:48:17',NULL),(1636,151,8,3,'2020-06-05 22:48:17','2020-06-05 22:48:17',NULL),(1637,151,9,2,'2020-06-05 22:48:17','2020-06-05 22:48:17',NULL),(1638,151,10,1,'2020-06-05 22:48:17','2020-06-05 22:48:17',NULL),(1639,151,11,0,'2020-06-05 22:48:17','2020-06-05 22:48:17',NULL),(1640,152,1,10,'2020-06-05 22:48:17','2020-06-05 22:48:17',NULL),(1641,152,2,9,'2020-06-05 22:48:17','2020-06-05 22:48:17',NULL),(1642,152,3,8,'2020-06-05 22:48:17','2020-06-05 22:48:17',NULL),(1643,152,4,7,'2020-06-05 22:48:17','2020-06-05 22:48:17',NULL),(1644,152,5,6,'2020-06-05 22:48:17','2020-06-05 22:48:17',NULL),(1645,152,6,5,'2020-06-05 22:48:17','2020-06-05 22:48:17',NULL),(1646,152,7,4,'2020-06-05 22:48:17','2020-06-05 22:48:17',NULL),(1647,152,8,3,'2020-06-05 22:48:17','2020-06-05 22:48:17',NULL),(1648,152,9,2,'2020-06-05 22:48:17','2020-06-05 22:48:17',NULL),(1649,152,10,1,'2020-06-05 22:48:17','2020-06-05 22:48:17',NULL),(1650,152,11,0,'2020-06-05 22:48:17','2020-06-05 22:48:17',NULL),(1651,153,1,10,'2020-06-05 22:48:17','2020-06-05 22:48:17',NULL),(1652,153,2,9,'2020-06-05 22:48:17','2020-06-05 22:48:17',NULL),(1653,153,3,8,'2020-06-05 22:48:17','2020-06-05 22:48:17',NULL),(1654,153,4,7,'2020-06-05 22:48:17','2020-06-05 22:48:17',NULL),(1655,153,5,6,'2020-06-05 22:48:17','2020-06-05 22:48:17',NULL),(1656,153,6,5,'2020-06-05 22:48:17','2020-06-05 22:48:17',NULL),(1657,153,7,4,'2020-06-05 22:48:17','2020-06-05 22:48:17',NULL),(1658,153,8,3,'2020-06-05 22:48:17','2020-06-05 22:48:17',NULL),(1659,153,9,2,'2020-06-05 22:48:17','2020-06-05 22:48:17',NULL),(1660,153,10,1,'2020-06-05 22:48:17','2020-06-05 22:48:17',NULL),(1661,153,11,0,'2020-06-05 22:48:17','2020-06-05 22:48:17',NULL),(1662,154,1,10,'2020-06-05 22:48:17','2020-06-05 22:48:17',NULL),(1663,154,2,9,'2020-06-05 22:48:17','2020-06-05 22:48:17',NULL),(1664,154,3,8,'2020-06-05 22:48:17','2020-06-05 22:48:17',NULL),(1665,154,4,7,'2020-06-05 22:48:17','2020-06-05 22:48:17',NULL),(1666,154,5,6,'2020-06-05 22:48:17','2020-06-05 22:48:17',NULL),(1667,154,6,5,'2020-06-05 22:48:17','2020-06-05 22:48:17',NULL),(1668,154,7,4,'2020-06-05 22:48:17','2020-06-05 22:48:17',NULL),(1669,154,8,3,'2020-06-05 22:48:17','2020-06-05 22:48:17',NULL),(1670,154,9,2,'2020-06-05 22:48:17','2020-06-05 22:48:17',NULL),(1671,154,10,1,'2020-06-05 22:48:17','2020-06-05 22:48:17',NULL),(1672,154,11,0,'2020-06-05 22:48:17','2020-06-05 22:48:17',NULL),(1673,155,1,10,'2020-06-05 22:48:17','2020-06-05 22:48:17',NULL),(1674,155,2,9,'2020-06-05 22:48:17','2020-06-05 22:48:17',NULL),(1675,155,3,8,'2020-06-05 22:48:17','2020-06-05 22:48:17',NULL),(1676,155,4,7,'2020-06-05 22:48:17','2020-06-05 22:48:17',NULL),(1677,155,5,6,'2020-06-05 22:48:17','2020-06-05 22:48:17',NULL),(1678,155,6,5,'2020-06-05 22:48:17','2020-06-05 22:48:17',NULL),(1679,155,7,4,'2020-06-05 22:48:17','2020-06-05 22:48:17',NULL),(1680,155,8,3,'2020-06-05 22:48:17','2020-06-05 22:48:17',NULL),(1681,155,9,2,'2020-06-05 22:48:17','2020-06-05 22:48:17',NULL),(1682,155,10,1,'2020-06-05 22:48:17','2020-06-05 22:48:17',NULL),(1683,155,11,0,'2020-06-05 22:48:17','2020-06-05 22:48:17',NULL),(1684,156,1,10,'2020-06-05 22:48:17','2020-06-05 22:48:17',NULL),(1685,156,2,9,'2020-06-05 22:48:17','2020-06-05 22:48:17',NULL),(1686,156,3,8,'2020-06-05 22:48:17','2020-06-05 22:48:17',NULL),(1687,156,4,7,'2020-06-05 22:48:17','2020-06-05 22:48:17',NULL),(1688,156,5,6,'2020-06-05 22:48:17','2020-06-05 22:48:17',NULL),(1689,156,6,5,'2020-06-05 22:48:17','2020-06-05 22:48:17',NULL),(1690,156,7,4,'2020-06-05 22:48:17','2020-06-05 22:48:17',NULL),(1691,156,8,3,'2020-06-05 22:48:17','2020-06-05 22:48:17',NULL),(1692,156,9,2,'2020-06-05 22:48:17','2020-06-05 22:48:17',NULL),(1693,156,10,1,'2020-06-05 22:48:17','2020-06-05 22:48:17',NULL),(1694,156,11,0,'2020-06-05 22:48:17','2020-06-05 22:48:17',NULL),(1695,157,1,10,'2020-06-05 22:48:17','2020-06-05 22:48:17',NULL),(1696,157,2,9,'2020-06-05 22:48:17','2020-06-05 22:48:17',NULL),(1697,157,3,8,'2020-06-05 22:48:17','2020-06-05 22:48:17',NULL),(1698,157,4,7,'2020-06-05 22:48:17','2020-06-05 22:48:17',NULL),(1699,157,5,6,'2020-06-05 22:48:17','2020-06-05 22:48:17',NULL),(1700,157,6,5,'2020-06-05 22:48:17','2020-06-05 22:48:17',NULL),(1701,157,7,4,'2020-06-05 22:48:17','2020-06-05 22:48:17',NULL),(1702,157,8,3,'2020-06-05 22:48:17','2020-06-05 22:48:17',NULL),(1703,157,9,2,'2020-06-05 22:48:17','2020-06-05 22:48:17',NULL),(1704,157,10,1,'2020-06-05 22:48:17','2020-06-05 22:48:17',NULL),(1705,157,11,0,'2020-06-05 22:48:17','2020-06-05 22:48:17',NULL),(1706,158,1,10,'2020-06-05 22:48:17','2020-06-05 22:48:17',NULL),(1707,158,2,9,'2020-06-05 22:48:17','2020-06-05 22:48:17',NULL),(1708,158,3,8,'2020-06-05 22:48:17','2020-06-05 22:48:17',NULL),(1709,158,4,7,'2020-06-05 22:48:17','2020-06-05 22:48:17',NULL),(1710,158,5,6,'2020-06-05 22:48:17','2020-06-05 22:48:17',NULL),(1711,158,6,5,'2020-06-05 22:48:17','2020-06-05 22:48:17',NULL),(1712,158,7,4,'2020-06-05 22:48:17','2020-06-05 22:48:17',NULL),(1713,158,8,3,'2020-06-05 22:48:17','2020-06-05 22:48:17',NULL),(1714,158,9,2,'2020-06-05 22:48:17','2020-06-05 22:48:17',NULL),(1715,158,10,1,'2020-06-05 22:48:17','2020-06-05 22:48:17',NULL),(1716,158,11,0,'2020-06-05 22:48:17','2020-06-05 22:48:17',NULL),(1717,159,1,10,'2020-06-05 22:48:17','2020-06-05 22:48:17',NULL),(1718,159,2,9,'2020-06-05 22:48:17','2020-06-05 22:48:17',NULL),(1719,159,3,8,'2020-06-05 22:48:17','2020-06-05 22:48:17',NULL),(1720,159,4,7,'2020-06-05 22:48:17','2020-06-05 22:48:17',NULL),(1721,159,5,6,'2020-06-05 22:48:17','2020-06-05 22:48:17',NULL),(1722,159,6,5,'2020-06-05 22:48:17','2020-06-05 22:48:17',NULL),(1723,159,7,4,'2020-06-05 22:48:17','2020-06-05 22:48:17',NULL),(1724,159,8,3,'2020-06-05 22:48:17','2020-06-05 22:48:17',NULL),(1725,159,9,2,'2020-06-05 22:48:17','2020-06-05 22:48:17',NULL),(1726,159,10,1,'2020-06-05 22:48:17','2020-06-05 22:48:17',NULL),(1727,159,11,0,'2020-06-05 22:48:17','2020-06-05 22:48:17',NULL),(1728,160,1,10,'2020-06-05 22:48:17','2020-06-05 22:48:17',NULL),(1729,160,2,9,'2020-06-05 22:48:17','2020-06-05 22:48:17',NULL),(1730,160,3,8,'2020-06-05 22:48:17','2020-06-05 22:48:17',NULL),(1731,160,4,7,'2020-06-05 22:48:17','2020-06-05 22:48:17',NULL),(1732,160,5,6,'2020-06-05 22:48:17','2020-06-05 22:48:17',NULL),(1733,160,6,5,'2020-06-05 22:48:17','2020-06-05 22:48:17',NULL),(1734,160,7,4,'2020-06-05 22:48:17','2020-06-05 22:48:17',NULL),(1735,160,8,3,'2020-06-05 22:48:17','2020-06-05 22:48:17',NULL),(1736,160,9,2,'2020-06-05 22:48:17','2020-06-05 22:48:17',NULL),(1737,160,10,1,'2020-06-05 22:48:17','2020-06-05 22:48:17',NULL),(1738,160,11,0,'2020-06-05 22:48:17','2020-06-05 22:48:17',NULL),(1739,160,1,10,'2020-06-05 22:48:17','2020-06-05 22:48:17',NULL),(1740,160,2,9,'2020-06-05 22:48:17','2020-06-05 22:48:17',NULL),(1741,160,3,8,'2020-06-05 22:48:17','2020-06-05 22:48:17',NULL),(1742,160,4,7,'2020-06-05 22:48:17','2020-06-05 22:48:17',NULL),(1743,160,5,6,'2020-06-05 22:48:17','2020-06-05 22:48:17',NULL),(1744,160,6,5,'2020-06-05 22:48:17','2020-06-05 22:48:17',NULL),(1745,160,7,4,'2020-06-05 22:48:17','2020-06-05 22:48:17',NULL),(1746,160,8,3,'2020-06-05 22:48:17','2020-06-05 22:48:17',NULL),(1747,160,9,2,'2020-06-05 22:48:17','2020-06-05 22:48:17',NULL),(1748,160,10,1,'2020-06-05 22:48:17','2020-06-05 22:48:17',NULL),(1749,160,11,0,'2020-06-05 22:48:17','2020-06-05 22:48:17',NULL),(1750,161,1,10,'2020-06-05 22:48:17','2020-06-05 22:48:17',NULL),(1751,161,2,9,'2020-06-05 22:48:17','2020-06-05 22:48:17',NULL),(1752,161,3,8,'2020-06-05 22:48:17','2020-06-05 22:48:17',NULL),(1753,161,4,7,'2020-06-05 22:48:17','2020-06-05 22:48:17',NULL),(1754,161,5,6,'2020-06-05 22:48:17','2020-06-05 22:48:17',NULL),(1755,161,6,5,'2020-06-05 22:48:17','2020-06-05 22:48:17',NULL),(1756,161,7,4,'2020-06-05 22:48:17','2020-06-05 22:48:17',NULL),(1757,161,8,3,'2020-06-05 22:48:17','2020-06-05 22:48:17',NULL),(1758,161,9,2,'2020-06-05 22:48:17','2020-06-05 22:48:17',NULL),(1759,161,10,1,'2020-06-05 22:48:17','2020-06-05 22:48:17',NULL),(1760,161,11,0,'2020-06-05 22:48:17','2020-06-05 22:48:17',NULL),(1761,162,1,10,'2020-06-05 22:48:17','2020-06-05 22:48:17',NULL),(1762,162,2,9,'2020-06-05 22:48:17','2020-06-05 22:48:17',NULL),(1763,162,3,8,'2020-06-05 22:48:17','2020-06-05 22:48:17',NULL),(1764,162,4,7,'2020-06-05 22:48:17','2020-06-05 22:48:17',NULL),(1765,162,5,6,'2020-06-05 22:48:17','2020-06-05 22:48:17',NULL),(1766,162,6,5,'2020-06-05 22:48:17','2020-06-05 22:48:17',NULL),(1767,162,7,4,'2020-06-05 22:48:17','2020-06-05 22:48:17',NULL),(1768,162,8,3,'2020-06-05 22:48:17','2020-06-05 22:48:17',NULL),(1769,162,9,2,'2020-06-05 22:48:17','2020-06-05 22:48:17',NULL),(1770,162,10,1,'2020-06-05 22:48:17','2020-06-05 22:48:17',NULL),(1771,162,11,0,'2020-06-05 22:48:17','2020-06-05 22:48:17',NULL),(1772,163,1,10,'2020-06-05 22:48:17','2020-06-05 22:48:17',NULL),(1773,163,2,9,'2020-06-05 22:48:17','2020-06-05 22:48:17',NULL),(1774,163,3,8,'2020-06-05 22:48:17','2020-06-05 22:48:17',NULL),(1775,163,4,7,'2020-06-05 22:48:17','2020-06-05 22:48:17',NULL),(1776,163,5,6,'2020-06-05 22:48:17','2020-06-05 22:48:17',NULL),(1777,163,6,5,'2020-06-05 22:48:17','2020-06-05 22:48:17',NULL),(1778,163,7,4,'2020-06-05 22:48:17','2020-06-05 22:48:17',NULL),(1779,163,8,3,'2020-06-05 22:48:17','2020-06-05 22:48:17',NULL),(1780,163,9,2,'2020-06-05 22:48:17','2020-06-05 22:48:17',NULL),(1781,163,10,1,'2020-06-05 22:48:17','2020-06-05 22:48:17',NULL),(1782,163,11,0,'2020-06-05 22:48:17','2020-06-05 22:48:17',NULL),(1783,164,1,10,'2020-06-05 22:48:17','2020-06-05 22:48:17',NULL),(1784,164,2,9,'2020-06-05 22:48:17','2020-06-05 22:48:17',NULL),(1785,164,3,8,'2020-06-05 22:48:17','2020-06-05 22:48:17',NULL),(1786,164,4,7,'2020-06-05 22:48:17','2020-06-05 22:48:17',NULL),(1787,164,5,6,'2020-06-05 22:48:17','2020-06-05 22:48:17',NULL),(1788,164,6,5,'2020-06-05 22:48:17','2020-06-05 22:48:17',NULL),(1789,164,7,4,'2020-06-05 22:48:17','2020-06-05 22:48:17',NULL),(1790,164,8,3,'2020-06-05 22:48:17','2020-06-05 22:48:17',NULL),(1791,164,9,2,'2020-06-05 22:48:17','2020-06-05 22:48:17',NULL),(1792,164,10,1,'2020-06-05 22:48:17','2020-06-05 22:48:17',NULL),(1793,164,11,0,'2020-06-05 22:48:17','2020-06-05 22:48:17',NULL),(1794,165,1,10,'2020-06-05 22:48:17','2020-06-05 22:48:17',NULL),(1795,165,2,9,'2020-06-05 22:48:17','2020-06-05 22:48:17',NULL),(1796,165,3,8,'2020-06-05 22:48:17','2020-06-05 22:48:17',NULL),(1797,165,4,7,'2020-06-05 22:48:17','2020-06-05 22:48:17',NULL),(1798,165,5,6,'2020-06-05 22:48:17','2020-06-05 22:48:17',NULL),(1799,165,6,5,'2020-06-05 22:48:17','2020-06-05 22:48:17',NULL),(1800,165,7,4,'2020-06-05 22:48:17','2020-06-05 22:48:17',NULL),(1801,165,8,3,'2020-06-05 22:48:17','2020-06-05 22:48:17',NULL),(1802,165,9,2,'2020-06-05 22:48:17','2020-06-05 22:48:17',NULL),(1803,165,10,1,'2020-06-05 22:48:17','2020-06-05 22:48:17',NULL),(1804,165,11,0,'2020-06-05 22:48:17','2020-06-05 22:48:17',NULL),(1805,166,1,10,'2020-06-05 22:48:17','2020-06-05 22:48:17',NULL),(1806,166,2,9,'2020-06-05 22:48:17','2020-06-05 22:48:17',NULL),(1807,166,3,8,'2020-06-05 22:48:17','2020-06-05 22:48:17',NULL),(1808,166,4,7,'2020-06-05 22:48:17','2020-06-05 22:48:17',NULL),(1809,166,5,6,'2020-06-05 22:48:17','2020-06-05 22:48:17',NULL),(1810,166,6,5,'2020-06-05 22:48:17','2020-06-05 22:48:17',NULL),(1811,166,7,4,'2020-06-05 22:48:17','2020-06-05 22:48:17',NULL),(1812,166,8,3,'2020-06-05 22:48:17','2020-06-05 22:48:17',NULL),(1813,166,9,2,'2020-06-05 22:48:17','2020-06-05 22:48:17',NULL),(1814,166,10,1,'2020-06-05 22:48:17','2020-06-05 22:48:17',NULL),(1815,166,11,0,'2020-06-05 22:48:17','2020-06-05 22:48:17',NULL),(1816,167,1,10,'2020-06-05 22:48:17','2020-06-05 22:48:17',NULL),(1817,167,2,9,'2020-06-05 22:48:17','2020-06-05 22:48:17',NULL),(1818,167,3,8,'2020-06-05 22:48:17','2020-06-05 22:48:17',NULL),(1819,167,4,7,'2020-06-05 22:48:17','2020-06-05 22:48:17',NULL),(1820,167,5,6,'2020-06-05 22:48:17','2020-06-05 22:48:17',NULL),(1821,167,6,5,'2020-06-05 22:48:17','2020-06-05 22:48:17',NULL),(1822,167,7,4,'2020-06-05 22:48:17','2020-06-05 22:48:17',NULL),(1823,167,8,3,'2020-06-05 22:48:17','2020-06-05 22:48:17',NULL),(1824,167,9,2,'2020-06-05 22:48:17','2020-06-05 22:48:17',NULL),(1825,167,10,1,'2020-06-05 22:48:17','2020-06-05 22:48:17',NULL),(1826,167,11,0,'2020-06-05 22:48:17','2020-06-05 22:48:17',NULL),(1827,168,1,10,'2020-06-05 22:48:17','2020-06-05 22:48:17',NULL),(1828,168,2,9,'2020-06-05 22:48:17','2020-06-05 22:48:17',NULL),(1829,168,3,8,'2020-06-05 22:48:17','2020-06-05 22:48:17',NULL),(1830,168,4,7,'2020-06-05 22:48:17','2020-06-05 22:48:17',NULL),(1831,168,5,6,'2020-06-05 22:48:17','2020-06-05 22:48:17',NULL),(1832,168,6,5,'2020-06-05 22:48:17','2020-06-05 22:48:17',NULL),(1833,168,7,4,'2020-06-05 22:48:17','2020-06-05 22:48:17',NULL),(1834,168,8,3,'2020-06-05 22:48:17','2020-06-05 22:48:17',NULL),(1835,168,9,2,'2020-06-05 22:48:17','2020-06-05 22:48:17',NULL),(1836,168,10,1,'2020-06-05 22:48:17','2020-06-05 22:48:17',NULL),(1837,168,11,0,'2020-06-05 22:48:17','2020-06-05 22:48:17',NULL),(1838,169,1,10,'2020-06-05 22:48:17','2020-06-05 22:48:17',NULL),(1839,169,2,9,'2020-06-05 22:48:17','2020-06-05 22:48:17',NULL),(1840,169,3,8,'2020-06-05 22:48:17','2020-06-05 22:48:17',NULL),(1841,169,4,7,'2020-06-05 22:48:17','2020-06-05 22:48:17',NULL),(1842,169,5,6,'2020-06-05 22:48:17','2020-06-05 22:48:17',NULL),(1843,169,6,5,'2020-06-05 22:48:17','2020-06-05 22:48:17',NULL),(1844,169,7,4,'2020-06-05 22:48:17','2020-06-05 22:48:17',NULL),(1845,169,8,3,'2020-06-05 22:48:17','2020-06-05 22:48:17',NULL),(1846,169,9,2,'2020-06-05 22:48:17','2020-06-05 22:48:17',NULL),(1847,169,10,1,'2020-06-05 22:48:17','2020-06-05 22:48:17',NULL),(1848,169,11,0,'2020-06-05 22:48:17','2020-06-05 22:48:17',NULL),(1849,170,1,10,'2020-06-05 22:48:17','2020-06-05 22:48:17',NULL),(1850,170,2,9,'2020-06-05 22:48:17','2020-06-05 22:48:17',NULL),(1851,170,3,8,'2020-06-05 22:48:17','2020-06-05 22:48:17',NULL),(1852,170,4,7,'2020-06-05 22:48:17','2020-06-05 22:48:17',NULL),(1853,170,5,6,'2020-06-05 22:48:17','2020-06-05 22:48:17',NULL),(1854,170,6,5,'2020-06-05 22:48:17','2020-06-05 22:48:17',NULL),(1855,170,7,4,'2020-06-05 22:48:17','2020-06-05 22:48:17',NULL),(1856,170,8,3,'2020-06-05 22:48:17','2020-06-05 22:48:17',NULL),(1857,170,9,2,'2020-06-05 22:48:17','2020-06-05 22:48:17',NULL),(1858,170,10,1,'2020-06-05 22:48:17','2020-06-05 22:48:17',NULL),(1859,170,11,0,'2020-06-05 22:48:17','2020-06-05 22:48:17',NULL),(1860,171,1,10,'2020-06-05 22:48:17','2020-06-05 22:48:17',NULL),(1861,171,2,9,'2020-06-05 22:48:17','2020-06-05 22:48:17',NULL),(1862,171,3,8,'2020-06-05 22:48:17','2020-06-05 22:48:17',NULL),(1863,171,4,7,'2020-06-05 22:48:17','2020-06-05 22:48:17',NULL),(1864,171,5,6,'2020-06-05 22:48:17','2020-06-05 22:48:17',NULL),(1865,171,6,5,'2020-06-05 22:48:17','2020-06-05 22:48:17',NULL),(1866,171,7,4,'2020-06-05 22:48:17','2020-06-05 22:48:17',NULL),(1867,171,8,3,'2020-06-05 22:48:17','2020-06-05 22:48:17',NULL),(1868,171,9,2,'2020-06-05 22:48:17','2020-06-05 22:48:17',NULL),(1869,171,10,1,'2020-06-05 22:48:17','2020-06-05 22:48:17',NULL),(1870,171,11,0,'2020-06-05 22:48:17','2020-06-05 22:48:17',NULL),(1871,172,1,10,'2020-06-05 22:48:17','2020-06-05 22:48:17',NULL),(1872,172,2,9,'2020-06-05 22:48:17','2020-06-05 22:48:17',NULL),(1873,172,3,8,'2020-06-05 22:48:17','2020-06-05 22:48:17',NULL),(1874,172,4,7,'2020-06-05 22:48:17','2020-06-05 22:48:17',NULL),(1875,172,5,6,'2020-06-05 22:48:17','2020-06-05 22:48:17',NULL),(1876,172,6,5,'2020-06-05 22:48:17','2020-06-05 22:48:17',NULL),(1877,172,7,4,'2020-06-05 22:48:17','2020-06-05 22:48:17',NULL),(1878,172,8,3,'2020-06-05 22:48:17','2020-06-05 22:48:17',NULL),(1879,172,9,2,'2020-06-05 22:48:17','2020-06-05 22:48:17',NULL),(1880,172,10,1,'2020-06-05 22:48:17','2020-06-05 22:48:17',NULL),(1881,172,11,0,'2020-06-05 22:48:17','2020-06-05 22:48:17',NULL),(1882,173,1,10,'2020-06-05 22:48:17','2020-06-05 22:48:17',NULL),(1883,173,2,9,'2020-06-05 22:48:17','2020-06-05 22:48:17',NULL),(1884,173,3,8,'2020-06-05 22:48:17','2020-06-05 22:48:17',NULL),(1885,173,4,7,'2020-06-05 22:48:17','2020-06-05 22:48:17',NULL),(1886,173,5,6,'2020-06-05 22:48:17','2020-06-05 22:48:17',NULL),(1887,173,6,5,'2020-06-05 22:48:17','2020-06-05 22:48:17',NULL),(1888,173,7,4,'2020-06-05 22:48:17','2020-06-05 22:48:17',NULL),(1889,173,8,3,'2020-06-05 22:48:17','2020-06-05 22:48:17',NULL),(1890,173,9,2,'2020-06-05 22:48:17','2020-06-05 22:48:17',NULL),(1891,173,10,1,'2020-06-05 22:48:17','2020-06-05 22:48:17',NULL),(1892,173,11,0,'2020-06-05 22:48:17','2020-06-05 22:48:17',NULL),(1893,174,1,10,'2020-06-05 22:48:17','2020-06-05 22:48:17',NULL),(1894,174,2,9,'2020-06-05 22:48:17','2020-06-05 22:48:17',NULL),(1895,174,3,8,'2020-06-05 22:48:17','2020-06-05 22:48:17',NULL),(1896,174,4,7,'2020-06-05 22:48:17','2020-06-05 22:48:17',NULL),(1897,174,5,6,'2020-06-05 22:48:17','2020-06-05 22:48:17',NULL),(1898,174,6,5,'2020-06-05 22:48:17','2020-06-05 22:48:17',NULL),(1899,174,7,4,'2020-06-05 22:48:17','2020-06-05 22:48:17',NULL),(1900,174,8,3,'2020-06-05 22:48:17','2020-06-05 22:48:17',NULL),(1901,174,9,2,'2020-06-05 22:48:17','2020-06-05 22:48:17',NULL),(1902,174,10,1,'2020-06-05 22:48:17','2020-06-05 22:48:17',NULL),(1903,174,11,0,'2020-06-05 22:48:17','2020-06-05 22:48:17',NULL),(1904,175,1,10,'2020-06-05 22:48:17','2020-06-05 22:48:17',NULL),(1905,175,2,9,'2020-06-05 22:48:17','2020-06-05 22:48:17',NULL),(1906,175,3,8,'2020-06-05 22:48:17','2020-06-05 22:48:17',NULL),(1907,175,4,7,'2020-06-05 22:48:17','2020-06-05 22:48:17',NULL),(1908,175,5,6,'2020-06-05 22:48:17','2020-06-05 22:48:17',NULL),(1909,175,6,5,'2020-06-05 22:48:17','2020-06-05 22:48:17',NULL),(1910,175,7,4,'2020-06-05 22:48:17','2020-06-05 22:48:17',NULL),(1911,175,8,3,'2020-06-05 22:48:17','2020-06-05 22:48:17',NULL),(1912,175,9,2,'2020-06-05 22:48:17','2020-06-05 22:48:17',NULL),(1913,175,10,1,'2020-06-05 22:48:17','2020-06-05 22:48:17',NULL),(1914,175,11,0,'2020-06-05 22:48:17','2020-06-05 22:48:17',NULL),(1915,176,1,10,'2020-06-05 22:48:17','2020-06-05 22:48:17',NULL),(1916,176,2,9,'2020-06-05 22:48:17','2020-06-05 22:48:17',NULL),(1917,176,3,8,'2020-06-05 22:48:17','2020-06-05 22:48:17',NULL),(1918,176,4,7,'2020-06-05 22:48:17','2020-06-05 22:48:17',NULL),(1919,176,5,6,'2020-06-05 22:48:17','2020-06-05 22:48:17',NULL),(1920,176,6,5,'2020-06-05 22:48:17','2020-06-05 22:48:17',NULL),(1921,176,7,4,'2020-06-05 22:48:17','2020-06-05 22:48:17',NULL),(1922,176,8,3,'2020-06-05 22:48:17','2020-06-05 22:48:17',NULL),(1923,176,9,2,'2020-06-05 22:48:17','2020-06-05 22:48:17',NULL),(1924,176,10,1,'2020-06-05 22:48:17','2020-06-05 22:48:17',NULL),(1925,176,11,0,'2020-06-05 22:48:17','2020-06-05 22:48:17',NULL),(1926,177,1,10,'2020-06-05 22:48:17','2020-06-05 22:48:17',NULL),(1927,177,2,9,'2020-06-05 22:48:17','2020-06-05 22:48:17',NULL),(1928,177,3,8,'2020-06-05 22:48:17','2020-06-05 22:48:17',NULL),(1929,177,4,7,'2020-06-05 22:48:17','2020-06-05 22:48:17',NULL),(1930,177,5,6,'2020-06-05 22:48:17','2020-06-05 22:48:17',NULL),(1931,177,6,5,'2020-06-05 22:48:17','2020-06-05 22:48:17',NULL),(1932,177,7,4,'2020-06-05 22:48:17','2020-06-05 22:48:17',NULL),(1933,177,8,3,'2020-06-05 22:48:17','2020-06-05 22:48:17',NULL),(1934,177,9,2,'2020-06-05 22:48:17','2020-06-05 22:48:17',NULL),(1935,177,10,1,'2020-06-05 22:48:17','2020-06-05 22:48:17',NULL),(1936,177,11,0,'2020-06-05 22:48:17','2020-06-05 22:48:17',NULL),(1937,178,1,10,'2020-06-05 22:48:17','2020-06-05 22:48:17',NULL),(1938,178,2,9,'2020-06-05 22:48:17','2020-06-05 22:48:17',NULL),(1939,178,3,8,'2020-06-05 22:48:17','2020-06-05 22:48:17',NULL),(1940,178,4,7,'2020-06-05 22:48:17','2020-06-05 22:48:17',NULL),(1941,178,5,6,'2020-06-05 22:48:17','2020-06-05 22:48:17',NULL),(1942,178,6,5,'2020-06-05 22:48:17','2020-06-05 22:48:17',NULL),(1943,178,7,4,'2020-06-05 22:48:17','2020-06-05 22:48:17',NULL),(1944,178,8,3,'2020-06-05 22:48:17','2020-06-05 22:48:17',NULL),(1945,178,9,2,'2020-06-05 22:48:17','2020-06-05 22:48:17',NULL),(1946,178,10,1,'2020-06-05 22:48:17','2020-06-05 22:48:17',NULL),(1947,178,11,0,'2020-06-05 22:48:17','2020-06-05 22:48:17',NULL),(1948,179,1,10,'2020-06-05 22:48:17','2020-06-05 22:48:17',NULL),(1949,179,2,9,'2020-06-05 22:48:17','2020-06-05 22:48:17',NULL),(1950,179,3,8,'2020-06-05 22:48:17','2020-06-05 22:48:17',NULL),(1951,179,4,7,'2020-06-05 22:48:17','2020-06-05 22:48:17',NULL),(1952,179,5,6,'2020-06-05 22:48:17','2020-06-05 22:48:17',NULL),(1953,179,6,5,'2020-06-05 22:48:17','2020-06-05 22:48:17',NULL),(1954,179,7,4,'2020-06-05 22:48:17','2020-06-05 22:48:17',NULL),(1955,179,8,3,'2020-06-05 22:48:17','2020-06-05 22:48:17',NULL),(1956,179,9,2,'2020-06-05 22:48:17','2020-06-05 22:48:17',NULL),(1957,179,10,1,'2020-06-05 22:48:17','2020-06-05 22:48:17',NULL),(1958,179,11,0,'2020-06-05 22:48:17','2020-06-05 22:48:17',NULL),(1959,180,1,10,'2020-06-05 22:48:17','2020-06-05 22:48:17',NULL),(1960,180,2,9,'2020-06-05 22:48:17','2020-06-05 22:48:17',NULL),(1961,180,3,8,'2020-06-05 22:48:17','2020-06-05 22:48:17',NULL),(1962,180,4,7,'2020-06-05 22:48:17','2020-06-05 22:48:17',NULL),(1963,180,5,6,'2020-06-05 22:48:17','2020-06-05 22:48:17',NULL),(1964,180,6,5,'2020-06-05 22:48:17','2020-06-05 22:48:17',NULL),(1965,180,7,4,'2020-06-05 22:48:17','2020-06-05 22:48:17',NULL),(1966,180,8,3,'2020-06-05 22:48:17','2020-06-05 22:48:17',NULL),(1967,180,9,2,'2020-06-05 22:48:17','2020-06-05 22:48:17',NULL),(1968,180,10,1,'2020-06-05 22:48:17','2020-06-05 22:48:17',NULL),(1969,180,11,0,'2020-06-05 22:48:17','2020-06-05 22:48:17',NULL),(1970,181,1,10,'2020-06-05 22:48:17','2020-06-05 22:48:17',NULL),(1971,181,2,9,'2020-06-05 22:48:17','2020-06-05 22:48:17',NULL),(1972,181,3,8,'2020-06-05 22:48:17','2020-06-05 22:48:17',NULL),(1973,181,4,7,'2020-06-05 22:48:17','2020-06-05 22:48:17',NULL),(1974,181,5,6,'2020-06-05 22:48:17','2020-06-05 22:48:17',NULL),(1975,181,6,5,'2020-06-05 22:48:17','2020-06-05 22:48:17',NULL),(1976,181,7,4,'2020-06-05 22:48:17','2020-06-05 22:48:17',NULL),(1977,181,8,3,'2020-06-05 22:48:17','2020-06-05 22:48:17',NULL),(1978,181,9,2,'2020-06-05 22:48:17','2020-06-05 22:48:17',NULL),(1979,181,10,1,'2020-06-05 22:48:17','2020-06-05 22:48:17',NULL),(1980,181,11,0,'2020-06-05 22:48:17','2020-06-05 22:48:17',NULL),(1981,182,1,10,'2020-06-05 22:48:17','2020-06-05 22:48:17',NULL),(1982,182,2,9,'2020-06-05 22:48:17','2020-06-05 22:48:17',NULL),(1983,182,3,8,'2020-06-05 22:48:17','2020-06-05 22:48:17',NULL),(1984,182,4,7,'2020-06-05 22:48:17','2020-06-05 22:48:17',NULL),(1985,182,5,6,'2020-06-05 22:48:17','2020-06-05 22:48:17',NULL),(1986,182,6,5,'2020-06-05 22:48:17','2020-06-05 22:48:17',NULL),(1987,182,7,4,'2020-06-05 22:48:17','2020-06-05 22:48:17',NULL),(1988,182,8,3,'2020-06-05 22:48:17','2020-06-05 22:48:17',NULL),(1989,182,9,2,'2020-06-05 22:48:17','2020-06-05 22:48:17',NULL),(1990,182,10,1,'2020-06-05 22:48:17','2020-06-05 22:48:17',NULL),(1991,182,11,0,'2020-06-05 22:48:17','2020-06-05 22:48:17',NULL),(1992,183,1,10,'2020-06-05 22:48:17','2020-06-05 22:48:17',NULL),(1993,183,2,9,'2020-06-05 22:48:17','2020-06-05 22:48:17',NULL),(1994,183,3,8,'2020-06-05 22:48:17','2020-06-05 22:48:17',NULL),(1995,183,4,7,'2020-06-05 22:48:17','2020-06-05 22:48:17',NULL),(1996,183,5,6,'2020-06-05 22:48:17','2020-06-05 22:48:17',NULL),(1997,183,6,5,'2020-06-05 22:48:17','2020-06-05 22:48:17',NULL),(1998,183,7,4,'2020-06-05 22:48:17','2020-06-05 22:48:17',NULL),(1999,183,8,3,'2020-06-05 22:48:17','2020-06-05 22:48:17',NULL),(2000,183,9,2,'2020-06-05 22:48:17','2020-06-05 22:48:17',NULL),(2001,183,10,1,'2020-06-05 22:48:17','2020-06-05 22:48:17',NULL),(2002,183,11,0,'2020-06-05 22:48:17','2020-06-05 22:48:17',NULL),(2003,184,1,10,'2020-06-05 22:48:17','2020-06-05 22:48:17',NULL),(2004,184,2,9,'2020-06-05 22:48:17','2020-06-05 22:48:17',NULL),(2005,184,3,8,'2020-06-05 22:48:17','2020-06-05 22:48:17',NULL),(2006,184,4,7,'2020-06-05 22:48:17','2020-06-05 22:48:17',NULL),(2007,184,5,6,'2020-06-05 22:48:17','2020-06-05 22:48:17',NULL),(2008,184,6,5,'2020-06-05 22:48:17','2020-06-05 22:48:17',NULL),(2009,184,7,4,'2020-06-05 22:48:17','2020-06-05 22:48:17',NULL),(2010,184,8,3,'2020-06-05 22:48:17','2020-06-05 22:48:17',NULL),(2011,184,9,2,'2020-06-05 22:48:17','2020-06-05 22:48:17',NULL),(2012,184,10,1,'2020-06-05 22:48:17','2020-06-05 22:48:17',NULL),(2013,184,11,0,'2020-06-05 22:48:17','2020-06-05 22:48:17',NULL),(2014,185,1,10,'2020-06-05 22:48:17','2020-06-05 22:48:17',NULL),(2015,185,2,9,'2020-06-05 22:48:17','2020-06-05 22:48:17',NULL),(2016,185,3,8,'2020-06-05 22:48:17','2020-06-05 22:48:17',NULL),(2017,185,4,7,'2020-06-05 22:48:17','2020-06-05 22:48:17',NULL),(2018,185,5,6,'2020-06-05 22:48:17','2020-06-05 22:48:17',NULL),(2019,185,6,5,'2020-06-05 22:48:17','2020-06-05 22:48:17',NULL),(2020,185,7,4,'2020-06-05 22:48:17','2020-06-05 22:48:17',NULL),(2021,185,8,3,'2020-06-05 22:48:17','2020-06-05 22:48:17',NULL),(2022,185,9,2,'2020-06-05 22:48:17','2020-06-05 22:48:17',NULL),(2023,185,10,1,'2020-06-05 22:48:17','2020-06-05 22:48:17',NULL),(2024,185,11,0,'2020-06-05 22:48:17','2020-06-05 22:48:17',NULL),(2025,186,1,10,'2020-06-05 22:48:17','2020-06-05 22:48:17',NULL),(2026,186,2,9,'2020-06-05 22:48:17','2020-06-05 22:48:17',NULL),(2027,186,3,8,'2020-06-05 22:48:17','2020-06-05 22:48:17',NULL),(2028,186,4,7,'2020-06-05 22:48:17','2020-06-05 22:48:17',NULL),(2029,186,5,6,'2020-06-05 22:48:17','2020-06-05 22:48:17',NULL),(2030,186,6,5,'2020-06-05 22:48:17','2020-06-05 22:48:17',NULL),(2031,186,7,4,'2020-06-05 22:48:17','2020-06-05 22:48:17',NULL),(2032,186,8,3,'2020-06-05 22:48:17','2020-06-05 22:48:17',NULL),(2033,186,9,2,'2020-06-05 22:48:17','2020-06-05 22:48:17',NULL),(2034,186,10,1,'2020-06-05 22:48:17','2020-06-05 22:48:17',NULL),(2035,186,11,0,'2020-06-05 22:48:17','2020-06-05 22:48:17',NULL),(2036,187,1,10,'2020-06-05 22:48:17','2020-06-05 22:48:17',NULL),(2037,187,2,9,'2020-06-05 22:48:17','2020-06-05 22:48:17',NULL),(2038,187,3,8,'2020-06-05 22:48:17','2020-06-05 22:48:17',NULL),(2039,187,4,7,'2020-06-05 22:48:17','2020-06-05 22:48:17',NULL),(2040,187,5,6,'2020-06-05 22:48:17','2020-06-05 22:48:17',NULL),(2041,187,6,5,'2020-06-05 22:48:17','2020-06-05 22:48:17',NULL),(2042,187,7,4,'2020-06-05 22:48:17','2020-06-05 22:48:17',NULL),(2043,187,8,3,'2020-06-05 22:48:17','2020-06-05 22:48:17',NULL),(2044,187,9,2,'2020-06-05 22:48:17','2020-06-05 22:48:17',NULL),(2045,187,10,1,'2020-06-05 22:48:17','2020-06-05 22:48:17',NULL),(2046,187,11,0,'2020-06-05 22:48:17','2020-06-05 22:48:17',NULL),(2047,188,1,10,'2020-06-05 22:48:17','2020-06-05 22:48:17',NULL),(2048,188,2,9,'2020-06-05 22:48:17','2020-06-05 22:48:17',NULL),(2049,188,3,8,'2020-06-05 22:48:17','2020-06-05 22:48:17',NULL),(2050,188,4,7,'2020-06-05 22:48:17','2020-06-05 22:48:17',NULL),(2051,188,5,6,'2020-06-05 22:48:17','2020-06-05 22:48:17',NULL),(2052,188,6,5,'2020-06-05 22:48:17','2020-06-05 22:48:17',NULL),(2053,188,7,4,'2020-06-05 22:48:17','2020-06-05 22:48:17',NULL),(2054,188,8,3,'2020-06-05 22:48:17','2020-06-05 22:48:17',NULL),(2055,188,9,2,'2020-06-05 22:48:17','2020-06-05 22:48:17',NULL),(2056,188,10,1,'2020-06-05 22:48:17','2020-06-05 22:48:17',NULL),(2057,188,11,0,'2020-06-05 22:48:17','2020-06-05 22:48:17',NULL),(2058,189,1,10,'2020-06-05 22:48:17','2020-06-05 22:48:17',NULL),(2059,189,2,9,'2020-06-05 22:48:17','2020-06-05 22:48:17',NULL),(2060,189,3,8,'2020-06-05 22:48:17','2020-06-05 22:48:17',NULL),(2061,189,4,7,'2020-06-05 22:48:17','2020-06-05 22:48:17',NULL),(2062,189,5,6,'2020-06-05 22:48:17','2020-06-05 22:48:17',NULL),(2063,189,6,5,'2020-06-05 22:48:17','2020-06-05 22:48:17',NULL),(2064,189,7,4,'2020-06-05 22:48:17','2020-06-05 22:48:17',NULL),(2065,189,8,3,'2020-06-05 22:48:17','2020-06-05 22:48:17',NULL),(2066,189,9,2,'2020-06-05 22:48:17','2020-06-05 22:48:17',NULL),(2067,189,10,1,'2020-06-05 22:48:17','2020-06-05 22:48:17',NULL),(2068,189,11,0,'2020-06-05 22:48:17','2020-06-05 22:48:17',NULL),(2069,190,1,10,'2020-06-05 22:48:17','2020-06-05 22:48:17',NULL),(2070,190,2,9,'2020-06-05 22:48:17','2020-06-05 22:48:17',NULL),(2071,190,3,8,'2020-06-05 22:48:17','2020-06-05 22:48:17',NULL),(2072,190,4,7,'2020-06-05 22:48:17','2020-06-05 22:48:17',NULL),(2073,190,5,6,'2020-06-05 22:48:17','2020-06-05 22:48:17',NULL),(2074,190,6,5,'2020-06-05 22:48:17','2020-06-05 22:48:17',NULL),(2075,190,7,4,'2020-06-05 22:48:17','2020-06-05 22:48:17',NULL),(2076,190,8,3,'2020-06-05 22:48:17','2020-06-05 22:48:17',NULL),(2077,190,9,2,'2020-06-05 22:48:17','2020-06-05 22:48:17',NULL),(2078,190,10,1,'2020-06-05 22:48:17','2020-06-05 22:48:17',NULL),(2079,190,11,0,'2020-06-05 22:48:17','2020-06-05 22:48:17',NULL),(2080,191,1,10,'2020-06-05 22:48:17','2020-06-05 22:48:17',NULL),(2081,191,2,9,'2020-06-05 22:48:17','2020-06-05 22:48:17',NULL),(2082,191,3,8,'2020-06-05 22:48:17','2020-06-05 22:48:17',NULL),(2083,191,4,7,'2020-06-05 22:48:17','2020-06-05 22:48:17',NULL),(2084,191,5,6,'2020-06-05 22:48:17','2020-06-05 22:48:17',NULL),(2085,191,6,5,'2020-06-05 22:48:17','2020-06-05 22:48:17',NULL),(2086,191,7,4,'2020-06-05 22:48:17','2020-06-05 22:48:17',NULL),(2087,191,8,3,'2020-06-05 22:48:17','2020-06-05 22:48:17',NULL),(2088,191,9,2,'2020-06-05 22:48:17','2020-06-05 22:48:17',NULL),(2089,191,10,1,'2020-06-05 22:48:17','2020-06-05 22:48:17',NULL),(2090,191,11,0,'2020-06-05 22:48:17','2020-06-05 22:48:17',NULL),(2091,192,1,10,'2020-06-05 22:48:17','2020-06-05 22:48:17',NULL),(2092,192,2,9,'2020-06-05 22:48:17','2020-06-05 22:48:17',NULL),(2093,192,3,8,'2020-06-05 22:48:17','2020-06-05 22:48:17',NULL),(2094,192,4,7,'2020-06-05 22:48:17','2020-06-05 22:48:17',NULL),(2095,192,5,6,'2020-06-05 22:48:17','2020-06-05 22:48:17',NULL),(2096,192,6,5,'2020-06-05 22:48:17','2020-06-05 22:48:17',NULL),(2097,192,7,4,'2020-06-05 22:48:17','2020-06-05 22:48:17',NULL),(2098,192,8,3,'2020-06-05 22:48:17','2020-06-05 22:48:17',NULL),(2099,192,9,2,'2020-06-05 22:48:17','2020-06-05 22:48:17',NULL),(2100,192,10,1,'2020-06-05 22:48:17','2020-06-05 22:48:17',NULL),(2101,192,11,0,'2020-06-05 22:48:17','2020-06-05 22:48:17',NULL),(2102,193,1,10,'2020-06-05 22:48:17','2020-06-05 22:48:17',NULL),(2103,193,2,9,'2020-06-05 22:48:17','2020-06-05 22:48:17',NULL),(2104,193,3,8,'2020-06-05 22:48:17','2020-06-05 22:48:17',NULL),(2105,193,4,7,'2020-06-05 22:48:17','2020-06-05 22:48:17',NULL),(2106,193,5,6,'2020-06-05 22:48:17','2020-06-05 22:48:17',NULL),(2107,193,6,5,'2020-06-05 22:48:17','2020-06-05 22:48:17',NULL),(2108,193,7,4,'2020-06-05 22:48:17','2020-06-05 22:48:17',NULL),(2109,193,8,3,'2020-06-05 22:48:17','2020-06-05 22:48:17',NULL),(2110,193,9,2,'2020-06-05 22:48:17','2020-06-05 22:48:17',NULL),(2111,193,10,1,'2020-06-05 22:48:17','2020-06-05 22:48:17',NULL),(2112,193,11,0,'2020-06-05 22:48:17','2020-06-05 22:48:17',NULL),(2113,194,1,10,'2020-06-05 22:48:17','2020-06-05 22:48:17',NULL),(2114,194,2,9,'2020-06-05 22:48:17','2020-06-05 22:48:17',NULL),(2115,194,3,8,'2020-06-05 22:48:17','2020-06-05 22:48:17',NULL),(2116,194,4,7,'2020-06-05 22:48:17','2020-06-05 22:48:17',NULL),(2117,194,5,6,'2020-06-05 22:48:17','2020-06-05 22:48:17',NULL),(2118,194,6,5,'2020-06-05 22:48:17','2020-06-05 22:48:17',NULL),(2119,194,7,4,'2020-06-05 22:48:17','2020-06-05 22:48:17',NULL),(2120,194,8,3,'2020-06-05 22:48:17','2020-06-05 22:48:17',NULL),(2121,194,9,2,'2020-06-05 22:48:17','2020-06-05 22:48:17',NULL),(2122,194,10,1,'2020-06-05 22:48:17','2020-06-05 22:48:17',NULL),(2123,194,11,0,'2020-06-05 22:48:17','2020-06-05 22:48:17',NULL),(2124,195,1,10,'2020-06-05 22:48:17','2020-06-05 22:48:17',NULL),(2125,195,2,9,'2020-06-05 22:48:17','2020-06-05 22:48:17',NULL),(2126,195,3,8,'2020-06-05 22:48:17','2020-06-05 22:48:17',NULL),(2127,195,4,7,'2020-06-05 22:48:17','2020-06-05 22:48:17',NULL),(2128,195,5,6,'2020-06-05 22:48:17','2020-06-05 22:48:17',NULL),(2129,195,6,5,'2020-06-05 22:48:17','2020-06-05 22:48:17',NULL),(2130,195,7,4,'2020-06-05 22:48:17','2020-06-05 22:48:17',NULL),(2131,195,8,3,'2020-06-05 22:48:17','2020-06-05 22:48:17',NULL),(2132,195,9,2,'2020-06-05 22:48:17','2020-06-05 22:48:17',NULL),(2133,195,10,1,'2020-06-05 22:48:17','2020-06-05 22:48:17',NULL),(2134,195,11,0,'2020-06-05 22:48:17','2020-06-05 22:48:17',NULL),(2135,196,1,10,'2020-06-05 22:48:17','2020-06-05 22:48:17',NULL),(2136,196,2,9,'2020-06-05 22:48:17','2020-06-05 22:48:17',NULL),(2137,196,3,8,'2020-06-05 22:48:17','2020-06-05 22:48:17',NULL),(2138,196,4,7,'2020-06-05 22:48:17','2020-06-05 22:48:17',NULL),(2139,196,5,6,'2020-06-05 22:48:17','2020-06-05 22:48:17',NULL),(2140,196,6,5,'2020-06-05 22:48:17','2020-06-05 22:48:17',NULL),(2141,196,7,4,'2020-06-05 22:48:17','2020-06-05 22:48:17',NULL),(2142,196,8,3,'2020-06-05 22:48:17','2020-06-05 22:48:17',NULL),(2143,196,9,2,'2020-06-05 22:48:17','2020-06-05 22:48:17',NULL),(2144,196,10,1,'2020-06-05 22:48:17','2020-06-05 22:48:17',NULL),(2145,196,11,0,'2020-06-05 22:48:17','2020-06-05 22:48:17',NULL),(2146,197,1,10,'2020-06-05 22:48:17','2020-06-05 22:48:17',NULL),(2147,197,2,9,'2020-06-05 22:48:17','2020-06-05 22:48:17',NULL),(2148,197,3,8,'2020-06-05 22:48:17','2020-06-05 22:48:17',NULL),(2149,197,4,7,'2020-06-05 22:48:17','2020-06-05 22:48:17',NULL),(2150,197,5,6,'2020-06-05 22:48:17','2020-06-05 22:48:17',NULL),(2151,197,6,5,'2020-06-05 22:48:17','2020-06-05 22:48:17',NULL),(2152,197,7,4,'2020-06-05 22:48:17','2020-06-05 22:48:17',NULL),(2153,197,8,3,'2020-06-05 22:48:17','2020-06-05 22:48:17',NULL),(2154,197,9,2,'2020-06-05 22:48:17','2020-06-05 22:48:17',NULL),(2155,197,10,1,'2020-06-05 22:48:17','2020-06-05 22:48:17',NULL),(2156,197,11,0,'2020-06-05 22:48:17','2020-06-05 22:48:17',NULL),(2157,198,1,10,'2020-06-05 22:48:17','2020-06-05 22:48:17',NULL),(2158,198,2,9,'2020-06-05 22:48:17','2020-06-05 22:48:17',NULL),(2159,198,3,8,'2020-06-05 22:48:17','2020-06-05 22:48:17',NULL),(2160,198,4,7,'2020-06-05 22:48:17','2020-06-05 22:48:17',NULL),(2161,198,5,6,'2020-06-05 22:48:17','2020-06-05 22:48:17',NULL),(2162,198,6,5,'2020-06-05 22:48:17','2020-06-05 22:48:17',NULL),(2163,198,7,4,'2020-06-05 22:48:17','2020-06-05 22:48:17',NULL),(2164,198,8,3,'2020-06-05 22:48:17','2020-06-05 22:48:17',NULL),(2165,198,9,2,'2020-06-05 22:48:17','2020-06-05 22:48:17',NULL),(2166,198,10,1,'2020-06-05 22:48:17','2020-06-05 22:48:17',NULL),(2167,198,11,0,'2020-06-05 22:48:17','2020-06-05 22:48:17',NULL),(2168,199,1,10,'2020-06-05 22:48:17','2020-06-05 22:48:17',NULL),(2169,199,2,9,'2020-06-05 22:48:17','2020-06-05 22:48:17',NULL),(2170,199,3,8,'2020-06-05 22:48:17','2020-06-05 22:48:17',NULL),(2171,199,4,7,'2020-06-05 22:48:17','2020-06-05 22:48:17',NULL),(2172,199,5,6,'2020-06-05 22:48:17','2020-06-05 22:48:17',NULL),(2173,199,6,5,'2020-06-05 22:48:17','2020-06-05 22:48:17',NULL),(2174,199,7,4,'2020-06-05 22:48:17','2020-06-05 22:48:17',NULL),(2175,199,8,3,'2020-06-05 22:48:17','2020-06-05 22:48:17',NULL),(2176,199,9,2,'2020-06-05 22:48:17','2020-06-05 22:48:17',NULL),(2177,199,10,1,'2020-06-05 22:48:17','2020-06-05 22:48:17',NULL),(2178,199,11,0,'2020-06-05 22:48:17','2020-06-05 22:48:17',NULL),(2179,200,1,10,'2020-06-05 22:48:17','2020-06-05 22:48:17',NULL),(2180,200,2,9,'2020-06-05 22:48:17','2020-06-05 22:48:17',NULL),(2181,200,3,8,'2020-06-05 22:48:17','2020-06-05 22:48:17',NULL),(2182,200,4,7,'2020-06-05 22:48:17','2020-06-05 22:48:17',NULL),(2183,200,5,6,'2020-06-05 22:48:17','2020-06-05 22:48:17',NULL),(2184,200,6,5,'2020-06-05 22:48:17','2020-06-05 22:48:17',NULL),(2185,200,7,4,'2020-06-05 22:48:17','2020-06-05 22:48:17',NULL),(2186,200,8,3,'2020-06-05 22:48:17','2020-06-05 22:48:17',NULL),(2187,200,9,2,'2020-06-05 22:48:17','2020-06-05 22:48:17',NULL),(2188,200,10,1,'2020-06-05 22:48:17','2020-06-05 22:48:17',NULL),(2189,200,11,0,'2020-06-05 22:48:17','2020-06-05 22:48:17',NULL),(2190,201,1,10,'2020-06-05 22:48:17','2020-06-05 22:48:17',NULL),(2191,201,2,9,'2020-06-05 22:48:17','2020-06-05 22:48:17',NULL),(2192,201,3,8,'2020-06-05 22:48:17','2020-06-05 22:48:17',NULL),(2193,201,4,7,'2020-06-05 22:48:17','2020-06-05 22:48:17',NULL),(2194,201,5,6,'2020-06-05 22:48:17','2020-06-05 22:48:17',NULL),(2195,201,6,5,'2020-06-05 22:48:17','2020-06-05 22:48:17',NULL),(2196,201,7,4,'2020-06-05 22:48:17','2020-06-05 22:48:17',NULL),(2197,201,8,3,'2020-06-05 22:48:17','2020-06-05 22:48:17',NULL),(2198,201,9,2,'2020-06-05 22:48:17','2020-06-05 22:48:17',NULL),(2199,201,10,1,'2020-06-05 22:48:17','2020-06-05 22:48:17',NULL),(2200,201,11,0,'2020-06-05 22:48:17','2020-06-05 22:48:17',NULL),(2201,202,1,10,'2020-06-05 22:48:17','2020-06-05 22:48:17',NULL),(2202,202,2,9,'2020-06-05 22:48:17','2020-06-05 22:48:17',NULL),(2203,202,3,8,'2020-06-05 22:48:17','2020-06-05 22:48:17',NULL),(2204,202,4,7,'2020-06-05 22:48:17','2020-06-05 22:48:17',NULL),(2205,202,5,6,'2020-06-05 22:48:17','2020-06-05 22:48:17',NULL),(2206,202,6,5,'2020-06-05 22:48:17','2020-06-05 22:48:17',NULL),(2207,202,7,4,'2020-06-05 22:48:17','2020-06-05 22:48:17',NULL),(2208,202,8,3,'2020-06-05 22:48:17','2020-06-05 22:48:17',NULL),(2209,202,9,2,'2020-06-05 22:48:17','2020-06-05 22:48:17',NULL),(2210,202,10,1,'2020-06-05 22:48:17','2020-06-05 22:48:17',NULL),(2211,202,11,0,'2020-06-05 22:48:17','2020-06-05 22:48:17',NULL),(2212,203,1,10,'2020-06-05 22:48:17','2020-06-05 22:48:17',NULL),(2213,203,2,9,'2020-06-05 22:48:17','2020-06-05 22:48:17',NULL),(2214,203,3,8,'2020-06-05 22:48:17','2020-06-05 22:48:17',NULL),(2215,203,4,7,'2020-06-05 22:48:17','2020-06-05 22:48:17',NULL),(2216,203,5,6,'2020-06-05 22:48:17','2020-06-05 22:48:17',NULL),(2217,203,6,5,'2020-06-05 22:48:17','2020-06-05 22:48:17',NULL),(2218,203,7,4,'2020-06-05 22:48:17','2020-06-05 22:48:17',NULL),(2219,203,8,3,'2020-06-05 22:48:17','2020-06-05 22:48:17',NULL),(2220,203,9,2,'2020-06-05 22:48:17','2020-06-05 22:48:17',NULL),(2221,203,10,1,'2020-06-05 22:48:17','2020-06-05 22:48:17',NULL),(2222,203,11,0,'2020-06-05 22:48:17','2020-06-05 22:48:17',NULL),(2223,204,1,10,'2020-06-05 22:48:17','2020-06-05 22:48:17',NULL),(2224,204,2,9,'2020-06-05 22:48:17','2020-06-05 22:48:17',NULL),(2225,204,3,8,'2020-06-05 22:48:17','2020-06-05 22:48:17',NULL),(2226,204,4,7,'2020-06-05 22:48:17','2020-06-05 22:48:17',NULL),(2227,204,5,6,'2020-06-05 22:48:17','2020-06-05 22:48:17',NULL),(2228,204,6,5,'2020-06-05 22:48:17','2020-06-05 22:48:17',NULL),(2229,204,7,4,'2020-06-05 22:48:17','2020-06-05 22:48:17',NULL),(2230,204,8,3,'2020-06-05 22:48:17','2020-06-05 22:48:17',NULL),(2231,204,9,2,'2020-06-05 22:48:17','2020-06-05 22:48:17',NULL),(2232,204,10,1,'2020-06-05 22:48:17','2020-06-05 22:48:17',NULL),(2233,204,11,0,'2020-06-05 22:48:17','2020-06-05 22:48:17',NULL),(2234,205,1,10,'2020-06-05 22:48:17','2020-06-05 22:48:17',NULL),(2235,205,2,9,'2020-06-05 22:48:17','2020-06-05 22:48:17',NULL),(2236,205,3,8,'2020-06-05 22:48:17','2020-06-05 22:48:17',NULL),(2237,205,4,7,'2020-06-05 22:48:17','2020-06-05 22:48:17',NULL),(2238,205,5,6,'2020-06-05 22:48:17','2020-06-05 22:48:17',NULL),(2239,205,6,5,'2020-06-05 22:48:17','2020-06-05 22:48:17',NULL),(2240,205,7,4,'2020-06-05 22:48:17','2020-06-05 22:48:17',NULL),(2241,205,8,3,'2020-06-05 22:48:17','2020-06-05 22:48:17',NULL),(2242,205,9,2,'2020-06-05 22:48:17','2020-06-05 22:48:17',NULL),(2243,205,10,1,'2020-06-05 22:48:17','2020-06-05 22:48:17',NULL),(2244,205,11,0,'2020-06-05 22:48:17','2020-06-05 22:48:17',NULL),(2245,206,1,10,'2020-06-05 22:48:17','2020-06-05 22:48:17',NULL),(2246,206,2,9,'2020-06-05 22:48:17','2020-06-05 22:48:17',NULL),(2247,206,3,8,'2020-06-05 22:48:17','2020-06-05 22:48:17',NULL),(2248,206,4,7,'2020-06-05 22:48:17','2020-06-05 22:48:17',NULL),(2249,206,5,6,'2020-06-05 22:48:17','2020-06-05 22:48:17',NULL),(2250,206,6,5,'2020-06-05 22:48:17','2020-06-05 22:48:17',NULL),(2251,206,7,4,'2020-06-05 22:48:17','2020-06-05 22:48:17',NULL),(2252,206,8,3,'2020-06-05 22:48:17','2020-06-05 22:48:17',NULL),(2253,206,9,2,'2020-06-05 22:48:17','2020-06-05 22:48:17',NULL),(2254,206,10,1,'2020-06-05 22:48:17','2020-06-05 22:48:17',NULL),(2255,206,11,0,'2020-06-05 22:48:17','2020-06-05 22:48:17',NULL),(2256,207,1,10,'2020-06-05 22:48:17','2020-06-05 22:48:17',NULL),(2257,207,2,9,'2020-06-05 22:48:17','2020-06-05 22:48:17',NULL),(2258,207,3,8,'2020-06-05 22:48:17','2020-06-05 22:48:17',NULL),(2259,207,4,7,'2020-06-05 22:48:17','2020-06-05 22:48:17',NULL),(2260,207,5,6,'2020-06-05 22:48:17','2020-06-05 22:48:17',NULL),(2261,207,6,5,'2020-06-05 22:48:17','2020-06-05 22:48:17',NULL),(2262,207,7,4,'2020-06-05 22:48:17','2020-06-05 22:48:17',NULL),(2263,207,8,3,'2020-06-05 22:48:17','2020-06-05 22:48:17',NULL),(2264,207,9,2,'2020-06-05 22:48:17','2020-06-05 22:48:17',NULL),(2265,207,10,1,'2020-06-05 22:48:17','2020-06-05 22:48:17',NULL),(2266,207,11,0,'2020-06-05 22:48:17','2020-06-05 22:48:17',NULL),(2267,208,1,10,'2020-06-05 22:48:17','2020-06-05 22:48:17',NULL),(2268,208,2,9,'2020-06-05 22:48:17','2020-06-05 22:48:17',NULL),(2269,208,3,8,'2020-06-05 22:48:17','2020-06-05 22:48:17',NULL),(2270,208,4,7,'2020-06-05 22:48:17','2020-06-05 22:48:17',NULL),(2271,208,5,6,'2020-06-05 22:48:17','2020-06-05 22:48:17',NULL),(2272,208,6,5,'2020-06-05 22:48:17','2020-06-05 22:48:17',NULL),(2273,208,7,4,'2020-06-05 22:48:17','2020-06-05 22:48:17',NULL),(2274,208,8,3,'2020-06-05 22:48:17','2020-06-05 22:48:17',NULL),(2275,208,9,2,'2020-06-05 22:48:17','2020-06-05 22:48:17',NULL),(2276,208,10,1,'2020-06-05 22:48:17','2020-06-05 22:48:17',NULL),(2277,208,11,0,'2020-06-05 22:48:17','2020-06-05 22:48:17',NULL),(2278,209,1,10,'2020-06-05 22:48:17','2020-06-05 22:48:17',NULL),(2279,209,2,9,'2020-06-05 22:48:17','2020-06-05 22:48:17',NULL),(2280,209,3,8,'2020-06-05 22:48:17','2020-06-05 22:48:17',NULL),(2281,209,4,7,'2020-06-05 22:48:17','2020-06-05 22:48:17',NULL),(2282,209,5,6,'2020-06-05 22:48:17','2020-06-05 22:48:17',NULL),(2283,209,6,5,'2020-06-05 22:48:17','2020-06-05 22:48:17',NULL),(2284,209,7,4,'2020-06-05 22:48:17','2020-06-05 22:48:17',NULL),(2285,209,8,3,'2020-06-05 22:48:17','2020-06-05 22:48:17',NULL),(2286,209,9,2,'2020-06-05 22:48:17','2020-06-05 22:48:17',NULL),(2287,209,10,1,'2020-06-05 22:48:17','2020-06-05 22:48:17',NULL),(2288,209,11,0,'2020-06-05 22:48:17','2020-06-05 22:48:17',NULL),(2289,210,1,10,'2020-06-05 22:48:17','2020-06-05 22:48:17',NULL),(2290,210,2,9,'2020-06-05 22:48:17','2020-06-05 22:48:17',NULL),(2291,210,3,8,'2020-06-05 22:48:17','2020-06-05 22:48:17',NULL),(2292,210,4,7,'2020-06-05 22:48:17','2020-06-05 22:48:17',NULL),(2293,210,5,6,'2020-06-05 22:48:17','2020-06-05 22:48:17',NULL),(2294,210,6,5,'2020-06-05 22:48:17','2020-06-05 22:48:17',NULL),(2295,210,7,4,'2020-06-05 22:48:17','2020-06-05 22:48:17',NULL),(2296,210,8,3,'2020-06-05 22:48:17','2020-06-05 22:48:17',NULL),(2297,210,9,2,'2020-06-05 22:48:17','2020-06-05 22:48:17',NULL),(2298,210,10,1,'2020-06-05 22:48:17','2020-06-05 22:48:17',NULL),(2299,210,11,0,'2020-06-05 22:48:17','2020-06-05 22:48:17',NULL),(2300,211,1,10,'2020-06-05 22:48:17','2020-06-05 22:48:17',NULL),(2301,211,2,9,'2020-06-05 22:48:17','2020-06-05 22:48:17',NULL),(2302,211,3,8,'2020-06-05 22:48:17','2020-06-05 22:48:17',NULL),(2303,211,4,7,'2020-06-05 22:48:17','2020-06-05 22:48:17',NULL),(2304,211,5,6,'2020-06-05 22:48:17','2020-06-05 22:48:17',NULL),(2305,211,6,5,'2020-06-05 22:48:17','2020-06-05 22:48:17',NULL),(2306,211,7,4,'2020-06-05 22:48:17','2020-06-05 22:48:17',NULL),(2307,211,8,3,'2020-06-05 22:48:17','2020-06-05 22:48:17',NULL),(2308,211,9,2,'2020-06-05 22:48:17','2020-06-05 22:48:17',NULL),(2309,211,10,1,'2020-06-05 22:48:17','2020-06-05 22:48:17',NULL),(2310,211,11,0,'2020-06-05 22:48:17','2020-06-05 22:48:17',NULL),(2311,212,1,10,'2020-06-05 22:48:17','2020-06-05 22:48:17',NULL),(2312,212,2,9,'2020-06-05 22:48:17','2020-06-05 22:48:17',NULL),(2313,212,3,8,'2020-06-05 22:48:17','2020-06-05 22:48:17',NULL),(2314,212,4,7,'2020-06-05 22:48:17','2020-06-05 22:48:17',NULL),(2315,212,5,6,'2020-06-05 22:48:17','2020-06-05 22:48:17',NULL),(2316,212,6,5,'2020-06-05 22:48:17','2020-06-05 22:48:17',NULL),(2317,212,7,4,'2020-06-05 22:48:17','2020-06-05 22:48:17',NULL),(2318,212,8,3,'2020-06-05 22:48:17','2020-06-05 22:48:17',NULL),(2319,212,9,2,'2020-06-05 22:48:17','2020-06-05 22:48:17',NULL),(2320,212,10,1,'2020-06-05 22:48:17','2020-06-05 22:48:17',NULL),(2321,212,11,0,'2020-06-05 22:48:17','2020-06-05 22:48:17',NULL),(2322,213,1,10,'2020-06-05 22:48:17','2020-06-05 22:48:17',NULL),(2323,213,2,9,'2020-06-05 22:48:17','2020-06-05 22:48:17',NULL),(2324,213,3,8,'2020-06-05 22:48:17','2020-06-05 22:48:17',NULL),(2325,213,4,7,'2020-06-05 22:48:17','2020-06-05 22:48:17',NULL),(2326,213,5,6,'2020-06-05 22:48:17','2020-06-05 22:48:17',NULL),(2327,213,6,5,'2020-06-05 22:48:17','2020-06-05 22:48:17',NULL),(2328,213,7,4,'2020-06-05 22:48:17','2020-06-05 22:48:17',NULL),(2329,213,8,3,'2020-06-05 22:48:17','2020-06-05 22:48:17',NULL),(2330,213,9,2,'2020-06-05 22:48:17','2020-06-05 22:48:17',NULL),(2331,213,10,1,'2020-06-05 22:48:17','2020-06-05 22:48:17',NULL),(2332,213,11,0,'2020-06-05 22:48:17','2020-06-05 22:48:17',NULL),(2333,214,1,10,'2020-06-05 22:48:17','2020-06-05 22:48:17',NULL),(2334,214,2,9,'2020-06-05 22:48:17','2020-06-05 22:48:17',NULL),(2335,214,3,8,'2020-06-05 22:48:17','2020-06-05 22:48:17',NULL),(2336,214,4,7,'2020-06-05 22:48:17','2020-06-05 22:48:17',NULL),(2337,214,5,6,'2020-06-05 22:48:17','2020-06-05 22:48:17',NULL),(2338,214,6,5,'2020-06-05 22:48:17','2020-06-05 22:48:17',NULL),(2339,214,7,4,'2020-06-05 22:48:17','2020-06-05 22:48:17',NULL),(2340,214,8,3,'2020-06-05 22:48:17','2020-06-05 22:48:17',NULL),(2341,214,9,2,'2020-06-05 22:48:17','2020-06-05 22:48:17',NULL),(2342,214,10,1,'2020-06-05 22:48:17','2020-06-05 22:48:17',NULL),(2343,214,11,0,'2020-06-05 22:48:17','2020-06-05 22:48:17',NULL),(2344,215,1,10,'2020-06-05 22:48:17','2020-06-05 22:48:17',NULL),(2345,215,2,9,'2020-06-05 22:48:17','2020-06-05 22:48:17',NULL),(2346,215,3,8,'2020-06-05 22:48:17','2020-06-05 22:48:17',NULL),(2347,215,4,7,'2020-06-05 22:48:17','2020-06-05 22:48:17',NULL),(2348,215,5,6,'2020-06-05 22:48:17','2020-06-05 22:48:17',NULL),(2349,215,6,5,'2020-06-05 22:48:17','2020-06-05 22:48:17',NULL),(2350,215,7,4,'2020-06-05 22:48:17','2020-06-05 22:48:17',NULL),(2351,215,8,3,'2020-06-05 22:48:17','2020-06-05 22:48:17',NULL),(2352,215,9,2,'2020-06-05 22:48:17','2020-06-05 22:48:17',NULL),(2353,215,10,1,'2020-06-05 22:48:17','2020-06-05 22:48:17',NULL),(2354,215,11,0,'2020-06-05 22:48:17','2020-06-05 22:48:17',NULL),(2355,216,1,10,'2020-06-05 22:48:17','2020-06-05 22:48:17',NULL),(2356,216,2,9,'2020-06-05 22:48:17','2020-06-05 22:48:17',NULL),(2357,216,3,8,'2020-06-05 22:48:17','2020-06-05 22:48:17',NULL),(2358,216,4,7,'2020-06-05 22:48:17','2020-06-05 22:48:17',NULL),(2359,216,5,6,'2020-06-05 22:48:17','2020-06-05 22:48:17',NULL),(2360,216,6,5,'2020-06-05 22:48:17','2020-06-05 22:48:17',NULL),(2361,216,7,4,'2020-06-05 22:48:17','2020-06-05 22:48:17',NULL),(2362,216,8,3,'2020-06-05 22:48:17','2020-06-05 22:48:17',NULL),(2363,216,9,2,'2020-06-05 22:48:17','2020-06-05 22:48:17',NULL),(2364,216,10,1,'2020-06-05 22:48:17','2020-06-05 22:48:17',NULL),(2365,216,11,0,'2020-06-05 22:48:17','2020-06-05 22:48:17',NULL),(2366,217,1,10,'2020-06-05 22:48:17','2020-06-05 22:48:17',NULL),(2367,217,2,9,'2020-06-05 22:48:17','2020-06-05 22:48:17',NULL),(2368,217,3,8,'2020-06-05 22:48:17','2020-06-05 22:48:17',NULL),(2369,217,4,7,'2020-06-05 22:48:17','2020-06-05 22:48:17',NULL),(2370,217,5,6,'2020-06-05 22:48:17','2020-06-05 22:48:17',NULL),(2371,217,6,5,'2020-06-05 22:48:17','2020-06-05 22:48:17',NULL),(2372,217,7,4,'2020-06-05 22:48:17','2020-06-05 22:48:17',NULL),(2373,217,8,3,'2020-06-05 22:48:17','2020-06-05 22:48:17',NULL),(2374,217,9,2,'2020-06-05 22:48:17','2020-06-05 22:48:17',NULL),(2375,217,10,1,'2020-06-05 22:48:17','2020-06-05 22:48:17',NULL),(2376,217,11,0,'2020-06-05 22:48:17','2020-06-05 22:48:17',NULL),(2377,218,1,10,'2020-06-05 22:48:17','2020-06-05 22:48:17',NULL),(2378,218,2,9,'2020-06-05 22:48:17','2020-06-05 22:48:17',NULL),(2379,218,3,8,'2020-06-05 22:48:17','2020-06-05 22:48:17',NULL),(2380,218,4,7,'2020-06-05 22:48:17','2020-06-05 22:48:17',NULL),(2381,218,5,6,'2020-06-05 22:48:17','2020-06-05 22:48:17',NULL),(2382,218,6,5,'2020-06-05 22:48:17','2020-06-05 22:48:17',NULL),(2383,218,7,4,'2020-06-05 22:48:17','2020-06-05 22:48:17',NULL),(2384,218,8,3,'2020-06-05 22:48:17','2020-06-05 22:48:17',NULL),(2385,218,9,2,'2020-06-05 22:48:17','2020-06-05 22:48:17',NULL),(2386,218,10,1,'2020-06-05 22:48:17','2020-06-05 22:48:17',NULL),(2387,218,11,0,'2020-06-05 22:48:17','2020-06-05 22:48:17',NULL),(2388,219,1,10,'2020-06-05 22:48:17','2020-06-05 22:48:17',NULL),(2389,219,2,9,'2020-06-05 22:48:17','2020-06-05 22:48:17',NULL),(2390,219,3,8,'2020-06-05 22:48:17','2020-06-05 22:48:17',NULL),(2391,219,4,7,'2020-06-05 22:48:17','2020-06-05 22:48:17',NULL),(2392,219,5,6,'2020-06-05 22:48:17','2020-06-05 22:48:17',NULL),(2393,219,6,5,'2020-06-05 22:48:17','2020-06-05 22:48:17',NULL),(2394,219,7,4,'2020-06-05 22:48:17','2020-06-05 22:48:17',NULL),(2395,219,8,3,'2020-06-05 22:48:17','2020-06-05 22:48:17',NULL),(2396,219,9,2,'2020-06-05 22:48:17','2020-06-05 22:48:17',NULL),(2397,219,10,1,'2020-06-05 22:48:17','2020-06-05 22:48:17',NULL),(2398,219,11,0,'2020-06-05 22:48:17','2020-06-05 22:48:17',NULL),(2399,220,1,10,'2020-06-05 22:48:17','2020-06-05 22:48:17',NULL),(2400,220,2,9,'2020-06-05 22:48:17','2020-06-05 22:48:17',NULL),(2401,220,3,8,'2020-06-05 22:48:17','2020-06-05 22:48:17',NULL),(2402,220,4,7,'2020-06-05 22:48:17','2020-06-05 22:48:17',NULL),(2403,220,5,6,'2020-06-05 22:48:17','2020-06-05 22:48:17',NULL),(2404,220,6,5,'2020-06-05 22:48:17','2020-06-05 22:48:17',NULL),(2405,220,7,4,'2020-06-05 22:48:17','2020-06-05 22:48:17',NULL),(2406,220,8,3,'2020-06-05 22:48:17','2020-06-05 22:48:17',NULL),(2407,220,9,2,'2020-06-05 22:48:17','2020-06-05 22:48:17',NULL),(2408,220,10,1,'2020-06-05 22:48:17','2020-06-05 22:48:17',NULL),(2409,220,11,0,'2020-06-05 22:48:17','2020-06-05 22:48:17',NULL),(2410,221,1,10,'2020-06-05 22:48:17','2020-06-05 22:48:17',NULL),(2411,221,2,9,'2020-06-05 22:48:17','2020-06-05 22:48:17',NULL),(2412,221,3,8,'2020-06-05 22:48:17','2020-06-05 22:48:17',NULL),(2413,221,4,7,'2020-06-05 22:48:17','2020-06-05 22:48:17',NULL),(2414,221,5,6,'2020-06-05 22:48:17','2020-06-05 22:48:17',NULL),(2415,221,6,5,'2020-06-05 22:48:17','2020-06-05 22:48:17',NULL),(2416,221,7,4,'2020-06-05 22:48:17','2020-06-05 22:48:17',NULL),(2417,221,8,3,'2020-06-05 22:48:17','2020-06-05 22:48:17',NULL),(2418,221,9,2,'2020-06-05 22:48:17','2020-06-05 22:48:17',NULL),(2419,221,10,1,'2020-06-05 22:48:17','2020-06-05 22:48:17',NULL),(2420,221,11,0,'2020-06-05 22:48:17','2020-06-05 22:48:17',NULL),(2421,222,1,10,'2020-06-05 22:48:17','2020-06-05 22:48:17',NULL),(2422,222,2,9,'2020-06-05 22:48:17','2020-06-05 22:48:17',NULL),(2423,222,3,8,'2020-06-05 22:48:17','2020-06-05 22:48:17',NULL),(2424,222,4,7,'2020-06-05 22:48:17','2020-06-05 22:48:17',NULL),(2425,222,5,6,'2020-06-05 22:48:17','2020-06-05 22:48:17',NULL),(2426,222,6,5,'2020-06-05 22:48:17','2020-06-05 22:48:17',NULL),(2427,222,7,4,'2020-06-05 22:48:17','2020-06-05 22:48:17',NULL),(2428,222,8,3,'2020-06-05 22:48:17','2020-06-05 22:48:17',NULL),(2429,222,9,2,'2020-06-05 22:48:17','2020-06-05 22:48:17',NULL),(2430,222,10,1,'2020-06-05 22:48:17','2020-06-05 22:48:17',NULL),(2431,222,11,0,'2020-06-05 22:48:17','2020-06-05 22:48:17',NULL),(2432,223,1,10,'2020-06-05 22:48:17','2020-06-05 22:48:17',NULL),(2433,223,2,9,'2020-06-05 22:48:17','2020-06-05 22:48:17',NULL),(2434,223,3,8,'2020-06-05 22:48:17','2020-06-05 22:48:17',NULL),(2435,223,4,7,'2020-06-05 22:48:17','2020-06-05 22:48:17',NULL),(2436,223,5,6,'2020-06-05 22:48:17','2020-06-05 22:48:17',NULL),(2437,223,6,5,'2020-06-05 22:48:17','2020-06-05 22:48:17',NULL),(2438,223,7,4,'2020-06-05 22:48:17','2020-06-05 22:48:17',NULL),(2439,223,8,3,'2020-06-05 22:48:17','2020-06-05 22:48:17',NULL),(2440,223,9,2,'2020-06-05 22:48:17','2020-06-05 22:48:17',NULL),(2441,223,10,1,'2020-06-05 22:48:17','2020-06-05 22:48:17',NULL),(2442,223,11,0,'2020-06-05 22:48:17','2020-06-05 22:48:17',NULL),(2443,224,1,10,'2020-06-05 22:48:17','2020-06-05 22:48:17',NULL),(2444,224,2,9,'2020-06-05 22:48:17','2020-06-05 22:48:17',NULL),(2445,224,3,8,'2020-06-05 22:48:17','2020-06-05 22:48:17',NULL),(2446,224,4,7,'2020-06-05 22:48:17','2020-06-05 22:48:17',NULL),(2447,224,5,6,'2020-06-05 22:48:17','2020-06-05 22:48:17',NULL),(2448,224,6,5,'2020-06-05 22:48:17','2020-06-05 22:48:17',NULL),(2449,224,7,4,'2020-06-05 22:48:17','2020-06-05 22:48:17',NULL),(2450,224,8,3,'2020-06-05 22:48:17','2020-06-05 22:48:17',NULL),(2451,224,9,2,'2020-06-05 22:48:17','2020-06-05 22:48:17',NULL),(2452,224,10,1,'2020-06-05 22:48:17','2020-06-05 22:48:17',NULL),(2453,224,11,0,'2020-06-05 22:48:17','2020-06-05 22:48:17',NULL),(2454,225,1,10,'2020-06-05 22:48:17','2020-06-05 22:48:17',NULL),(2455,225,2,9,'2020-06-05 22:48:17','2020-06-05 22:48:17',NULL),(2456,225,3,8,'2020-06-05 22:48:17','2020-06-05 22:48:17',NULL),(2457,225,4,7,'2020-06-05 22:48:17','2020-06-05 22:48:17',NULL),(2458,225,5,6,'2020-06-05 22:48:17','2020-06-05 22:48:17',NULL),(2459,225,6,5,'2020-06-05 22:48:17','2020-06-05 22:48:17',NULL),(2460,225,7,4,'2020-06-05 22:48:17','2020-06-05 22:48:17',NULL),(2461,225,8,3,'2020-06-05 22:48:17','2020-06-05 22:48:17',NULL),(2462,225,9,2,'2020-06-05 22:48:17','2020-06-05 22:48:17',NULL),(2463,225,10,1,'2020-06-05 22:48:17','2020-06-05 22:48:17',NULL),(2464,225,11,0,'2020-06-05 22:48:17','2020-06-05 22:48:17',NULL),(2465,226,1,10,'2020-06-05 22:48:17','2020-06-05 22:48:17',NULL),(2466,226,2,9,'2020-06-05 22:48:17','2020-06-05 22:48:17',NULL),(2467,226,3,8,'2020-06-05 22:48:17','2020-06-05 22:48:17',NULL),(2468,226,4,7,'2020-06-05 22:48:17','2020-06-05 22:48:17',NULL),(2469,226,5,6,'2020-06-05 22:48:17','2020-06-05 22:48:17',NULL),(2470,226,6,5,'2020-06-05 22:48:17','2020-06-05 22:48:17',NULL),(2471,226,7,4,'2020-06-05 22:48:17','2020-06-05 22:48:17',NULL),(2472,226,8,3,'2020-06-05 22:48:17','2020-06-05 22:48:17',NULL),(2473,226,9,2,'2020-06-05 22:48:17','2020-06-05 22:48:17',NULL),(2474,226,10,1,'2020-06-05 22:48:17','2020-06-05 22:48:17',NULL),(2475,226,11,0,'2020-06-05 22:48:17','2020-06-05 22:48:17',NULL),(2476,227,1,10,'2020-06-05 22:48:17','2020-06-05 22:48:17',NULL),(2477,227,2,9,'2020-06-05 22:48:17','2020-06-05 22:48:17',NULL),(2478,227,3,8,'2020-06-05 22:48:17','2020-06-05 22:48:17',NULL),(2479,227,4,7,'2020-06-05 22:48:17','2020-06-05 22:48:17',NULL),(2480,227,5,6,'2020-06-05 22:48:17','2020-06-05 22:48:17',NULL),(2481,227,6,5,'2020-06-05 22:48:17','2020-06-05 22:48:17',NULL),(2482,227,7,4,'2020-06-05 22:48:17','2020-06-05 22:48:17',NULL),(2483,227,8,3,'2020-06-05 22:48:17','2020-06-05 22:48:17',NULL),(2484,227,9,2,'2020-06-05 22:48:17','2020-06-05 22:48:17',NULL),(2485,227,10,1,'2020-06-05 22:48:17','2020-06-05 22:48:17',NULL),(2486,227,11,0,'2020-06-05 22:48:17','2020-06-05 22:48:17',NULL),(2487,228,1,10,'2020-06-05 22:48:17','2020-06-05 22:48:17',NULL),(2488,228,2,9,'2020-06-05 22:48:17','2020-06-05 22:48:17',NULL),(2489,228,3,8,'2020-06-05 22:48:17','2020-06-05 22:48:17',NULL),(2490,228,4,7,'2020-06-05 22:48:17','2020-06-05 22:48:17',NULL),(2491,228,5,6,'2020-06-05 22:48:17','2020-06-05 22:48:17',NULL),(2492,228,6,5,'2020-06-05 22:48:17','2020-06-05 22:48:17',NULL),(2493,228,7,4,'2020-06-05 22:48:17','2020-06-05 22:48:17',NULL),(2494,228,8,3,'2020-06-05 22:48:17','2020-06-05 22:48:17',NULL),(2495,228,9,2,'2020-06-05 22:48:17','2020-06-05 22:48:17',NULL),(2496,228,10,1,'2020-06-05 22:48:17','2020-06-05 22:48:17',NULL),(2497,228,11,0,'2020-06-05 22:48:17','2020-06-05 22:48:17',NULL),(2498,229,1,10,'2020-06-05 22:48:17','2020-06-05 22:48:17',NULL),(2499,229,2,9,'2020-06-05 22:48:17','2020-06-05 22:48:17',NULL),(2500,229,3,8,'2020-06-05 22:48:17','2020-06-05 22:48:17',NULL),(2501,229,4,7,'2020-06-05 22:48:17','2020-06-05 22:48:17',NULL),(2502,229,5,6,'2020-06-05 22:48:17','2020-06-05 22:48:17',NULL),(2503,229,6,5,'2020-06-05 22:48:17','2020-06-05 22:48:17',NULL),(2504,229,7,4,'2020-06-05 22:48:17','2020-06-05 22:48:17',NULL),(2505,229,8,3,'2020-06-05 22:48:17','2020-06-05 22:48:17',NULL),(2506,229,9,2,'2020-06-05 22:48:17','2020-06-05 22:48:17',NULL),(2507,229,10,1,'2020-06-05 22:48:17','2020-06-05 22:48:17',NULL),(2508,229,11,0,'2020-06-05 22:48:17','2020-06-05 22:48:17',NULL),(2509,230,1,10,'2020-06-05 22:48:17','2020-06-05 22:48:17',NULL),(2510,230,2,9,'2020-06-05 22:48:17','2020-06-05 22:48:17',NULL),(2511,230,3,8,'2020-06-05 22:48:17','2020-06-05 22:48:17',NULL),(2512,230,4,7,'2020-06-05 22:48:17','2020-06-05 22:48:17',NULL),(2513,230,5,6,'2020-06-05 22:48:17','2020-06-05 22:48:17',NULL),(2514,230,6,5,'2020-06-05 22:48:17','2020-06-05 22:48:17',NULL),(2515,230,7,4,'2020-06-05 22:48:17','2020-06-05 22:48:17',NULL),(2516,230,8,3,'2020-06-05 22:48:17','2020-06-05 22:48:17',NULL),(2517,230,9,2,'2020-06-05 22:48:17','2020-06-05 22:48:17',NULL),(2518,230,10,1,'2020-06-05 22:48:17','2020-06-05 22:48:17',NULL),(2519,230,11,0,'2020-06-05 22:48:17','2020-06-05 22:48:17',NULL),(2520,231,1,10,'2020-06-05 22:48:17','2020-06-05 22:48:17',NULL),(2521,231,2,9,'2020-06-05 22:48:17','2020-06-05 22:48:17',NULL),(2522,231,3,8,'2020-06-05 22:48:17','2020-06-05 22:48:17',NULL),(2523,231,4,7,'2020-06-05 22:48:17','2020-06-05 22:48:17',NULL),(2524,231,5,6,'2020-06-05 22:48:17','2020-06-05 22:48:17',NULL),(2525,231,6,5,'2020-06-05 22:48:17','2020-06-05 22:48:17',NULL),(2526,231,7,4,'2020-06-05 22:48:17','2020-06-05 22:48:17',NULL),(2527,231,8,3,'2020-06-05 22:48:17','2020-06-05 22:48:17',NULL),(2528,231,9,2,'2020-06-05 22:48:17','2020-06-05 22:48:17',NULL),(2529,231,10,1,'2020-06-05 22:48:17','2020-06-05 22:48:17',NULL),(2530,231,11,0,'2020-06-05 22:48:17','2020-06-05 22:48:17',NULL),(2531,232,1,10,'2020-06-05 22:48:17','2020-06-05 22:48:17',NULL),(2532,232,2,9,'2020-06-05 22:48:17','2020-06-05 22:48:17',NULL),(2533,232,3,8,'2020-06-05 22:48:17','2020-06-05 22:48:17',NULL),(2534,232,4,7,'2020-06-05 22:48:17','2020-06-05 22:48:17',NULL),(2535,232,5,6,'2020-06-05 22:48:17','2020-06-05 22:48:17',NULL),(2536,232,6,5,'2020-06-05 22:48:17','2020-06-05 22:48:17',NULL),(2537,232,7,4,'2020-06-05 22:48:17','2020-06-05 22:48:17',NULL),(2538,232,8,3,'2020-06-05 22:48:17','2020-06-05 22:48:17',NULL),(2539,232,9,2,'2020-06-05 22:48:17','2020-06-05 22:48:17',NULL),(2540,232,10,1,'2020-06-05 22:48:17','2020-06-05 22:48:17',NULL),(2541,232,11,0,'2020-06-05 22:48:17','2020-06-05 22:48:17',NULL),(2542,233,1,10,'2020-06-05 22:48:17','2020-06-05 22:48:17',NULL),(2543,233,2,9,'2020-06-05 22:48:17','2020-06-05 22:48:17',NULL),(2544,233,3,8,'2020-06-05 22:48:17','2020-06-05 22:48:17',NULL),(2545,233,4,7,'2020-06-05 22:48:17','2020-06-05 22:48:17',NULL),(2546,233,5,6,'2020-06-05 22:48:17','2020-06-05 22:48:17',NULL),(2547,233,6,5,'2020-06-05 22:48:17','2020-06-05 22:48:17',NULL),(2548,233,7,4,'2020-06-05 22:48:17','2020-06-05 22:48:17',NULL),(2549,233,8,3,'2020-06-05 22:48:17','2020-06-05 22:48:17',NULL),(2550,233,9,2,'2020-06-05 22:48:17','2020-06-05 22:48:17',NULL),(2551,233,10,1,'2020-06-05 22:48:17','2020-06-05 22:48:17',NULL),(2552,233,11,0,'2020-06-05 22:48:17','2020-06-05 22:48:17',NULL),(2553,234,1,10,'2020-06-05 22:48:17','2020-06-05 22:48:17',NULL),(2554,234,2,9,'2020-06-05 22:48:17','2020-06-05 22:48:17',NULL),(2555,234,3,8,'2020-06-05 22:48:17','2020-06-05 22:48:17',NULL),(2556,234,4,7,'2020-06-05 22:48:17','2020-06-05 22:48:17',NULL),(2557,234,5,6,'2020-06-05 22:48:17','2020-06-05 22:48:17',NULL),(2558,234,6,5,'2020-06-05 22:48:17','2020-06-05 22:48:17',NULL),(2559,234,7,4,'2020-06-05 22:48:17','2020-06-05 22:48:17',NULL),(2560,234,8,3,'2020-06-05 22:48:17','2020-06-05 22:48:17',NULL),(2561,234,9,2,'2020-06-05 22:48:17','2020-06-05 22:48:17',NULL),(2562,234,10,1,'2020-06-05 22:48:17','2020-06-05 22:48:17',NULL),(2563,234,11,0,'2020-06-05 22:48:17','2020-06-05 22:48:17',NULL),(2564,235,1,10,'2020-06-05 22:48:17','2020-06-05 22:48:17',NULL),(2565,235,2,9,'2020-06-05 22:48:17','2020-06-05 22:48:17',NULL),(2566,235,3,8,'2020-06-05 22:48:17','2020-06-05 22:48:17',NULL),(2567,235,4,7,'2020-06-05 22:48:17','2020-06-05 22:48:17',NULL),(2568,235,5,6,'2020-06-05 22:48:17','2020-06-05 22:48:17',NULL),(2569,235,6,5,'2020-06-05 22:48:17','2020-06-05 22:48:17',NULL),(2570,235,7,4,'2020-06-05 22:48:17','2020-06-05 22:48:17',NULL),(2571,235,8,3,'2020-06-05 22:48:17','2020-06-05 22:48:17',NULL),(2572,235,9,2,'2020-06-05 22:48:17','2020-06-05 22:48:17',NULL),(2573,235,10,1,'2020-06-05 22:48:17','2020-06-05 22:48:17',NULL),(2574,235,11,0,'2020-06-05 22:48:17','2020-06-05 22:48:17',NULL),(2575,236,1,10,'2020-06-05 22:48:17','2020-06-05 22:48:17',NULL),(2576,236,2,9,'2020-06-05 22:48:17','2020-06-05 22:48:17',NULL),(2577,236,3,8,'2020-06-05 22:48:17','2020-06-05 22:48:17',NULL),(2578,236,4,7,'2020-06-05 22:48:17','2020-06-05 22:48:17',NULL),(2579,236,5,6,'2020-06-05 22:48:17','2020-06-05 22:48:17',NULL),(2580,236,6,5,'2020-06-05 22:48:17','2020-06-05 22:48:17',NULL),(2581,236,7,4,'2020-06-05 22:48:17','2020-06-05 22:48:17',NULL),(2582,236,8,3,'2020-06-05 22:48:17','2020-06-05 22:48:17',NULL),(2583,236,9,2,'2020-06-05 22:48:17','2020-06-05 22:48:17',NULL),(2584,236,10,1,'2020-06-05 22:48:17','2020-06-05 22:48:17',NULL),(2585,236,11,0,'2020-06-05 22:48:17','2020-06-05 22:48:17',NULL),(2586,237,1,10,'2020-06-05 22:48:17','2020-06-05 22:48:17',NULL),(2587,237,2,9,'2020-06-05 22:48:17','2020-06-05 22:48:17',NULL),(2588,237,3,8,'2020-06-05 22:48:17','2020-06-05 22:48:17',NULL),(2589,237,4,7,'2020-06-05 22:48:17','2020-06-05 22:48:17',NULL),(2590,237,5,6,'2020-06-05 22:48:17','2020-06-05 22:48:17',NULL),(2591,237,6,5,'2020-06-05 22:48:17','2020-06-05 22:48:17',NULL),(2592,237,7,4,'2020-06-05 22:48:17','2020-06-05 22:48:17',NULL),(2593,237,8,3,'2020-06-05 22:48:17','2020-06-05 22:48:17',NULL),(2594,237,9,2,'2020-06-05 22:48:17','2020-06-05 22:48:17',NULL),(2595,237,10,1,'2020-06-05 22:48:17','2020-06-05 22:48:17',NULL),(2596,237,11,0,'2020-06-05 22:48:17','2020-06-05 22:48:17',NULL),(2597,238,1,10,'2020-06-05 22:48:17','2020-06-05 22:48:17',NULL),(2598,238,2,9,'2020-06-05 22:48:17','2020-06-05 22:48:17',NULL),(2599,238,3,8,'2020-06-05 22:48:17','2020-06-05 22:48:17',NULL),(2600,238,4,7,'2020-06-05 22:48:17','2020-06-05 22:48:17',NULL),(2601,238,5,6,'2020-06-05 22:48:17','2020-06-05 22:48:17',NULL),(2602,238,6,5,'2020-06-05 22:48:17','2020-06-05 22:48:17',NULL),(2603,238,7,4,'2020-06-05 22:48:17','2020-06-05 22:48:17',NULL),(2604,238,8,3,'2020-06-05 22:48:17','2020-06-05 22:48:17',NULL),(2605,238,9,2,'2020-06-05 22:48:17','2020-06-05 22:48:17',NULL),(2606,238,10,1,'2020-06-05 22:48:17','2020-06-05 22:48:17',NULL),(2607,238,11,0,'2020-06-05 22:48:17','2020-06-05 22:48:17',NULL),(2608,239,1,10,'2020-06-05 22:48:17','2020-06-05 22:48:17',NULL),(2609,239,2,9,'2020-06-05 22:48:17','2020-06-05 22:48:17',NULL),(2610,239,3,8,'2020-06-05 22:48:17','2020-06-05 22:48:17',NULL),(2611,239,4,7,'2020-06-05 22:48:17','2020-06-05 22:48:17',NULL),(2612,239,5,6,'2020-06-05 22:48:17','2020-06-05 22:48:17',NULL),(2613,239,6,5,'2020-06-05 22:48:17','2020-06-05 22:48:17',NULL),(2614,239,7,4,'2020-06-05 22:48:17','2020-06-05 22:48:17',NULL),(2615,239,8,3,'2020-06-05 22:48:17','2020-06-05 22:48:17',NULL),(2616,239,9,2,'2020-06-05 22:48:17','2020-06-05 22:48:17',NULL),(2617,239,10,1,'2020-06-05 22:48:17','2020-06-05 22:48:17',NULL),(2618,239,11,0,'2020-06-05 22:48:17','2020-06-05 22:48:17',NULL),(2619,240,1,10,'2020-06-05 22:48:17','2020-06-05 22:48:17',NULL),(2620,240,2,9,'2020-06-05 22:48:17','2020-06-05 22:48:17',NULL),(2621,240,3,8,'2020-06-05 22:48:17','2020-06-05 22:48:17',NULL),(2622,240,4,7,'2020-06-05 22:48:17','2020-06-05 22:48:17',NULL),(2623,240,5,6,'2020-06-05 22:48:17','2020-06-05 22:48:17',NULL),(2624,240,6,5,'2020-06-05 22:48:17','2020-06-05 22:48:17',NULL),(2625,240,7,4,'2020-06-05 22:48:17','2020-06-05 22:48:17',NULL),(2626,240,8,3,'2020-06-05 22:48:17','2020-06-05 22:48:17',NULL),(2627,240,9,2,'2020-06-05 22:48:17','2020-06-05 22:48:17',NULL),(2628,240,10,1,'2020-06-05 22:48:17','2020-06-05 22:48:17',NULL),(2629,240,11,0,'2020-06-05 22:48:17','2020-06-05 22:48:17',NULL),(2630,241,1,10,'2020-06-05 22:48:17','2020-06-05 22:48:17',NULL),(2631,241,2,9,'2020-06-05 22:48:17','2020-06-05 22:48:17',NULL),(2632,241,3,8,'2020-06-05 22:48:17','2020-06-05 22:48:17',NULL),(2633,241,4,7,'2020-06-05 22:48:17','2020-06-05 22:48:17',NULL),(2634,241,5,6,'2020-06-05 22:48:17','2020-06-05 22:48:17',NULL),(2635,241,6,5,'2020-06-05 22:48:17','2020-06-05 22:48:17',NULL),(2636,241,7,4,'2020-06-05 22:48:17','2020-06-05 22:48:17',NULL),(2637,241,8,3,'2020-06-05 22:48:17','2020-06-05 22:48:17',NULL),(2638,241,9,2,'2020-06-05 22:48:17','2020-06-05 22:48:17',NULL),(2639,241,10,1,'2020-06-05 22:48:17','2020-06-05 22:48:17',NULL),(2640,241,11,0,'2020-06-05 22:48:17','2020-06-05 22:48:17',NULL),(2641,242,1,10,'2020-06-05 22:48:17','2020-06-05 22:48:17',NULL),(2642,242,2,9,'2020-06-05 22:48:17','2020-06-05 22:48:17',NULL),(2643,242,3,8,'2020-06-05 22:48:17','2020-06-05 22:48:17',NULL),(2644,242,4,7,'2020-06-05 22:48:17','2020-06-05 22:48:17',NULL),(2645,242,5,6,'2020-06-05 22:48:17','2020-06-05 22:48:17',NULL),(2646,242,6,5,'2020-06-05 22:48:17','2020-06-05 22:48:17',NULL),(2647,242,7,4,'2020-06-05 22:48:17','2020-06-05 22:48:17',NULL),(2648,242,8,3,'2020-06-05 22:48:17','2020-06-05 22:48:17',NULL),(2649,242,9,2,'2020-06-05 22:48:17','2020-06-05 22:48:17',NULL),(2650,242,10,1,'2020-06-05 22:48:17','2020-06-05 22:48:17',NULL),(2651,242,11,0,'2020-06-05 22:48:17','2020-06-05 22:48:17',NULL),(2652,243,1,10,'2020-06-05 22:48:17','2020-06-05 22:48:17',NULL),(2653,243,2,9,'2020-06-05 22:48:17','2020-06-05 22:48:17',NULL),(2654,243,3,8,'2020-06-05 22:48:17','2020-06-05 22:48:17',NULL),(2655,243,4,7,'2020-06-05 22:48:17','2020-06-05 22:48:17',NULL),(2656,243,5,6,'2020-06-05 22:48:17','2020-06-05 22:48:17',NULL),(2657,243,6,5,'2020-06-05 22:48:17','2020-06-05 22:48:17',NULL),(2658,243,7,4,'2020-06-05 22:48:17','2020-06-05 22:48:17',NULL),(2659,243,8,3,'2020-06-05 22:48:17','2020-06-05 22:48:17',NULL),(2660,243,9,2,'2020-06-05 22:48:17','2020-06-05 22:48:17',NULL),(2661,243,10,1,'2020-06-05 22:48:17','2020-06-05 22:48:17',NULL),(2662,243,11,0,'2020-06-05 22:48:17','2020-06-05 22:48:17',NULL),(2663,244,1,10,'2020-06-05 22:48:17','2020-06-05 22:48:17',NULL),(2664,244,2,9,'2020-06-05 22:48:17','2020-06-05 22:48:17',NULL),(2665,244,3,8,'2020-06-05 22:48:17','2020-06-05 22:48:17',NULL),(2666,244,4,7,'2020-06-05 22:48:17','2020-06-05 22:48:17',NULL),(2667,244,5,6,'2020-06-05 22:48:17','2020-06-05 22:48:17',NULL),(2668,244,6,5,'2020-06-05 22:48:17','2020-06-05 22:48:17',NULL),(2669,244,7,4,'2020-06-05 22:48:17','2020-06-05 22:48:17',NULL),(2670,244,8,3,'2020-06-05 22:48:17','2020-06-05 22:48:17',NULL),(2671,244,9,2,'2020-06-05 22:48:17','2020-06-05 22:48:17',NULL),(2672,244,10,1,'2020-06-05 22:48:17','2020-06-05 22:48:17',NULL),(2673,244,11,0,'2020-06-05 22:48:17','2020-06-05 22:48:17',NULL),(2674,245,1,10,'2020-06-05 22:48:17','2020-06-05 22:48:17',NULL),(2675,245,2,9,'2020-06-05 22:48:17','2020-06-05 22:48:17',NULL),(2676,245,3,8,'2020-06-05 22:48:17','2020-06-05 22:48:17',NULL),(2677,245,4,7,'2020-06-05 22:48:17','2020-06-05 22:48:17',NULL),(2678,245,5,6,'2020-06-05 22:48:17','2020-06-05 22:48:17',NULL),(2679,245,6,5,'2020-06-05 22:48:17','2020-06-05 22:48:17',NULL),(2680,245,7,4,'2020-06-05 22:48:17','2020-06-05 22:48:17',NULL),(2681,245,8,3,'2020-06-05 22:48:17','2020-06-05 22:48:17',NULL),(2682,245,9,2,'2020-06-05 22:48:17','2020-06-05 22:48:17',NULL),(2683,245,10,1,'2020-06-05 22:48:17','2020-06-05 22:48:17',NULL),(2684,245,11,0,'2020-06-05 22:48:17','2020-06-05 22:48:17',NULL),(2685,246,1,10,'2020-06-05 22:48:17','2020-06-05 22:48:17',NULL),(2686,246,2,9,'2020-06-05 22:48:17','2020-06-05 22:48:17',NULL),(2687,246,3,8,'2020-06-05 22:48:17','2020-06-05 22:48:17',NULL),(2688,246,4,7,'2020-06-05 22:48:17','2020-06-05 22:48:17',NULL),(2689,246,5,6,'2020-06-05 22:48:17','2020-06-05 22:48:17',NULL),(2690,246,6,5,'2020-06-05 22:48:17','2020-06-05 22:48:17',NULL),(2691,246,7,4,'2020-06-05 22:48:17','2020-06-05 22:48:17',NULL),(2692,246,8,3,'2020-06-05 22:48:17','2020-06-05 22:48:17',NULL),(2693,246,9,2,'2020-06-05 22:48:17','2020-06-05 22:48:17',NULL),(2694,246,10,1,'2020-06-05 22:48:17','2020-06-05 22:48:17',NULL),(2695,246,11,0,'2020-06-05 22:48:17','2020-06-05 22:48:17',NULL),(2696,247,1,10,'2020-06-05 22:48:17','2020-06-05 22:48:17',NULL),(2697,247,2,9,'2020-06-05 22:48:17','2020-06-05 22:48:17',NULL),(2698,247,3,8,'2020-06-05 22:48:17','2020-06-05 22:48:17',NULL),(2699,247,4,7,'2020-06-05 22:48:17','2020-06-05 22:48:17',NULL),(2700,247,5,6,'2020-06-05 22:48:17','2020-06-05 22:48:17',NULL),(2701,247,6,5,'2020-06-05 22:48:17','2020-06-05 22:48:17',NULL),(2702,247,7,4,'2020-06-05 22:48:17','2020-06-05 22:48:17',NULL),(2703,247,8,3,'2020-06-05 22:48:17','2020-06-05 22:48:17',NULL),(2704,247,9,2,'2020-06-05 22:48:17','2020-06-05 22:48:17',NULL),(2705,247,10,1,'2020-06-05 22:48:17','2020-06-05 22:48:17',NULL),(2706,247,11,0,'2020-06-05 22:48:17','2020-06-05 22:48:17',NULL),(2707,248,1,10,'2020-06-05 22:48:17','2020-06-05 22:48:17',NULL),(2708,248,2,9,'2020-06-05 22:48:17','2020-06-05 22:48:17',NULL),(2709,248,3,8,'2020-06-05 22:48:17','2020-06-05 22:48:17',NULL),(2710,248,4,7,'2020-06-05 22:48:17','2020-06-05 22:48:17',NULL),(2711,248,5,6,'2020-06-05 22:48:17','2020-06-05 22:48:17',NULL),(2712,248,6,5,'2020-06-05 22:48:17','2020-06-05 22:48:17',NULL),(2713,248,7,4,'2020-06-05 22:48:17','2020-06-05 22:48:17',NULL),(2714,248,8,3,'2020-06-05 22:48:17','2020-06-05 22:48:17',NULL),(2715,248,9,2,'2020-06-05 22:48:17','2020-06-05 22:48:17',NULL),(2716,248,10,1,'2020-06-05 22:48:17','2020-06-05 22:48:17',NULL),(2717,248,11,0,'2020-06-05 22:48:17','2020-06-05 22:48:17',NULL),(2718,249,1,10,'2020-06-05 22:48:17','2020-06-05 22:48:17',NULL),(2719,249,2,9,'2020-06-05 22:48:17','2020-06-05 22:48:17',NULL),(2720,249,3,8,'2020-06-05 22:48:17','2020-06-05 22:48:17',NULL),(2721,249,4,7,'2020-06-05 22:48:17','2020-06-05 22:48:17',NULL),(2722,249,5,6,'2020-06-05 22:48:17','2020-06-05 22:48:17',NULL),(2723,249,6,5,'2020-06-05 22:48:17','2020-06-05 22:48:17',NULL),(2724,249,7,4,'2020-06-05 22:48:17','2020-06-05 22:48:17',NULL),(2725,249,8,3,'2020-06-05 22:48:17','2020-06-05 22:48:17',NULL),(2726,249,9,2,'2020-06-05 22:48:17','2020-06-05 22:48:17',NULL),(2727,249,10,1,'2020-06-05 22:48:17','2020-06-05 22:48:17',NULL),(2728,249,11,0,'2020-06-05 22:48:17','2020-06-05 22:48:17',NULL),(2729,250,1,10,'2020-06-05 22:48:17','2020-06-05 22:48:17',NULL),(2730,250,2,9,'2020-06-05 22:48:17','2020-06-05 22:48:17',NULL),(2731,250,3,8,'2020-06-05 22:48:17','2020-06-05 22:48:17',NULL),(2732,250,4,7,'2020-06-05 22:48:17','2020-06-05 22:48:17',NULL),(2733,250,5,6,'2020-06-05 22:48:17','2020-06-05 22:48:17',NULL),(2734,250,6,5,'2020-06-05 22:48:17','2020-06-05 22:48:17',NULL),(2735,250,7,4,'2020-06-05 22:48:17','2020-06-05 22:48:17',NULL),(2736,250,8,3,'2020-06-05 22:48:17','2020-06-05 22:48:17',NULL),(2737,250,9,2,'2020-06-05 22:48:17','2020-06-05 22:48:17',NULL),(2738,250,10,1,'2020-06-05 22:48:17','2020-06-05 22:48:17',NULL),(2739,250,11,0,'2020-06-05 22:48:17','2020-06-05 22:48:17',NULL),(2740,251,1,10,'2020-06-05 22:48:17','2020-06-05 22:48:17',NULL),(2741,251,2,9,'2020-06-05 22:48:17','2020-06-05 22:48:17',NULL),(2742,251,3,8,'2020-06-05 22:48:17','2020-06-05 22:48:17',NULL),(2743,251,4,7,'2020-06-05 22:48:17','2020-06-05 22:48:17',NULL),(2744,251,5,6,'2020-06-05 22:48:17','2020-06-05 22:48:17',NULL),(2745,251,6,5,'2020-06-05 22:48:17','2020-06-05 22:48:17',NULL),(2746,251,7,4,'2020-06-05 22:48:17','2020-06-05 22:48:17',NULL),(2747,251,8,3,'2020-06-05 22:48:17','2020-06-05 22:48:17',NULL),(2748,251,9,2,'2020-06-05 22:48:17','2020-06-05 22:48:17',NULL),(2749,251,10,1,'2020-06-05 22:48:17','2020-06-05 22:48:17',NULL),(2750,251,11,0,'2020-06-05 22:48:17','2020-06-05 22:48:17',NULL),(2751,252,1,10,'2020-06-05 22:48:17','2020-06-05 22:48:17',NULL),(2752,252,2,9,'2020-06-05 22:48:17','2020-06-05 22:48:17',NULL),(2753,252,3,8,'2020-06-05 22:48:17','2020-06-05 22:48:17',NULL),(2754,252,4,7,'2020-06-05 22:48:17','2020-06-05 22:48:17',NULL),(2755,252,5,6,'2020-06-05 22:48:17','2020-06-05 22:48:17',NULL),(2756,252,6,5,'2020-06-05 22:48:17','2020-06-05 22:48:17',NULL),(2757,252,7,4,'2020-06-05 22:48:17','2020-06-05 22:48:17',NULL),(2758,252,8,3,'2020-06-05 22:48:17','2020-06-05 22:48:17',NULL),(2759,252,9,2,'2020-06-05 22:48:17','2020-06-05 22:48:17',NULL),(2760,252,10,1,'2020-06-05 22:48:17','2020-06-05 22:48:17',NULL),(2761,252,11,0,'2020-06-05 22:48:17','2020-06-05 22:48:17',NULL),(2762,253,1,10,'2020-06-05 22:48:17','2020-06-05 22:48:17',NULL),(2763,253,2,9,'2020-06-05 22:48:17','2020-06-05 22:48:17',NULL),(2764,253,3,8,'2020-06-05 22:48:17','2020-06-05 22:48:17',NULL),(2765,253,4,7,'2020-06-05 22:48:17','2020-06-05 22:48:17',NULL),(2766,253,5,6,'2020-06-05 22:48:17','2020-06-05 22:48:17',NULL),(2767,253,6,5,'2020-06-05 22:48:17','2020-06-05 22:48:17',NULL),(2768,253,7,4,'2020-06-05 22:48:17','2020-06-05 22:48:17',NULL),(2769,253,8,3,'2020-06-05 22:48:17','2020-06-05 22:48:17',NULL),(2770,253,9,2,'2020-06-05 22:48:17','2020-06-05 22:48:17',NULL),(2771,253,10,1,'2020-06-05 22:48:17','2020-06-05 22:48:17',NULL),(2772,253,11,0,'2020-06-05 22:48:17','2020-06-05 22:48:17',NULL),(2773,254,1,10,'2020-06-05 22:48:17','2020-06-05 22:48:17',NULL),(2774,254,2,9,'2020-06-05 22:48:17','2020-06-05 22:48:17',NULL),(2775,254,3,8,'2020-06-05 22:48:17','2020-06-05 22:48:17',NULL),(2776,254,4,7,'2020-06-05 22:48:17','2020-06-05 22:48:17',NULL),(2777,254,5,6,'2020-06-05 22:48:17','2020-06-05 22:48:17',NULL),(2778,254,6,5,'2020-06-05 22:48:17','2020-06-05 22:48:17',NULL),(2779,254,7,4,'2020-06-05 22:48:17','2020-06-05 22:48:17',NULL),(2780,254,8,3,'2020-06-05 22:48:17','2020-06-05 22:48:17',NULL),(2781,254,9,2,'2020-06-05 22:48:17','2020-06-05 22:48:17',NULL),(2782,254,10,1,'2020-06-05 22:48:17','2020-06-05 22:48:17',NULL),(2783,254,11,0,'2020-06-05 22:48:17','2020-06-05 22:48:17',NULL),(2784,255,1,10,'2020-06-05 22:48:17','2020-06-05 22:48:17',NULL),(2785,255,2,9,'2020-06-05 22:48:17','2020-06-05 22:48:17',NULL),(2786,255,3,8,'2020-06-05 22:48:17','2020-06-05 22:48:17',NULL),(2787,255,4,7,'2020-06-05 22:48:17','2020-06-05 22:48:17',NULL),(2788,255,5,6,'2020-06-05 22:48:17','2020-06-05 22:48:17',NULL),(2789,255,6,5,'2020-06-05 22:48:17','2020-06-05 22:48:17',NULL),(2790,255,7,4,'2020-06-05 22:48:17','2020-06-05 22:48:17',NULL),(2791,255,8,3,'2020-06-05 22:48:17','2020-06-05 22:48:17',NULL),(2792,255,9,2,'2020-06-05 22:48:17','2020-06-05 22:48:17',NULL),(2793,255,10,1,'2020-06-05 22:48:17','2020-06-05 22:48:17',NULL),(2794,255,11,0,'2020-06-05 22:48:17','2020-06-05 22:48:17',NULL),(2795,256,1,10,'2020-06-05 22:48:17','2020-06-05 22:48:17',NULL),(2796,256,2,9,'2020-06-05 22:48:17','2020-06-05 22:48:17',NULL),(2797,256,3,8,'2020-06-05 22:48:17','2020-06-05 22:48:17',NULL),(2798,256,4,7,'2020-06-05 22:48:17','2020-06-05 22:48:17',NULL),(2799,256,5,6,'2020-06-05 22:48:17','2020-06-05 22:48:17',NULL),(2800,256,6,5,'2020-06-05 22:48:17','2020-06-05 22:48:17',NULL),(2801,256,7,4,'2020-06-05 22:48:17','2020-06-05 22:48:17',NULL),(2802,256,8,3,'2020-06-05 22:48:17','2020-06-05 22:48:17',NULL),(2803,256,9,2,'2020-06-05 22:48:17','2020-06-05 22:48:17',NULL),(2804,256,10,1,'2020-06-05 22:48:17','2020-06-05 22:48:17',NULL),(2805,256,11,0,'2020-06-05 22:48:17','2020-06-05 22:48:17',NULL),(2806,257,1,10,'2020-06-05 22:48:17','2020-06-05 22:48:17',NULL),(2807,257,2,9,'2020-06-05 22:48:17','2020-06-05 22:48:17',NULL),(2808,257,3,8,'2020-06-05 22:48:17','2020-06-05 22:48:17',NULL),(2809,257,4,7,'2020-06-05 22:48:17','2020-06-05 22:48:17',NULL),(2810,257,5,6,'2020-06-05 22:48:17','2020-06-05 22:48:17',NULL),(2811,257,6,5,'2020-06-05 22:48:17','2020-06-05 22:48:17',NULL),(2812,257,7,4,'2020-06-05 22:48:17','2020-06-05 22:48:17',NULL),(2813,257,8,3,'2020-06-05 22:48:17','2020-06-05 22:48:17',NULL),(2814,257,9,2,'2020-06-05 22:48:17','2020-06-05 22:48:17',NULL),(2815,257,10,1,'2020-06-05 22:48:17','2020-06-05 22:48:17',NULL),(2816,257,11,0,'2020-06-05 22:48:17','2020-06-05 22:48:17',NULL),(2817,258,1,10,'2020-06-05 22:48:17','2020-06-05 22:48:17',NULL),(2818,258,2,9,'2020-06-05 22:48:17','2020-06-05 22:48:17',NULL),(2819,258,3,8,'2020-06-05 22:48:17','2020-06-05 22:48:17',NULL),(2820,258,4,7,'2020-06-05 22:48:17','2020-06-05 22:48:17',NULL),(2821,258,5,6,'2020-06-05 22:48:17','2020-06-05 22:48:17',NULL),(2822,258,6,5,'2020-06-05 22:48:17','2020-06-05 22:48:17',NULL),(2823,258,7,4,'2020-06-05 22:48:17','2020-06-05 22:48:17',NULL),(2824,258,8,3,'2020-06-05 22:48:17','2020-06-05 22:48:17',NULL),(2825,258,9,2,'2020-06-05 22:48:17','2020-06-05 22:48:17',NULL),(2826,258,10,1,'2020-06-05 22:48:17','2020-06-05 22:48:17',NULL),(2827,258,11,0,'2020-06-05 22:48:17','2020-06-05 22:48:17',NULL),(2828,259,1,10,'2020-06-05 22:48:17','2020-06-05 22:48:17',NULL),(2829,259,2,9,'2020-06-05 22:48:17','2020-06-05 22:48:17',NULL),(2830,259,3,8,'2020-06-05 22:48:17','2020-06-05 22:48:17',NULL),(2831,259,4,7,'2020-06-05 22:48:17','2020-06-05 22:48:17',NULL),(2832,259,5,6,'2020-06-05 22:48:17','2020-06-05 22:48:17',NULL),(2833,259,6,5,'2020-06-05 22:48:17','2020-06-05 22:48:17',NULL),(2834,259,7,4,'2020-06-05 22:48:17','2020-06-05 22:48:17',NULL),(2835,259,8,3,'2020-06-05 22:48:17','2020-06-05 22:48:17',NULL),(2836,259,9,2,'2020-06-05 22:48:17','2020-06-05 22:48:17',NULL),(2837,259,10,1,'2020-06-05 22:48:17','2020-06-05 22:48:17',NULL),(2838,259,11,0,'2020-06-05 22:48:17','2020-06-05 22:48:17',NULL),(2839,260,1,10,'2020-06-05 22:48:17','2020-06-05 22:48:17',NULL),(2840,260,2,9,'2020-06-05 22:48:17','2020-06-05 22:48:17',NULL),(2841,260,3,8,'2020-06-05 22:48:17','2020-06-05 22:48:17',NULL),(2842,260,4,7,'2020-06-05 22:48:17','2020-06-05 22:48:17',NULL),(2843,260,5,6,'2020-06-05 22:48:17','2020-06-05 22:48:17',NULL),(2844,260,6,5,'2020-06-05 22:48:17','2020-06-05 22:48:17',NULL),(2845,260,7,4,'2020-06-05 22:48:17','2020-06-05 22:48:17',NULL),(2846,260,8,3,'2020-06-05 22:48:17','2020-06-05 22:48:17',NULL),(2847,260,9,2,'2020-06-05 22:48:17','2020-06-05 22:48:17',NULL),(2848,260,10,1,'2020-06-05 22:48:17','2020-06-05 22:48:17',NULL),(2849,260,11,0,'2020-06-05 22:48:17','2020-06-05 22:48:17',NULL),(2850,261,1,10,'2020-06-05 22:48:17','2020-06-05 22:48:17',NULL),(2851,261,2,9,'2020-06-05 22:48:17','2020-06-05 22:48:17',NULL),(2852,261,3,8,'2020-06-05 22:48:17','2020-06-05 22:48:17',NULL),(2853,261,4,7,'2020-06-05 22:48:17','2020-06-05 22:48:17',NULL),(2854,261,5,6,'2020-06-05 22:48:17','2020-06-05 22:48:17',NULL),(2855,261,6,5,'2020-06-05 22:48:17','2020-06-05 22:48:17',NULL),(2856,261,7,4,'2020-06-05 22:48:17','2020-06-05 22:48:17',NULL),(2857,261,8,3,'2020-06-05 22:48:17','2020-06-05 22:48:17',NULL),(2858,261,9,2,'2020-06-05 22:48:17','2020-06-05 22:48:17',NULL),(2859,261,10,1,'2020-06-05 22:48:17','2020-06-05 22:48:17',NULL),(2860,261,11,0,'2020-06-05 22:48:17','2020-06-05 22:48:17',NULL),(2861,262,1,10,'2020-06-05 22:48:17','2020-06-05 22:48:17',NULL),(2862,262,2,9,'2020-06-05 22:48:17','2020-06-05 22:48:17',NULL),(2863,262,3,8,'2020-06-05 22:48:17','2020-06-05 22:48:17',NULL),(2864,262,4,7,'2020-06-05 22:48:17','2020-06-05 22:48:17',NULL),(2865,262,5,6,'2020-06-05 22:48:17','2020-06-05 22:48:17',NULL),(2866,262,6,5,'2020-06-05 22:48:17','2020-06-05 22:48:17',NULL),(2867,262,7,4,'2020-06-05 22:48:17','2020-06-05 22:48:17',NULL),(2868,262,8,3,'2020-06-05 22:48:17','2020-06-05 22:48:17',NULL),(2869,262,9,2,'2020-06-05 22:48:17','2020-06-05 22:48:17',NULL),(2870,262,10,1,'2020-06-05 22:48:17','2020-06-05 22:48:17',NULL),(2871,262,11,0,'2020-06-05 22:48:17','2020-06-05 22:48:17',NULL),(2872,263,1,10,'2020-06-05 22:48:17','2020-06-05 22:48:17',NULL),(2873,263,2,9,'2020-06-05 22:48:17','2020-06-05 22:48:17',NULL),(2874,263,3,8,'2020-06-05 22:48:17','2020-06-05 22:48:17',NULL),(2875,263,4,7,'2020-06-05 22:48:17','2020-06-05 22:48:17',NULL),(2876,263,5,6,'2020-06-05 22:48:17','2020-06-05 22:48:17',NULL),(2877,263,6,5,'2020-06-05 22:48:17','2020-06-05 22:48:17',NULL),(2878,263,7,4,'2020-06-05 22:48:17','2020-06-05 22:48:17',NULL),(2879,263,8,3,'2020-06-05 22:48:17','2020-06-05 22:48:17',NULL),(2880,263,9,2,'2020-06-05 22:48:17','2020-06-05 22:48:17',NULL),(2881,263,10,1,'2020-06-05 22:48:17','2020-06-05 22:48:17',NULL),(2882,263,11,0,'2020-06-05 22:48:17','2020-06-05 22:48:17',NULL),(2883,264,1,10,'2020-06-05 22:48:17','2020-06-05 22:48:17',NULL),(2884,264,2,9,'2020-06-05 22:48:17','2020-06-05 22:48:17',NULL),(2885,264,3,8,'2020-06-05 22:48:17','2020-06-05 22:48:17',NULL),(2886,264,4,7,'2020-06-05 22:48:17','2020-06-05 22:48:17',NULL),(2887,264,5,6,'2020-06-05 22:48:17','2020-06-05 22:48:17',NULL),(2888,264,6,5,'2020-06-05 22:48:17','2020-06-05 22:48:17',NULL),(2889,264,7,4,'2020-06-05 22:48:17','2020-06-05 22:48:17',NULL),(2890,264,8,3,'2020-06-05 22:48:17','2020-06-05 22:48:17',NULL),(2891,264,9,2,'2020-06-05 22:48:17','2020-06-05 22:48:17',NULL),(2892,264,10,1,'2020-06-05 22:48:17','2020-06-05 22:48:17',NULL),(2893,264,11,0,'2020-06-05 22:48:17','2020-06-05 22:48:17',NULL),(2894,265,1,10,'2020-06-05 22:48:17','2020-06-05 22:48:17',NULL),(2895,265,2,9,'2020-06-05 22:48:17','2020-06-05 22:48:17',NULL),(2896,265,3,8,'2020-06-05 22:48:17','2020-06-05 22:48:17',NULL),(2897,265,4,7,'2020-06-05 22:48:17','2020-06-05 22:48:17',NULL),(2898,265,5,6,'2020-06-05 22:48:17','2020-06-05 22:48:17',NULL),(2899,265,6,5,'2020-06-05 22:48:17','2020-06-05 22:48:17',NULL),(2900,265,7,4,'2020-06-05 22:48:17','2020-06-05 22:48:17',NULL),(2901,265,8,3,'2020-06-05 22:48:17','2020-06-05 22:48:17',NULL),(2902,265,9,2,'2020-06-05 22:48:17','2020-06-05 22:48:17',NULL),(2903,265,10,1,'2020-06-05 22:48:17','2020-06-05 22:48:17',NULL),(2904,265,11,0,'2020-06-05 22:48:17','2020-06-05 22:48:17',NULL),(2905,266,1,10,'2020-06-05 22:48:17','2020-06-05 22:48:17',NULL),(2906,266,2,9,'2020-06-05 22:48:17','2020-06-05 22:48:17',NULL),(2907,266,3,8,'2020-06-05 22:48:17','2020-06-05 22:48:17',NULL),(2908,266,4,7,'2020-06-05 22:48:17','2020-06-05 22:48:17',NULL),(2909,266,5,6,'2020-06-05 22:48:17','2020-06-05 22:48:17',NULL),(2910,266,6,5,'2020-06-05 22:48:17','2020-06-05 22:48:17',NULL),(2911,266,7,4,'2020-06-05 22:48:17','2020-06-05 22:48:17',NULL),(2912,266,8,3,'2020-06-05 22:48:17','2020-06-05 22:48:17',NULL),(2913,266,9,2,'2020-06-05 22:48:17','2020-06-05 22:48:17',NULL),(2914,266,10,1,'2020-06-05 22:48:17','2020-06-05 22:48:17',NULL),(2915,266,11,0,'2020-06-05 22:48:17','2020-06-05 22:48:17',NULL),(2916,267,1,10,'2020-06-05 22:48:17','2020-06-05 22:48:17',NULL),(2917,267,2,9,'2020-06-05 22:48:17','2020-06-05 22:48:17',NULL),(2918,267,3,8,'2020-06-05 22:48:17','2020-06-05 22:48:17',NULL),(2919,267,4,7,'2020-06-05 22:48:17','2020-06-05 22:48:17',NULL),(2920,267,5,6,'2020-06-05 22:48:17','2020-06-05 22:48:17',NULL),(2921,267,6,5,'2020-06-05 22:48:17','2020-06-05 22:48:17',NULL),(2922,267,7,4,'2020-06-05 22:48:17','2020-06-05 22:48:17',NULL),(2923,267,8,3,'2020-06-05 22:48:17','2020-06-05 22:48:17',NULL),(2924,267,9,2,'2020-06-05 22:48:17','2020-06-05 22:48:17',NULL),(2925,267,10,1,'2020-06-05 22:48:17','2020-06-05 22:48:17',NULL),(2926,267,11,0,'2020-06-05 22:48:17','2020-06-05 22:48:17',NULL),(2927,268,1,10,'2020-06-05 22:48:17','2020-06-05 22:48:17',NULL),(2928,268,2,9,'2020-06-05 22:48:17','2020-06-05 22:48:17',NULL),(2929,268,3,8,'2020-06-05 22:48:17','2020-06-05 22:48:17',NULL),(2930,268,4,7,'2020-06-05 22:48:17','2020-06-05 22:48:17',NULL),(2931,268,5,6,'2020-06-05 22:48:17','2020-06-05 22:48:17',NULL),(2932,268,6,5,'2020-06-05 22:48:17','2020-06-05 22:48:17',NULL),(2933,268,7,4,'2020-06-05 22:48:17','2020-06-05 22:48:17',NULL),(2934,268,8,3,'2020-06-05 22:48:17','2020-06-05 22:48:17',NULL),(2935,268,9,2,'2020-06-05 22:48:17','2020-06-05 22:48:17',NULL),(2936,268,10,1,'2020-06-05 22:48:17','2020-06-05 22:48:17',NULL),(2937,268,11,0,'2020-06-05 22:48:17','2020-06-05 22:48:17',NULL),(2938,269,1,10,'2020-06-05 22:48:17','2020-06-05 22:48:17',NULL),(2939,269,2,9,'2020-06-05 22:48:17','2020-06-05 22:48:17',NULL),(2940,269,3,8,'2020-06-05 22:48:17','2020-06-05 22:48:17',NULL),(2941,269,4,7,'2020-06-05 22:48:17','2020-06-05 22:48:17',NULL),(2942,269,5,6,'2020-06-05 22:48:17','2020-06-05 22:48:17',NULL),(2943,269,6,5,'2020-06-05 22:48:17','2020-06-05 22:48:17',NULL),(2944,269,7,4,'2020-06-05 22:48:17','2020-06-05 22:48:17',NULL),(2945,269,8,3,'2020-06-05 22:48:17','2020-06-05 22:48:17',NULL),(2946,269,9,2,'2020-06-05 22:48:17','2020-06-05 22:48:17',NULL),(2947,269,10,1,'2020-06-05 22:48:17','2020-06-05 22:48:17',NULL),(2948,269,11,0,'2020-06-05 22:48:17','2020-06-05 22:48:17',NULL),(2949,270,1,10,'2020-06-05 22:48:17','2020-06-05 22:48:17',NULL),(2950,270,2,9,'2020-06-05 22:48:17','2020-06-05 22:48:17',NULL),(2951,270,3,8,'2020-06-05 22:48:17','2020-06-05 22:48:17',NULL),(2952,270,4,7,'2020-06-05 22:48:17','2020-06-05 22:48:17',NULL),(2953,270,5,6,'2020-06-05 22:48:17','2020-06-05 22:48:17',NULL),(2954,270,6,5,'2020-06-05 22:48:17','2020-06-05 22:48:17',NULL),(2955,270,7,4,'2020-06-05 22:48:17','2020-06-05 22:48:17',NULL),(2956,270,8,3,'2020-06-05 22:48:17','2020-06-05 22:48:17',NULL),(2957,270,9,2,'2020-06-05 22:48:17','2020-06-05 22:48:17',NULL),(2958,270,10,1,'2020-06-05 22:48:17','2020-06-05 22:48:17',NULL),(2959,270,11,0,'2020-06-05 22:48:17','2020-06-05 22:48:17',NULL),(2960,271,1,10,'2020-06-05 22:48:17','2020-06-05 22:48:17',NULL),(2961,271,2,9,'2020-06-05 22:48:17','2020-06-05 22:48:17',NULL),(2962,271,3,8,'2020-06-05 22:48:17','2020-06-05 22:48:17',NULL),(2963,271,4,7,'2020-06-05 22:48:17','2020-06-05 22:48:17',NULL),(2964,271,5,6,'2020-06-05 22:48:17','2020-06-05 22:48:17',NULL),(2965,271,6,5,'2020-06-05 22:48:17','2020-06-05 22:48:17',NULL),(2966,271,7,4,'2020-06-05 22:48:17','2020-06-05 22:48:17',NULL),(2967,271,8,3,'2020-06-05 22:48:17','2020-06-05 22:48:17',NULL),(2968,271,9,2,'2020-06-05 22:48:17','2020-06-05 22:48:17',NULL),(2969,271,10,1,'2020-06-05 22:48:17','2020-06-05 22:48:17',NULL),(2970,271,11,0,'2020-06-05 22:48:17','2020-06-05 22:48:17',NULL),(2971,272,1,10,'2020-06-05 22:48:17','2020-06-05 22:48:17',NULL),(2972,272,2,9,'2020-06-05 22:48:17','2020-06-05 22:48:17',NULL),(2973,272,3,8,'2020-06-05 22:48:17','2020-06-05 22:48:17',NULL),(2974,272,4,7,'2020-06-05 22:48:17','2020-06-05 22:48:17',NULL),(2975,272,5,6,'2020-06-05 22:48:17','2020-06-05 22:48:17',NULL),(2976,272,6,5,'2020-06-05 22:48:17','2020-06-05 22:48:17',NULL),(2977,272,7,4,'2020-06-05 22:48:17','2020-06-05 22:48:17',NULL),(2978,272,8,3,'2020-06-05 22:48:17','2020-06-05 22:48:17',NULL),(2979,272,9,2,'2020-06-05 22:48:17','2020-06-05 22:48:17',NULL),(2980,272,10,1,'2020-06-05 22:48:17','2020-06-05 22:48:17',NULL),(2981,272,11,0,'2020-06-05 22:48:17','2020-06-05 22:48:17',NULL),(2982,273,1,10,'2020-06-05 22:48:17','2020-06-05 22:48:17',NULL),(2983,273,2,9,'2020-06-05 22:48:17','2020-06-05 22:48:17',NULL),(2984,273,3,8,'2020-06-05 22:48:17','2020-06-05 22:48:17',NULL),(2985,273,4,7,'2020-06-05 22:48:17','2020-06-05 22:48:17',NULL),(2986,273,5,6,'2020-06-05 22:48:17','2020-06-05 22:48:17',NULL),(2987,273,6,5,'2020-06-05 22:48:17','2020-06-05 22:48:17',NULL),(2988,273,7,4,'2020-06-05 22:48:17','2020-06-05 22:48:17',NULL),(2989,273,8,3,'2020-06-05 22:48:17','2020-06-05 22:48:17',NULL),(2990,273,9,2,'2020-06-05 22:48:17','2020-06-05 22:48:17',NULL),(2991,273,10,1,'2020-06-05 22:48:17','2020-06-05 22:48:17',NULL),(2992,273,11,0,'2020-06-05 22:48:17','2020-06-05 22:48:17',NULL),(2993,274,1,10,'2020-06-05 22:48:17','2020-06-05 22:48:17',NULL),(2994,274,2,9,'2020-06-05 22:48:17','2020-06-05 22:48:17',NULL),(2995,274,3,8,'2020-06-05 22:48:17','2020-06-05 22:48:17',NULL),(2996,274,4,7,'2020-06-05 22:48:17','2020-06-05 22:48:17',NULL),(2997,274,5,6,'2020-06-05 22:48:17','2020-06-05 22:48:17',NULL),(2998,274,6,5,'2020-06-05 22:48:17','2020-06-05 22:48:17',NULL),(2999,274,7,4,'2020-06-05 22:48:17','2020-06-05 22:48:17',NULL),(3000,274,8,3,'2020-06-05 22:48:17','2020-06-05 22:48:17',NULL),(3001,274,9,2,'2020-06-05 22:48:17','2020-06-05 22:48:17',NULL),(3002,274,10,1,'2020-06-05 22:48:17','2020-06-05 22:48:17',NULL),(3003,274,11,0,'2020-06-05 22:48:17','2020-06-05 22:48:17',NULL),(3004,275,1,10,'2020-06-05 22:48:17','2020-06-05 22:48:17',NULL),(3005,275,2,9,'2020-06-05 22:48:17','2020-06-05 22:48:17',NULL),(3006,275,3,8,'2020-06-05 22:48:17','2020-06-05 22:48:17',NULL),(3007,275,4,7,'2020-06-05 22:48:17','2020-06-05 22:48:17',NULL),(3008,275,5,6,'2020-06-05 22:48:17','2020-06-05 22:48:17',NULL),(3009,275,6,5,'2020-06-05 22:48:17','2020-06-05 22:48:17',NULL),(3010,275,7,4,'2020-06-05 22:48:17','2020-06-05 22:48:17',NULL),(3011,275,8,3,'2020-06-05 22:48:17','2020-06-05 22:48:17',NULL),(3012,275,9,2,'2020-06-05 22:48:17','2020-06-05 22:48:17',NULL),(3013,275,10,1,'2020-06-05 22:48:17','2020-06-05 22:48:17',NULL),(3014,275,11,0,'2020-06-05 22:48:17','2020-06-05 22:48:17',NULL),(3015,276,1,10,'2020-06-05 22:48:17','2020-06-05 22:48:17',NULL),(3016,276,2,9,'2020-06-05 22:48:17','2020-06-05 22:48:17',NULL),(3017,276,3,8,'2020-06-05 22:48:17','2020-06-05 22:48:17',NULL),(3018,276,4,7,'2020-06-05 22:48:17','2020-06-05 22:48:17',NULL),(3019,276,5,6,'2020-06-05 22:48:17','2020-06-05 22:48:17',NULL),(3020,276,6,5,'2020-06-05 22:48:17','2020-06-05 22:48:17',NULL),(3021,276,7,4,'2020-06-05 22:48:17','2020-06-05 22:48:17',NULL),(3022,276,8,3,'2020-06-05 22:48:17','2020-06-05 22:48:17',NULL),(3023,276,9,2,'2020-06-05 22:48:17','2020-06-05 22:48:17',NULL),(3024,276,10,1,'2020-06-05 22:48:17','2020-06-05 22:48:17',NULL),(3025,276,11,0,'2020-06-05 22:48:17','2020-06-05 22:48:17',NULL),(3026,277,1,10,'2020-06-05 22:48:17','2020-06-05 22:48:17',NULL),(3027,277,2,9,'2020-06-05 22:48:17','2020-06-05 22:48:17',NULL),(3028,277,3,8,'2020-06-05 22:48:17','2020-06-05 22:48:17',NULL),(3029,277,4,7,'2020-06-05 22:48:17','2020-06-05 22:48:17',NULL),(3030,277,5,6,'2020-06-05 22:48:17','2020-06-05 22:48:17',NULL),(3031,277,6,5,'2020-06-05 22:48:17','2020-06-05 22:48:17',NULL),(3032,277,7,4,'2020-06-05 22:48:17','2020-06-05 22:48:17',NULL),(3033,277,8,3,'2020-06-05 22:48:17','2020-06-05 22:48:17',NULL),(3034,277,9,2,'2020-06-05 22:48:17','2020-06-05 22:48:17',NULL),(3035,277,10,1,'2020-06-05 22:48:17','2020-06-05 22:48:17',NULL),(3036,277,11,0,'2020-06-05 22:48:17','2020-06-05 22:48:17',NULL),(3037,278,1,10,'2020-06-05 22:48:17','2020-06-05 22:48:17',NULL),(3038,278,2,9,'2020-06-05 22:48:17','2020-06-05 22:48:17',NULL),(3039,278,3,8,'2020-06-05 22:48:17','2020-06-05 22:48:17',NULL),(3040,278,4,7,'2020-06-05 22:48:17','2020-06-05 22:48:17',NULL),(3041,278,5,6,'2020-06-05 22:48:17','2020-06-05 22:48:17',NULL),(3042,278,6,5,'2020-06-05 22:48:17','2020-06-05 22:48:17',NULL),(3043,278,7,4,'2020-06-05 22:48:17','2020-06-05 22:48:17',NULL),(3044,278,8,3,'2020-06-05 22:48:17','2020-06-05 22:48:17',NULL),(3045,278,9,2,'2020-06-05 22:48:17','2020-06-05 22:48:17',NULL),(3046,278,10,1,'2020-06-05 22:48:17','2020-06-05 22:48:17',NULL),(3047,278,11,0,'2020-06-05 22:48:17','2020-06-05 22:48:17',NULL),(3048,279,1,10,'2020-06-05 22:48:17','2020-06-05 22:48:17',NULL),(3049,279,2,9,'2020-06-05 22:48:17','2020-06-05 22:48:17',NULL),(3050,279,3,8,'2020-06-05 22:48:17','2020-06-05 22:48:17',NULL),(3051,279,4,7,'2020-06-05 22:48:17','2020-06-05 22:48:17',NULL),(3052,279,5,6,'2020-06-05 22:48:17','2020-06-05 22:48:17',NULL),(3053,279,6,5,'2020-06-05 22:48:17','2020-06-05 22:48:17',NULL),(3054,279,7,4,'2020-06-05 22:48:17','2020-06-05 22:48:17',NULL),(3055,279,8,3,'2020-06-05 22:48:17','2020-06-05 22:48:17',NULL),(3056,279,9,2,'2020-06-05 22:48:17','2020-06-05 22:48:17',NULL),(3057,279,10,1,'2020-06-05 22:48:17','2020-06-05 22:48:17',NULL),(3058,279,11,0,'2020-06-05 22:48:17','2020-06-05 22:48:17',NULL),(3059,280,1,10,'2020-06-05 22:48:17','2020-06-05 22:48:17',NULL),(3060,280,2,9,'2020-06-05 22:48:17','2020-06-05 22:48:17',NULL),(3061,280,3,8,'2020-06-05 22:48:17','2020-06-05 22:48:17',NULL),(3062,280,4,7,'2020-06-05 22:48:17','2020-06-05 22:48:17',NULL),(3063,280,5,6,'2020-06-05 22:48:17','2020-06-05 22:48:17',NULL),(3064,280,6,5,'2020-06-05 22:48:17','2020-06-05 22:48:17',NULL),(3065,280,7,4,'2020-06-05 22:48:17','2020-06-05 22:48:17',NULL),(3066,280,8,3,'2020-06-05 22:48:17','2020-06-05 22:48:17',NULL),(3067,280,9,2,'2020-06-05 22:48:17','2020-06-05 22:48:17',NULL),(3068,280,10,1,'2020-06-05 22:48:17','2020-06-05 22:48:17',NULL),(3069,280,11,0,'2020-06-05 22:48:17','2020-06-05 22:48:17',NULL),(3070,281,1,10,'2020-06-05 22:48:17','2020-06-05 22:48:17',NULL),(3071,281,2,9,'2020-06-05 22:48:17','2020-06-05 22:48:17',NULL),(3072,281,3,8,'2020-06-05 22:48:17','2020-06-05 22:48:17',NULL),(3073,281,4,7,'2020-06-05 22:48:17','2020-06-05 22:48:17',NULL),(3074,281,5,6,'2020-06-05 22:48:17','2020-06-05 22:48:17',NULL),(3075,281,6,5,'2020-06-05 22:48:17','2020-06-05 22:48:17',NULL),(3076,281,7,4,'2020-06-05 22:48:17','2020-06-05 22:48:17',NULL),(3077,281,8,3,'2020-06-05 22:48:17','2020-06-05 22:48:17',NULL),(3078,281,9,2,'2020-06-05 22:48:17','2020-06-05 22:48:17',NULL),(3079,281,10,1,'2020-06-05 22:48:17','2020-06-05 22:48:17',NULL),(3080,281,11,0,'2020-06-05 22:48:17','2020-06-05 22:48:17',NULL),(3081,282,1,10,'2020-06-05 22:48:17','2020-06-05 22:48:17',NULL),(3082,282,2,9,'2020-06-05 22:48:17','2020-06-05 22:48:17',NULL),(3083,282,3,8,'2020-06-05 22:48:17','2020-06-05 22:48:17',NULL),(3084,282,4,7,'2020-06-05 22:48:17','2020-06-05 22:48:17',NULL),(3085,282,5,6,'2020-06-05 22:48:17','2020-06-05 22:48:17',NULL),(3086,282,6,5,'2020-06-05 22:48:17','2020-06-05 22:48:17',NULL),(3087,282,7,4,'2020-06-05 22:48:17','2020-06-05 22:48:17',NULL),(3088,282,8,3,'2020-06-05 22:48:17','2020-06-05 22:48:17',NULL),(3089,282,9,2,'2020-06-05 22:48:17','2020-06-05 22:48:17',NULL),(3090,282,10,1,'2020-06-05 22:48:17','2020-06-05 22:48:17',NULL),(3091,282,11,0,'2020-06-05 22:48:17','2020-06-05 22:48:17',NULL),(3092,283,1,10,'2020-06-05 22:48:17','2020-06-05 22:48:17',NULL),(3093,283,2,9,'2020-06-05 22:48:17','2020-06-05 22:48:17',NULL),(3094,283,3,8,'2020-06-05 22:48:17','2020-06-05 22:48:17',NULL),(3095,283,4,7,'2020-06-05 22:48:17','2020-06-05 22:48:17',NULL),(3096,283,5,6,'2020-06-05 22:48:17','2020-06-05 22:48:17',NULL),(3097,283,6,5,'2020-06-05 22:48:17','2020-06-05 22:48:17',NULL),(3098,283,7,4,'2020-06-05 22:48:17','2020-06-05 22:48:17',NULL),(3099,283,8,3,'2020-06-05 22:48:17','2020-06-05 22:48:17',NULL),(3100,283,9,2,'2020-06-05 22:48:17','2020-06-05 22:48:17',NULL),(3101,283,10,1,'2020-06-05 22:48:17','2020-06-05 22:48:17',NULL),(3102,283,11,0,'2020-06-05 22:48:17','2020-06-05 22:48:17',NULL),(3103,284,1,10,'2020-06-05 22:48:17','2020-06-05 22:48:17',NULL),(3104,284,2,9,'2020-06-05 22:48:17','2020-06-05 22:48:17',NULL),(3105,284,3,8,'2020-06-05 22:48:17','2020-06-05 22:48:17',NULL),(3106,284,4,7,'2020-06-05 22:48:17','2020-06-05 22:48:17',NULL),(3107,284,5,6,'2020-06-05 22:48:17','2020-06-05 22:48:17',NULL),(3108,284,6,5,'2020-06-05 22:48:17','2020-06-05 22:48:17',NULL),(3109,284,7,4,'2020-06-05 22:48:17','2020-06-05 22:48:17',NULL),(3110,284,8,3,'2020-06-05 22:48:17','2020-06-05 22:48:17',NULL),(3111,284,9,2,'2020-06-05 22:48:17','2020-06-05 22:48:17',NULL),(3112,284,10,1,'2020-06-05 22:48:17','2020-06-05 22:48:17',NULL),(3113,284,11,0,'2020-06-05 22:48:17','2020-06-05 22:48:17',NULL),(3114,285,1,10,'2020-06-05 22:48:17','2020-06-05 22:48:17',NULL),(3115,285,2,9,'2020-06-05 22:48:17','2020-06-05 22:48:17',NULL),(3116,285,3,8,'2020-06-05 22:48:17','2020-06-05 22:48:17',NULL),(3117,285,4,7,'2020-06-05 22:48:17','2020-06-05 22:48:17',NULL),(3118,285,5,6,'2020-06-05 22:48:17','2020-06-05 22:48:17',NULL),(3119,285,6,5,'2020-06-05 22:48:17','2020-06-05 22:48:17',NULL),(3120,285,7,4,'2020-06-05 22:48:17','2020-06-05 22:48:17',NULL),(3121,285,8,3,'2020-06-05 22:48:17','2020-06-05 22:48:17',NULL),(3122,285,9,2,'2020-06-05 22:48:17','2020-06-05 22:48:17',NULL),(3123,285,10,1,'2020-06-05 22:48:17','2020-06-05 22:48:17',NULL),(3124,285,11,0,'2020-06-05 22:48:17','2020-06-05 22:48:17',NULL),(3125,286,1,10,'2020-06-05 22:48:17','2020-06-05 22:48:17',NULL),(3126,286,2,9,'2020-06-05 22:48:17','2020-06-05 22:48:17',NULL),(3127,286,3,8,'2020-06-05 22:48:17','2020-06-05 22:48:17',NULL),(3128,286,4,7,'2020-06-05 22:48:17','2020-06-05 22:48:17',NULL),(3129,286,5,6,'2020-06-05 22:48:17','2020-06-05 22:48:17',NULL),(3130,286,6,5,'2020-06-05 22:48:17','2020-06-05 22:48:17',NULL),(3131,286,7,4,'2020-06-05 22:48:17','2020-06-05 22:48:17',NULL),(3132,286,8,3,'2020-06-05 22:48:17','2020-06-05 22:48:17',NULL),(3133,286,9,2,'2020-06-05 22:48:17','2020-06-05 22:48:17',NULL),(3134,286,10,1,'2020-06-05 22:48:17','2020-06-05 22:48:17',NULL),(3135,286,11,0,'2020-06-05 22:48:17','2020-06-05 22:48:17',NULL),(3136,287,1,10,'2020-06-05 22:48:17','2020-06-05 22:48:17',NULL),(3137,287,2,9,'2020-06-05 22:48:17','2020-06-05 22:48:17',NULL),(3138,287,3,8,'2020-06-05 22:48:17','2020-06-05 22:48:17',NULL),(3139,287,4,7,'2020-06-05 22:48:17','2020-06-05 22:48:17',NULL),(3140,287,5,6,'2020-06-05 22:48:17','2020-06-05 22:48:17',NULL),(3141,287,6,5,'2020-06-05 22:48:17','2020-06-05 22:48:17',NULL),(3142,287,7,4,'2020-06-05 22:48:17','2020-06-05 22:48:17',NULL),(3143,287,8,3,'2020-06-05 22:48:17','2020-06-05 22:48:17',NULL),(3144,287,9,2,'2020-06-05 22:48:17','2020-06-05 22:48:17',NULL),(3145,287,10,1,'2020-06-05 22:48:17','2020-06-05 22:48:17',NULL),(3146,287,11,0,'2020-06-05 22:48:17','2020-06-05 22:48:17',NULL),(3147,288,1,10,'2020-06-05 22:48:17','2020-06-05 22:48:17',NULL),(3148,288,2,9,'2020-06-05 22:48:17','2020-06-05 22:48:17',NULL),(3149,288,3,8,'2020-06-05 22:48:17','2020-06-05 22:48:17',NULL),(3150,288,4,7,'2020-06-05 22:48:17','2020-06-05 22:48:17',NULL),(3151,288,5,6,'2020-06-05 22:48:17','2020-06-05 22:48:17',NULL),(3152,288,6,5,'2020-06-05 22:48:17','2020-06-05 22:48:17',NULL),(3153,288,7,4,'2020-06-05 22:48:17','2020-06-05 22:48:17',NULL),(3154,288,8,3,'2020-06-05 22:48:17','2020-06-05 22:48:17',NULL),(3155,288,9,2,'2020-06-05 22:48:17','2020-06-05 22:48:17',NULL),(3156,288,10,1,'2020-06-05 22:48:17','2020-06-05 22:48:17',NULL),(3157,288,11,0,'2020-06-05 22:48:17','2020-06-05 22:48:17',NULL),(3158,289,1,10,'2020-06-05 22:48:17','2020-06-05 22:48:17',NULL),(3159,289,2,9,'2020-06-05 22:48:17','2020-06-05 22:48:17',NULL),(3160,289,3,8,'2020-06-05 22:48:17','2020-06-05 22:48:17',NULL),(3161,289,4,7,'2020-06-05 22:48:17','2020-06-05 22:48:17',NULL),(3162,289,5,6,'2020-06-05 22:48:17','2020-06-05 22:48:17',NULL),(3163,289,6,5,'2020-06-05 22:48:17','2020-06-05 22:48:17',NULL),(3164,289,7,4,'2020-06-05 22:48:17','2020-06-05 22:48:17',NULL),(3165,289,8,3,'2020-06-05 22:48:17','2020-06-05 22:48:17',NULL),(3166,289,9,2,'2020-06-05 22:48:17','2020-06-05 22:48:17',NULL),(3167,289,10,1,'2020-06-05 22:48:17','2020-06-05 22:48:17',NULL),(3168,289,11,0,'2020-06-05 22:48:17','2020-06-05 22:48:17',NULL),(3169,300,1,10,'2020-06-05 22:48:17','2020-06-05 22:48:17',NULL),(3170,300,2,9,'2020-06-05 22:48:17','2020-06-05 22:48:17',NULL),(3171,300,3,8,'2020-06-05 22:48:17','2020-06-05 22:48:17',NULL),(3172,300,4,7,'2020-06-05 22:48:17','2020-06-05 22:48:17',NULL),(3173,300,5,6,'2020-06-05 22:48:17','2020-06-05 22:48:17',NULL),(3174,300,6,5,'2020-06-05 22:48:17','2020-06-05 22:48:17',NULL),(3175,300,7,4,'2020-06-05 22:48:17','2020-06-05 22:48:17',NULL),(3176,300,8,3,'2020-06-05 22:48:17','2020-06-05 22:48:17',NULL),(3177,300,9,2,'2020-06-05 22:48:17','2020-06-05 22:48:17',NULL),(3178,300,10,1,'2020-06-05 22:48:17','2020-06-05 22:48:17',NULL),(3179,300,11,0,'2020-06-05 22:48:17','2020-06-05 22:48:17',NULL),(3180,301,1,10,'2020-06-05 22:48:17','2020-06-05 22:48:17',NULL),(3181,301,2,9,'2020-06-05 22:48:17','2020-06-05 22:48:17',NULL),(3182,301,3,8,'2020-06-05 22:48:17','2020-06-05 22:48:17',NULL),(3183,301,4,7,'2020-06-05 22:48:17','2020-06-05 22:48:17',NULL),(3184,301,5,6,'2020-06-05 22:48:17','2020-06-05 22:48:17',NULL),(3185,301,6,5,'2020-06-05 22:48:17','2020-06-05 22:48:17',NULL),(3186,301,7,4,'2020-06-05 22:48:17','2020-06-05 22:48:17',NULL),(3187,301,8,3,'2020-06-05 22:48:17','2020-06-05 22:48:17',NULL),(3188,301,9,2,'2020-06-05 22:48:17','2020-06-05 22:48:17',NULL),(3189,301,10,1,'2020-06-05 22:48:17','2020-06-05 22:48:17',NULL),(3190,301,11,0,'2020-06-05 22:48:17','2020-06-05 22:48:17',NULL),(3191,302,1,10,'2020-06-05 22:48:17','2020-06-05 22:48:17',NULL),(3192,302,2,9,'2020-06-05 22:48:17','2020-06-05 22:48:17',NULL),(3193,302,3,8,'2020-06-05 22:48:17','2020-06-05 22:48:17',NULL),(3194,302,4,7,'2020-06-05 22:48:17','2020-06-05 22:48:17',NULL),(3195,302,5,6,'2020-06-05 22:48:17','2020-06-05 22:48:17',NULL),(3196,302,6,5,'2020-06-05 22:48:17','2020-06-05 22:48:17',NULL),(3197,302,7,4,'2020-06-05 22:48:17','2020-06-05 22:48:17',NULL),(3198,302,8,3,'2020-06-05 22:48:17','2020-06-05 22:48:17',NULL),(3199,302,9,2,'2020-06-05 22:48:17','2020-06-05 22:48:17',NULL),(3200,302,10,1,'2020-06-05 22:48:17','2020-06-05 22:48:17',NULL),(3201,302,11,0,'2020-06-05 22:48:17','2020-06-05 22:48:17',NULL),(3202,303,1,10,'2020-06-05 22:48:17','2020-06-05 22:48:17',NULL),(3203,303,2,9,'2020-06-05 22:48:17','2020-06-05 22:48:17',NULL),(3204,303,3,8,'2020-06-05 22:48:17','2020-06-05 22:48:17',NULL),(3205,303,4,7,'2020-06-05 22:48:17','2020-06-05 22:48:17',NULL),(3206,303,5,6,'2020-06-05 22:48:17','2020-06-05 22:48:17',NULL),(3207,303,6,5,'2020-06-05 22:48:17','2020-06-05 22:48:17',NULL),(3208,303,7,4,'2020-06-05 22:48:17','2020-06-05 22:48:17',NULL),(3209,303,8,3,'2020-06-05 22:48:17','2020-06-05 22:48:17',NULL),(3210,303,9,2,'2020-06-05 22:48:17','2020-06-05 22:48:17',NULL),(3211,303,10,1,'2020-06-05 22:48:17','2020-06-05 22:48:17',NULL),(3212,303,11,0,'2020-06-05 22:48:17','2020-06-05 22:48:17',NULL),(3213,304,1,10,'2020-06-05 22:48:17','2020-06-05 22:48:17',NULL),(3214,304,2,9,'2020-06-05 22:48:17','2020-06-05 22:48:17',NULL),(3215,304,3,8,'2020-06-05 22:48:17','2020-06-05 22:48:17',NULL),(3216,304,4,7,'2020-06-05 22:48:17','2020-06-05 22:48:17',NULL),(3217,304,5,6,'2020-06-05 22:48:17','2020-06-05 22:48:17',NULL),(3218,304,6,5,'2020-06-05 22:48:17','2020-06-05 22:48:17',NULL),(3219,304,7,4,'2020-06-05 22:48:17','2020-06-05 22:48:17',NULL),(3220,304,8,3,'2020-06-05 22:48:17','2020-06-05 22:48:17',NULL),(3221,304,9,2,'2020-06-05 22:48:17','2020-06-05 22:48:17',NULL),(3222,304,10,1,'2020-06-05 22:48:17','2020-06-05 22:48:17',NULL),(3223,304,11,0,'2020-06-05 22:48:17','2020-06-05 22:48:17',NULL),(3224,305,1,10,'2020-06-05 22:48:17','2020-06-05 22:48:17',NULL),(3225,305,2,9,'2020-06-05 22:48:17','2020-06-05 22:48:17',NULL),(3226,305,3,8,'2020-06-05 22:48:17','2020-06-05 22:48:17',NULL),(3227,305,4,7,'2020-06-05 22:48:17','2020-06-05 22:48:17',NULL),(3228,305,5,6,'2020-06-05 22:48:17','2020-06-05 22:48:17',NULL),(3229,305,6,5,'2020-06-05 22:48:17','2020-06-05 22:48:17',NULL),(3230,305,7,4,'2020-06-05 22:48:17','2020-06-05 22:48:17',NULL),(3231,305,8,3,'2020-06-05 22:48:17','2020-06-05 22:48:17',NULL),(3232,305,9,2,'2020-06-05 22:48:17','2020-06-05 22:48:17',NULL),(3233,305,10,1,'2020-06-05 22:48:17','2020-06-05 22:48:17',NULL),(3234,305,11,0,'2020-06-05 22:48:17','2020-06-05 22:48:17',NULL),(3235,306,1,10,'2020-06-05 22:48:17','2020-06-05 22:48:17',NULL),(3236,306,2,9,'2020-06-05 22:48:17','2020-06-05 22:48:17',NULL),(3237,306,3,8,'2020-06-05 22:48:17','2020-06-05 22:48:17',NULL),(3238,306,4,7,'2020-06-05 22:48:17','2020-06-05 22:48:17',NULL),(3239,306,5,6,'2020-06-05 22:48:17','2020-06-05 22:48:17',NULL),(3240,306,6,5,'2020-06-05 22:48:17','2020-06-05 22:48:17',NULL),(3241,306,7,4,'2020-06-05 22:48:17','2020-06-05 22:48:17',NULL),(3242,306,8,3,'2020-06-05 22:48:17','2020-06-05 22:48:17',NULL),(3243,306,9,2,'2020-06-05 22:48:17','2020-06-05 22:48:17',NULL),(3244,306,10,1,'2020-06-05 22:48:17','2020-06-05 22:48:17',NULL),(3245,306,11,0,'2020-06-05 22:48:17','2020-06-05 22:48:17',NULL),(3246,307,1,10,'2020-06-05 22:48:17','2020-06-05 22:48:17',NULL),(3247,307,2,9,'2020-06-05 22:48:17','2020-06-05 22:48:17',NULL),(3248,307,3,8,'2020-06-05 22:48:17','2020-06-05 22:48:17',NULL),(3249,307,4,7,'2020-06-05 22:48:17','2020-06-05 22:48:17',NULL),(3250,307,5,6,'2020-06-05 22:48:17','2020-06-05 22:48:17',NULL),(3251,307,6,5,'2020-06-05 22:48:17','2020-06-05 22:48:17',NULL),(3252,307,7,4,'2020-06-05 22:48:17','2020-06-05 22:48:17',NULL),(3253,307,8,3,'2020-06-05 22:48:17','2020-06-05 22:48:17',NULL),(3254,307,9,2,'2020-06-05 22:48:17','2020-06-05 22:48:17',NULL),(3255,307,10,1,'2020-06-05 22:48:17','2020-06-05 22:48:17',NULL),(3256,307,11,0,'2020-06-05 22:48:17','2020-06-05 22:48:17',NULL),(3257,308,1,10,'2020-06-05 22:48:17','2020-06-05 22:48:17',NULL),(3258,308,2,9,'2020-06-05 22:48:17','2020-06-05 22:48:17',NULL),(3259,308,3,8,'2020-06-05 22:48:17','2020-06-05 22:48:17',NULL),(3260,308,4,7,'2020-06-05 22:48:17','2020-06-05 22:48:17',NULL),(3261,308,5,6,'2020-06-05 22:48:17','2020-06-05 22:48:17',NULL),(3262,308,6,5,'2020-06-05 22:48:17','2020-06-05 22:48:17',NULL),(3263,308,7,4,'2020-06-05 22:48:17','2020-06-05 22:48:17',NULL),(3264,308,8,3,'2020-06-05 22:48:17','2020-06-05 22:48:17',NULL),(3265,308,9,2,'2020-06-05 22:48:17','2020-06-05 22:48:17',NULL),(3266,308,10,1,'2020-06-05 22:48:17','2020-06-05 22:48:17',NULL),(3267,308,11,0,'2020-06-05 22:48:17','2020-06-05 22:48:17',NULL),(3268,309,1,10,'2020-06-05 22:48:17','2020-06-05 22:48:17',NULL),(3269,309,2,9,'2020-06-05 22:48:17','2020-06-05 22:48:17',NULL),(3270,309,3,8,'2020-06-05 22:48:17','2020-06-05 22:48:17',NULL),(3271,309,4,7,'2020-06-05 22:48:17','2020-06-05 22:48:17',NULL),(3272,309,5,6,'2020-06-05 22:48:17','2020-06-05 22:48:17',NULL),(3273,309,6,5,'2020-06-05 22:48:17','2020-06-05 22:48:17',NULL),(3274,309,7,4,'2020-06-05 22:48:17','2020-06-05 22:48:17',NULL),(3275,309,8,3,'2020-06-05 22:48:17','2020-06-05 22:48:17',NULL),(3276,309,9,2,'2020-06-05 22:48:17','2020-06-05 22:48:17',NULL),(3277,309,10,1,'2020-06-05 22:48:17','2020-06-05 22:48:17',NULL),(3278,309,11,0,'2020-06-05 22:48:17','2020-06-05 22:48:17',NULL),(3279,310,1,10,'2020-06-05 22:48:17','2020-06-05 22:48:17',NULL),(3280,310,2,9,'2020-06-05 22:48:17','2020-06-05 22:48:17',NULL),(3281,310,3,8,'2020-06-05 22:48:17','2020-06-05 22:48:17',NULL),(3282,310,4,7,'2020-06-05 22:48:17','2020-06-05 22:48:17',NULL),(3283,310,5,6,'2020-06-05 22:48:17','2020-06-05 22:48:17',NULL),(3284,310,6,5,'2020-06-05 22:48:17','2020-06-05 22:48:17',NULL),(3285,310,7,4,'2020-06-05 22:48:17','2020-06-05 22:48:17',NULL),(3286,310,8,3,'2020-06-05 22:48:17','2020-06-05 22:48:17',NULL),(3287,310,9,2,'2020-06-05 22:48:17','2020-06-05 22:48:17',NULL),(3288,310,10,1,'2020-06-05 22:48:17','2020-06-05 22:48:17',NULL),(3289,310,11,0,'2020-06-05 22:48:17','2020-06-05 22:48:17',NULL),(3290,311,1,10,'2020-06-05 22:48:17','2020-06-05 22:48:17',NULL),(3291,311,2,9,'2020-06-05 22:48:17','2020-06-05 22:48:17',NULL),(3292,311,3,8,'2020-06-05 22:48:17','2020-06-05 22:48:17',NULL),(3293,311,4,7,'2020-06-05 22:48:17','2020-06-05 22:48:17',NULL),(3294,311,5,6,'2020-06-05 22:48:17','2020-06-05 22:48:17',NULL),(3295,311,6,5,'2020-06-05 22:48:17','2020-06-05 22:48:17',NULL),(3296,311,7,4,'2020-06-05 22:48:17','2020-06-05 22:48:17',NULL),(3297,311,8,3,'2020-06-05 22:48:17','2020-06-05 22:48:17',NULL),(3298,311,9,2,'2020-06-05 22:48:17','2020-06-05 22:48:17',NULL),(3299,311,10,1,'2020-06-05 22:48:17','2020-06-05 22:48:17',NULL),(3300,311,11,0,'2020-06-05 22:48:17','2020-06-05 22:48:17',NULL),(3301,312,1,10,'2020-06-05 22:48:17','2020-06-05 22:48:17',NULL),(3302,312,2,9,'2020-06-05 22:48:17','2020-06-05 22:48:17',NULL),(3303,312,3,8,'2020-06-05 22:48:17','2020-06-05 22:48:17',NULL),(3304,312,4,7,'2020-06-05 22:48:17','2020-06-05 22:48:17',NULL),(3305,312,5,6,'2020-06-05 22:48:17','2020-06-05 22:48:17',NULL),(3306,312,6,5,'2020-06-05 22:48:17','2020-06-05 22:48:17',NULL),(3307,312,7,4,'2020-06-05 22:48:17','2020-06-05 22:48:17',NULL),(3308,312,8,3,'2020-06-05 22:48:17','2020-06-05 22:48:17',NULL),(3309,312,9,2,'2020-06-05 22:48:17','2020-06-05 22:48:17',NULL),(3310,312,10,1,'2020-06-05 22:48:17','2020-06-05 22:48:17',NULL),(3311,312,11,0,'2020-06-05 22:48:17','2020-06-05 22:48:17',NULL),(3312,313,1,10,'2020-06-05 22:48:17','2020-06-05 22:48:17',NULL),(3313,313,2,9,'2020-06-05 22:48:17','2020-06-05 22:48:17',NULL),(3314,313,3,8,'2020-06-05 22:48:17','2020-06-05 22:48:17',NULL),(3315,313,4,7,'2020-06-05 22:48:17','2020-06-05 22:48:17',NULL),(3316,313,5,6,'2020-06-05 22:48:17','2020-06-05 22:48:17',NULL),(3317,313,6,5,'2020-06-05 22:48:17','2020-06-05 22:48:17',NULL),(3318,313,7,4,'2020-06-05 22:48:17','2020-06-05 22:48:17',NULL),(3319,313,8,3,'2020-06-05 22:48:17','2020-06-05 22:48:17',NULL),(3320,313,9,2,'2020-06-05 22:48:17','2020-06-05 22:48:17',NULL),(3321,313,10,1,'2020-06-05 22:48:17','2020-06-05 22:48:17',NULL),(3322,313,11,0,'2020-06-05 22:48:17','2020-06-05 22:48:17',NULL),(3323,314,1,10,'2020-06-05 22:48:17','2020-06-05 22:48:17',NULL),(3324,314,2,9,'2020-06-05 22:48:17','2020-06-05 22:48:17',NULL),(3325,314,3,8,'2020-06-05 22:48:17','2020-06-05 22:48:17',NULL),(3326,314,4,7,'2020-06-05 22:48:17','2020-06-05 22:48:17',NULL),(3327,314,5,6,'2020-06-05 22:48:17','2020-06-05 22:48:17',NULL),(3328,314,6,5,'2020-06-05 22:48:17','2020-06-05 22:48:17',NULL),(3329,314,7,4,'2020-06-05 22:48:17','2020-06-05 22:48:17',NULL),(3330,314,8,3,'2020-06-05 22:48:17','2020-06-05 22:48:17',NULL),(3331,314,9,2,'2020-06-05 22:48:17','2020-06-05 22:48:17',NULL),(3332,314,10,1,'2020-06-05 22:48:17','2020-06-05 22:48:17',NULL),(3333,314,11,0,'2020-06-05 22:48:17','2020-06-05 22:48:17',NULL),(3334,315,1,10,'2020-06-05 22:48:17','2020-06-05 22:48:17',NULL),(3335,315,2,9,'2020-06-05 22:48:17','2020-06-05 22:48:17',NULL),(3336,315,3,8,'2020-06-05 22:48:17','2020-06-05 22:48:17',NULL),(3337,315,4,7,'2020-06-05 22:48:17','2020-06-05 22:48:17',NULL),(3338,315,5,6,'2020-06-05 22:48:17','2020-06-05 22:48:17',NULL),(3339,315,6,5,'2020-06-05 22:48:17','2020-06-05 22:48:17',NULL),(3340,315,7,4,'2020-06-05 22:48:17','2020-06-05 22:48:17',NULL),(3341,315,8,3,'2020-06-05 22:48:17','2020-06-05 22:48:17',NULL),(3342,315,9,2,'2020-06-05 22:48:17','2020-06-05 22:48:17',NULL),(3343,315,10,1,'2020-06-05 22:48:17','2020-06-05 22:48:17',NULL),(3344,315,11,0,'2020-06-05 22:48:17','2020-06-05 22:48:17',NULL),(3345,316,1,10,'2020-06-05 22:48:17','2020-06-05 22:48:17',NULL),(3346,316,2,9,'2020-06-05 22:48:17','2020-06-05 22:48:17',NULL),(3347,316,3,8,'2020-06-05 22:48:17','2020-06-05 22:48:17',NULL),(3348,316,4,7,'2020-06-05 22:48:17','2020-06-05 22:48:17',NULL),(3349,316,5,6,'2020-06-05 22:48:17','2020-06-05 22:48:17',NULL),(3350,316,6,5,'2020-06-05 22:48:17','2020-06-05 22:48:17',NULL),(3351,316,7,4,'2020-06-05 22:48:17','2020-06-05 22:48:17',NULL),(3352,316,8,3,'2020-06-05 22:48:17','2020-06-05 22:48:17',NULL),(3353,316,9,2,'2020-06-05 22:48:17','2020-06-05 22:48:17',NULL),(3354,316,10,1,'2020-06-05 22:48:17','2020-06-05 22:48:17',NULL),(3355,316,11,0,'2020-06-05 22:48:17','2020-06-05 22:48:17',NULL),(3356,317,1,10,'2020-06-05 22:48:17','2020-06-05 22:48:17',NULL),(3357,317,2,9,'2020-06-05 22:48:17','2020-06-05 22:48:17',NULL),(3358,317,3,8,'2020-06-05 22:48:17','2020-06-05 22:48:17',NULL),(3359,317,4,7,'2020-06-05 22:48:17','2020-06-05 22:48:17',NULL),(3360,317,5,6,'2020-06-05 22:48:17','2020-06-05 22:48:17',NULL),(3361,317,6,5,'2020-06-05 22:48:17','2020-06-05 22:48:17',NULL),(3362,317,7,4,'2020-06-05 22:48:17','2020-06-05 22:48:17',NULL),(3363,317,8,3,'2020-06-05 22:48:17','2020-06-05 22:48:17',NULL),(3364,317,9,2,'2020-06-05 22:48:17','2020-06-05 22:48:17',NULL),(3365,317,10,1,'2020-06-05 22:48:17','2020-06-05 22:48:17',NULL),(3366,317,11,0,'2020-06-05 22:48:17','2020-06-05 22:48:17',NULL),(3367,318,1,10,'2020-06-05 22:48:17','2020-06-05 22:48:17',NULL),(3368,318,2,9,'2020-06-05 22:48:17','2020-06-05 22:48:17',NULL),(3369,318,3,8,'2020-06-05 22:48:17','2020-06-05 22:48:17',NULL),(3370,318,4,7,'2020-06-05 22:48:17','2020-06-05 22:48:17',NULL),(3371,318,5,6,'2020-06-05 22:48:17','2020-06-05 22:48:17',NULL),(3372,318,6,5,'2020-06-05 22:48:17','2020-06-05 22:48:17',NULL),(3373,318,7,4,'2020-06-05 22:48:17','2020-06-05 22:48:17',NULL),(3374,318,8,3,'2020-06-05 22:48:17','2020-06-05 22:48:17',NULL),(3375,318,9,2,'2020-06-05 22:48:17','2020-06-05 22:48:17',NULL),(3376,318,10,1,'2020-06-05 22:48:17','2020-06-05 22:48:17',NULL),(3377,318,11,0,'2020-06-05 22:48:17','2020-06-05 22:48:17',NULL),(3378,319,1,10,'2020-06-05 22:48:17','2020-06-05 22:48:17',NULL),(3379,319,2,9,'2020-06-05 22:48:17','2020-06-05 22:48:17',NULL),(3380,319,3,8,'2020-06-05 22:48:17','2020-06-05 22:48:17',NULL),(3381,319,4,7,'2020-06-05 22:48:17','2020-06-05 22:48:17',NULL),(3382,319,5,6,'2020-06-05 22:48:17','2020-06-05 22:48:17',NULL),(3383,319,6,5,'2020-06-05 22:48:17','2020-06-05 22:48:17',NULL),(3384,319,7,4,'2020-06-05 22:48:17','2020-06-05 22:48:17',NULL),(3385,319,8,3,'2020-06-05 22:48:17','2020-06-05 22:48:17',NULL),(3386,319,9,2,'2020-06-05 22:48:17','2020-06-05 22:48:17',NULL),(3387,319,10,1,'2020-06-05 22:48:17','2020-06-05 22:48:17',NULL),(3388,319,11,0,'2020-06-05 22:48:17','2020-06-05 22:48:17',NULL),(3389,320,1,10,'2020-06-05 22:48:17','2020-06-05 22:48:17',NULL),(3390,320,2,9,'2020-06-05 22:48:17','2020-06-05 22:48:17',NULL),(3391,320,3,8,'2020-06-05 22:48:17','2020-06-05 22:48:17',NULL),(3392,320,4,7,'2020-06-05 22:48:17','2020-06-05 22:48:17',NULL),(3393,320,5,6,'2020-06-05 22:48:17','2020-06-05 22:48:17',NULL),(3394,320,6,5,'2020-06-05 22:48:17','2020-06-05 22:48:17',NULL),(3395,320,7,4,'2020-06-05 22:48:17','2020-06-05 22:48:17',NULL),(3396,320,8,3,'2020-06-05 22:48:17','2020-06-05 22:48:17',NULL),(3397,320,9,2,'2020-06-05 22:48:17','2020-06-05 22:48:17',NULL),(3398,320,10,1,'2020-06-05 22:48:17','2020-06-05 22:48:17',NULL),(3399,320,11,0,'2020-06-05 22:48:17','2020-06-05 22:48:17',NULL),(3400,321,1,10,'2020-06-05 22:48:17','2020-06-05 22:48:17',NULL),(3401,321,2,9,'2020-06-05 22:48:17','2020-06-05 22:48:17',NULL),(3402,321,3,8,'2020-06-05 22:48:17','2020-06-05 22:48:17',NULL),(3403,321,4,7,'2020-06-05 22:48:17','2020-06-05 22:48:17',NULL),(3404,321,5,6,'2020-06-05 22:48:17','2020-06-05 22:48:17',NULL),(3405,321,6,5,'2020-06-05 22:48:17','2020-06-05 22:48:17',NULL),(3406,321,7,4,'2020-06-05 22:48:17','2020-06-05 22:48:17',NULL),(3407,321,8,3,'2020-06-05 22:48:17','2020-06-05 22:48:17',NULL),(3408,321,9,2,'2020-06-05 22:48:17','2020-06-05 22:48:17',NULL),(3409,321,10,1,'2020-06-05 22:48:17','2020-06-05 22:48:17',NULL),(3410,321,11,0,'2020-06-05 22:48:17','2020-06-05 22:48:17',NULL),(3411,322,1,10,'2020-06-05 22:48:17','2020-06-05 22:48:17',NULL),(3412,322,2,9,'2020-06-05 22:48:17','2020-06-05 22:48:17',NULL),(3413,322,3,8,'2020-06-05 22:48:17','2020-06-05 22:48:17',NULL),(3414,322,4,7,'2020-06-05 22:48:17','2020-06-05 22:48:17',NULL),(3415,322,5,6,'2020-06-05 22:48:17','2020-06-05 22:48:17',NULL),(3416,322,6,5,'2020-06-05 22:48:17','2020-06-05 22:48:17',NULL),(3417,322,7,4,'2020-06-05 22:48:17','2020-06-05 22:48:17',NULL),(3418,322,8,3,'2020-06-05 22:48:17','2020-06-05 22:48:17',NULL),(3419,322,9,2,'2020-06-05 22:48:17','2020-06-05 22:48:17',NULL),(3420,322,10,1,'2020-06-05 22:48:17','2020-06-05 22:48:17',NULL),(3421,322,11,0,'2020-06-05 22:48:17','2020-06-05 22:48:17',NULL),(3422,323,1,10,'2020-06-05 22:48:17','2020-06-05 22:48:17',NULL),(3423,323,2,9,'2020-06-05 22:48:17','2020-06-05 22:48:17',NULL),(3424,323,3,8,'2020-06-05 22:48:17','2020-06-05 22:48:17',NULL),(3425,323,4,7,'2020-06-05 22:48:17','2020-06-05 22:48:17',NULL),(3426,323,5,6,'2020-06-05 22:48:17','2020-06-05 22:48:17',NULL),(3427,323,6,5,'2020-06-05 22:48:17','2020-06-05 22:48:17',NULL),(3428,323,7,4,'2020-06-05 22:48:17','2020-06-05 22:48:17',NULL),(3429,323,8,3,'2020-06-05 22:48:17','2020-06-05 22:48:17',NULL),(3430,323,9,2,'2020-06-05 22:48:17','2020-06-05 22:48:17',NULL),(3431,323,10,1,'2020-06-05 22:48:17','2020-06-05 22:48:17',NULL),(3432,323,11,0,'2020-06-05 22:48:17','2020-06-05 22:48:17',NULL),(3433,324,1,10,'2020-06-05 22:48:17','2020-06-05 22:48:17',NULL),(3434,324,2,9,'2020-06-05 22:48:17','2020-06-05 22:48:17',NULL),(3435,324,3,8,'2020-06-05 22:48:17','2020-06-05 22:48:17',NULL),(3436,324,4,7,'2020-06-05 22:48:17','2020-06-05 22:48:17',NULL),(3437,324,5,6,'2020-06-05 22:48:17','2020-06-05 22:48:17',NULL),(3438,324,6,5,'2020-06-05 22:48:17','2020-06-05 22:48:17',NULL),(3439,324,7,4,'2020-06-05 22:48:17','2020-06-05 22:48:17',NULL),(3440,324,8,3,'2020-06-05 22:48:17','2020-06-05 22:48:17',NULL),(3441,324,9,2,'2020-06-05 22:48:17','2020-06-05 22:48:17',NULL),(3442,324,10,1,'2020-06-05 22:48:17','2020-06-05 22:48:17',NULL),(3443,324,11,0,'2020-06-05 22:48:17','2020-06-05 22:48:17',NULL);
/*!40000 ALTER TABLE `sbr_groups_sub_qn_models_aux` ENABLE KEYS */;
UNLOCK TABLES;

--
-- Table structure for table `sbr_groups_sub_qn_qnr`
--

DROP TABLE IF EXISTS `sbr_groups_sub_qn_qnr`;
/*!40101 SET @saved_cs_client     = @@character_set_client */;
/*!50503 SET character_set_client = utf8mb4 */;
CREATE TABLE `sbr_groups_sub_qn_qnr` (
  `id` int(10) unsigned NOT NULL AUTO_INCREMENT,
  `id_sbr_groups_sub_qn` int(10) unsigned NOT NULL,
  `id_sbr_qnr` int(10) unsigned NOT NULL,
  `created_at` timestamp NOT NULL DEFAULT CURRENT_TIMESTAMP,
  `updated_at` timestamp NOT NULL DEFAULT CURRENT_TIMESTAMP,
  `deleted_at` timestamp NULL DEFAULT NULL,
  PRIMARY KEY (`id`)
) ENGINE=InnoDB AUTO_INCREMENT=716 DEFAULT CHARSET=utf8mb4 COLLATE=utf8mb4_0900_ai_ci;
/*!40101 SET character_set_client = @saved_cs_client */;

--
-- Dumping data for table `sbr_groups_sub_qn_qnr`
--

LOCK TABLES `sbr_groups_sub_qn_qnr` WRITE;
/*!40000 ALTER TABLE `sbr_groups_sub_qn_qnr` DISABLE KEYS */;
INSERT INTO `sbr_groups_sub_qn_qnr` VALUES (392,1,4,'2020-06-05 22:32:12','2020-06-05 22:32:12',NULL),(393,2,4,'2020-06-05 22:32:12','2020-06-05 22:32:12',NULL),(394,4,4,'2020-06-05 22:32:12','2020-06-05 22:32:12',NULL),(395,5,4,'2020-06-05 22:32:12','2020-06-05 22:32:12',NULL),(396,6,4,'2020-06-05 22:32:12','2020-06-05 22:32:12',NULL),(397,7,4,'2020-06-05 22:32:12','2020-06-05 22:32:12',NULL),(398,8,4,'2020-06-05 22:32:12','2020-06-05 22:32:12',NULL),(399,15,4,'2020-06-05 22:32:12','2020-06-05 22:32:12',NULL),(400,3,4,'2020-06-05 22:32:12','2020-06-05 22:32:12',NULL),(401,16,4,'2020-06-05 22:32:12','2020-06-05 22:32:12',NULL),(402,17,4,'2020-06-05 22:32:12','2020-06-05 22:32:12',NULL),(403,12,4,'2020-06-05 22:32:12','2020-06-05 22:32:12',NULL),(404,13,4,'2020-06-05 22:32:12','2020-06-05 22:32:12',NULL),(405,14,4,'2020-06-05 22:32:12','2020-06-05 22:32:12',NULL),(406,9,4,'2020-06-05 22:32:12','2020-06-05 22:32:12',NULL),(407,10,4,'2020-06-05 22:32:12','2020-06-05 22:32:12',NULL),(408,11,4,'2020-06-05 22:32:12','2020-06-05 22:32:12',NULL),(409,37,4,'2020-06-05 22:32:12','2020-06-05 22:32:12',NULL),(410,38,4,'2020-06-05 22:32:12','2020-06-05 22:32:12',NULL),(411,39,4,'2020-06-05 22:32:12','2020-06-05 22:32:12',NULL),(412,40,4,'2020-06-05 22:32:12','2020-06-05 22:32:12',NULL),(413,41,4,'2020-06-05 22:32:12','2020-06-05 22:32:12',NULL),(414,42,4,'2020-06-05 22:32:12','2020-06-05 22:32:12',NULL),(415,43,4,'2020-06-05 22:32:12','2020-06-05 22:32:12',NULL),(416,44,4,'2020-06-05 22:32:12','2020-06-05 22:32:12',NULL),(417,18,4,'2020-06-05 22:32:12','2020-06-05 22:32:12',NULL),(418,19,4,'2020-06-05 22:32:12','2020-06-05 22:32:12',NULL),(419,20,4,'2020-06-05 22:32:12','2020-06-05 22:32:12',NULL),(420,21,4,'2020-06-05 22:32:12','2020-06-05 22:32:12',NULL),(421,22,4,'2020-06-05 22:32:12','2020-06-05 22:32:12',NULL),(422,23,4,'2020-06-05 22:32:12','2020-06-05 22:32:12',NULL),(423,24,4,'2020-06-05 22:32:12','2020-06-05 22:32:12',NULL),(424,25,4,'2020-06-05 22:32:12','2020-06-05 22:32:12',NULL),(425,26,4,'2020-06-05 22:32:12','2020-06-05 22:32:12',NULL),(426,27,4,'2020-06-05 22:32:12','2020-06-05 22:32:12',NULL),(427,28,4,'2020-06-05 22:32:12','2020-06-05 22:32:12',NULL),(428,29,4,'2020-06-05 22:32:12','2020-06-05 22:32:12',NULL),(429,30,4,'2020-06-05 22:32:12','2020-06-05 22:32:12',NULL),(430,31,4,'2020-06-05 22:32:12','2020-06-05 22:32:12',NULL),(431,32,4,'2020-06-05 22:32:12','2020-06-05 22:32:12',NULL),(432,33,4,'2020-06-05 22:32:12','2020-06-05 22:32:12',NULL),(433,34,4,'2020-06-05 22:32:12','2020-06-05 22:32:12',NULL),(434,35,4,'2020-06-05 22:32:12','2020-06-05 22:32:12',NULL),(435,36,4,'2020-06-05 22:32:12','2020-06-05 22:32:12',NULL),(436,45,4,'2020-06-05 22:32:12','2020-06-05 22:32:12',NULL),(437,46,4,'2020-06-05 22:32:12','2020-06-05 22:32:12',NULL),(438,47,4,'2020-06-05 22:32:12','2020-06-05 22:32:12',NULL),(439,48,4,'2020-06-05 22:32:12','2020-06-05 22:32:12',NULL),(440,49,4,'2020-06-05 22:32:12','2020-06-05 22:32:12',NULL),(441,50,4,'2020-06-05 22:32:12','2020-06-05 22:32:12',NULL),(442,51,4,'2020-06-05 22:32:12','2020-06-05 22:32:12',NULL),(443,52,4,'2020-06-05 22:32:12','2020-06-05 22:32:12',NULL),(444,53,4,'2020-06-05 22:32:12','2020-06-05 22:32:12',NULL),(445,54,4,'2020-06-05 22:32:12','2020-06-05 22:32:12',NULL),(446,55,4,'2020-06-05 22:32:12','2020-06-05 22:32:12',NULL),(447,56,4,'2020-06-05 22:32:12','2020-06-05 22:32:12',NULL),(448,57,4,'2020-06-05 22:32:12','2020-06-05 22:32:12',NULL),(449,58,4,'2020-06-05 22:32:12','2020-06-05 22:32:12',NULL),(450,59,4,'2020-06-05 22:32:12','2020-06-05 22:32:12',NULL),(451,60,4,'2020-06-05 22:32:12','2020-06-05 22:32:12',NULL),(452,61,4,'2020-06-05 22:32:12','2020-06-05 22:32:12',NULL),(453,62,4,'2020-06-05 22:32:12','2020-06-05 22:32:12',NULL),(454,63,4,'2020-06-05 22:32:12','2020-06-05 22:32:12',NULL),(455,64,4,'2020-06-05 22:32:12','2020-06-05 22:32:12',NULL),(456,65,4,'2020-06-05 22:32:12','2020-06-05 22:32:12',NULL),(457,66,4,'2020-06-05 22:32:12','2020-06-05 22:32:12',NULL),(458,67,4,'2020-06-05 22:32:12','2020-06-05 22:32:12',NULL),(459,68,4,'2020-06-05 22:32:12','2020-06-05 22:32:12',NULL),(460,69,4,'2020-06-05 22:32:12','2020-06-05 22:32:12',NULL),(461,70,4,'2020-06-05 22:32:12','2020-06-05 22:32:12',NULL),(462,71,4,'2020-06-05 22:32:12','2020-06-05 22:32:12',NULL),(463,72,4,'2020-06-05 22:32:12','2020-06-05 22:32:12',NULL),(464,73,4,'2020-06-05 22:32:12','2020-06-05 22:32:12',NULL),(465,74,4,'2020-06-05 22:32:12','2020-06-05 22:32:12',NULL),(466,75,4,'2020-06-05 22:32:12','2020-06-05 22:32:12',NULL),(467,76,4,'2020-06-05 22:32:12','2020-06-05 22:32:12',NULL),(468,77,4,'2020-06-05 22:32:12','2020-06-05 22:32:12',NULL),(469,78,4,'2020-06-05 22:32:12','2020-06-05 22:32:12',NULL),(470,79,4,'2020-06-05 22:32:12','2020-06-05 22:32:12',NULL),(471,80,4,'2020-06-05 22:32:12','2020-06-05 22:32:12',NULL),(472,81,4,'2020-06-05 22:32:12','2020-06-05 22:32:12',NULL),(473,82,4,'2020-06-05 22:32:12','2020-06-05 22:32:12',NULL),(474,83,4,'2020-06-05 22:32:12','2020-06-05 22:32:12',NULL),(475,84,4,'2020-06-05 22:32:12','2020-06-05 22:32:12',NULL),(476,85,4,'2020-06-05 22:32:12','2020-06-05 22:32:12',NULL),(477,86,4,'2020-06-05 22:32:12','2020-06-05 22:32:12',NULL),(478,87,4,'2020-06-05 22:32:12','2020-06-05 22:32:12',NULL),(479,88,4,'2020-06-05 22:32:12','2020-06-05 22:32:12',NULL),(480,89,4,'2020-06-05 22:32:12','2020-06-05 22:32:12',NULL),(481,90,4,'2020-06-05 22:32:12','2020-06-05 22:32:12',NULL),(482,91,4,'2020-06-05 22:32:12','2020-06-05 22:32:12',NULL),(483,92,4,'2020-06-05 22:32:12','2020-06-05 22:32:12',NULL),(484,93,4,'2020-06-05 22:32:12','2020-06-05 22:32:12',NULL),(485,94,4,'2020-06-05 22:32:12','2020-06-05 22:32:12',NULL),(486,95,4,'2020-06-05 22:32:12','2020-06-05 22:32:12',NULL),(487,96,4,'2020-06-05 22:32:12','2020-06-05 22:32:12',NULL),(488,97,4,'2020-06-05 22:32:12','2020-06-05 22:32:12',NULL),(489,98,4,'2020-06-05 22:32:12','2020-06-05 22:32:12',NULL),(490,99,4,'2020-06-05 22:32:12','2020-06-05 22:32:12',NULL),(491,100,4,'2020-06-05 22:32:12','2020-06-05 22:32:12',NULL),(492,101,4,'2020-06-05 22:32:12','2020-06-05 22:32:12',NULL),(493,102,4,'2020-06-05 22:32:12','2020-06-05 22:32:12',NULL),(494,103,4,'2020-06-05 22:32:12','2020-06-05 22:32:12',NULL),(495,104,4,'2020-06-05 22:32:12','2020-06-05 22:32:12',NULL),(496,105,4,'2020-06-05 22:32:12','2020-06-05 22:32:12',NULL),(497,106,4,'2020-06-05 22:32:12','2020-06-05 22:32:12',NULL),(498,112,4,'2020-06-05 22:32:12','2020-06-05 22:32:12',NULL),(499,113,4,'2020-06-05 22:32:12','2020-06-05 22:32:12',NULL),(500,114,4,'2020-06-05 22:32:12','2020-06-05 22:32:12',NULL),(501,115,4,'2020-06-05 22:32:12','2020-06-05 22:32:12',NULL),(502,116,4,'2020-06-05 22:32:12','2020-06-05 22:32:12',NULL),(503,117,4,'2020-06-05 22:32:12','2020-06-05 22:32:12',NULL),(504,118,4,'2020-06-05 22:32:12','2020-06-05 22:32:12',NULL),(505,119,4,'2020-06-05 22:32:12','2020-06-05 22:32:12',NULL),(506,120,4,'2020-06-05 22:32:12','2020-06-05 22:32:12',NULL),(507,121,4,'2020-06-05 22:32:12','2020-06-05 22:32:12',NULL),(508,122,4,'2020-06-05 22:32:12','2020-06-05 22:32:12',NULL),(509,123,4,'2020-06-05 22:32:12','2020-06-05 22:32:12',NULL),(510,124,4,'2020-06-05 22:32:12','2020-06-05 22:32:12',NULL),(511,125,4,'2020-06-05 22:32:12','2020-06-05 22:32:12',NULL),(512,126,4,'2020-06-05 22:32:12','2020-06-05 22:32:12',NULL),(513,127,4,'2020-06-05 22:32:12','2020-06-05 22:32:12',NULL),(514,128,4,'2020-06-05 22:32:12','2020-06-05 22:32:12',NULL),(515,129,4,'2020-06-05 22:32:12','2020-06-05 22:32:12',NULL),(516,130,4,'2020-06-05 22:32:12','2020-06-05 22:32:12',NULL),(517,131,4,'2020-06-05 22:32:12','2020-06-05 22:32:12',NULL),(518,132,4,'2020-06-05 22:32:12','2020-06-05 22:32:12',NULL),(519,133,4,'2020-06-05 22:32:12','2020-06-05 22:32:12',NULL),(520,134,4,'2020-06-05 22:32:12','2020-06-05 22:32:12',NULL),(521,135,4,'2020-06-05 22:32:12','2020-06-05 22:32:12',NULL),(522,136,4,'2020-06-05 22:32:12','2020-06-05 22:32:12',NULL),(523,137,4,'2020-06-05 22:32:12','2020-06-05 22:32:12',NULL),(524,138,4,'2020-06-05 22:32:12','2020-06-05 22:32:12',NULL),(525,139,4,'2020-06-05 22:32:12','2020-06-05 22:32:12',NULL),(526,140,4,'2020-06-05 22:32:12','2020-06-05 22:32:12',NULL),(527,141,4,'2020-06-05 22:32:12','2020-06-05 22:32:12',NULL),(528,142,4,'2020-06-05 22:32:12','2020-06-05 22:32:12',NULL),(529,143,4,'2020-06-05 22:32:12','2020-06-05 22:32:12',NULL),(530,144,4,'2020-06-05 22:32:12','2020-06-05 22:32:12',NULL),(531,145,4,'2020-06-05 22:32:12','2020-06-05 22:32:12',NULL),(532,146,4,'2020-06-05 22:32:12','2020-06-05 22:32:12',NULL),(533,147,4,'2020-06-05 22:32:12','2020-06-05 22:32:12',NULL),(534,148,4,'2020-06-05 22:32:12','2020-06-05 22:32:12',NULL),(535,149,4,'2020-06-05 22:32:12','2020-06-05 22:32:12',NULL),(536,150,4,'2020-06-05 22:32:12','2020-06-05 22:32:12',NULL),(537,151,4,'2020-06-05 22:32:12','2020-06-05 22:32:12',NULL),(538,152,4,'2020-06-05 22:32:12','2020-06-05 22:32:12',NULL),(539,153,4,'2020-06-05 22:32:12','2020-06-05 22:32:12',NULL),(540,154,4,'2020-06-05 22:32:12','2020-06-05 22:32:12',NULL),(541,155,4,'2020-06-05 22:32:12','2020-06-05 22:32:12',NULL),(542,156,4,'2020-06-05 22:32:12','2020-06-05 22:32:12',NULL),(543,157,4,'2020-06-05 22:32:12','2020-06-05 22:32:12',NULL),(544,158,4,'2020-06-05 22:32:12','2020-06-05 22:32:12',NULL),(545,107,4,'2020-06-05 22:32:12','2020-06-05 22:32:12',NULL),(546,108,4,'2020-06-05 22:32:12','2020-06-05 22:32:12',NULL),(547,109,4,'2020-06-05 22:32:12','2020-06-05 22:32:12',NULL),(548,110,4,'2020-06-05 22:32:12','2020-06-05 22:32:12',NULL),(549,111,4,'2020-06-05 22:32:12','2020-06-05 22:32:12',NULL),(550,161,4,'2020-06-05 22:32:12','2020-06-05 22:32:12',NULL),(551,162,4,'2020-06-05 22:32:12','2020-06-05 22:32:12',NULL),(552,159,4,'2020-06-05 22:32:12','2020-06-05 22:32:12',NULL),(553,160,4,'2020-06-05 22:32:12','2020-06-05 22:32:12',NULL),(554,163,4,'2020-06-05 22:32:12','2020-06-05 22:32:12',NULL),(555,164,4,'2020-06-05 22:32:12','2020-06-05 22:32:12',NULL),(556,165,4,'2020-06-05 22:32:12','2020-06-05 22:32:12',NULL),(557,166,4,'2020-06-05 22:32:12','2020-06-05 22:32:12',NULL),(558,167,4,'2020-06-05 22:32:12','2020-06-05 22:32:12',NULL),(559,168,4,'2020-06-05 22:32:12','2020-06-05 22:32:12',NULL),(560,169,4,'2020-06-05 22:32:12','2020-06-05 22:32:12',NULL),(561,170,4,'2020-06-05 22:32:12','2020-06-05 22:32:12',NULL),(562,171,4,'2020-06-05 22:32:12','2020-06-05 22:32:12',NULL),(563,172,4,'2020-06-05 22:32:12','2020-06-05 22:32:12',NULL),(564,173,4,'2020-06-05 22:32:12','2020-06-05 22:32:12',NULL),(565,174,4,'2020-06-05 22:32:12','2020-06-05 22:32:12',NULL),(566,175,4,'2020-06-05 22:32:12','2020-06-05 22:32:12',NULL),(567,176,4,'2020-06-05 22:32:12','2020-06-05 22:32:12',NULL),(568,177,4,'2020-06-05 22:32:12','2020-06-05 22:32:12',NULL),(569,178,4,'2020-06-05 22:32:12','2020-06-05 22:32:12',NULL),(570,179,4,'2020-06-05 22:32:12','2020-06-05 22:32:12',NULL),(571,180,4,'2020-06-05 22:32:12','2020-06-05 22:32:12',NULL),(572,181,4,'2020-06-05 22:32:12','2020-06-05 22:32:12',NULL),(573,182,4,'2020-06-05 22:32:12','2020-06-05 22:32:12',NULL),(574,183,4,'2020-06-05 22:32:12','2020-06-05 22:32:12',NULL),(575,184,4,'2020-06-05 22:32:12','2020-06-05 22:32:12',NULL),(576,185,4,'2020-06-05 22:32:12','2020-06-05 22:32:12',NULL),(577,186,4,'2020-06-05 22:32:12','2020-06-05 22:32:12',NULL),(578,187,4,'2020-06-05 22:32:12','2020-06-05 22:32:12',NULL),(579,188,4,'2020-06-05 22:32:12','2020-06-05 22:32:12',NULL),(580,189,4,'2020-06-05 22:32:12','2020-06-05 22:32:12',NULL),(581,202,4,'2020-06-05 22:32:12','2020-06-05 22:32:12',NULL),(582,203,4,'2020-06-05 22:32:12','2020-06-05 22:32:12',NULL),(583,204,4,'2020-06-05 22:32:12','2020-06-05 22:32:12',NULL),(584,205,4,'2020-06-05 22:32:12','2020-06-05 22:32:12',NULL),(585,206,4,'2020-06-05 22:32:12','2020-06-05 22:32:12',NULL),(586,207,4,'2020-06-05 22:32:12','2020-06-05 22:32:12',NULL),(587,208,4,'2020-06-05 22:32:12','2020-06-05 22:32:12',NULL),(588,209,4,'2020-06-05 22:32:12','2020-06-05 22:32:12',NULL),(589,210,4,'2020-06-05 22:32:12','2020-06-05 22:32:12',NULL),(590,211,4,'2020-06-05 22:32:12','2020-06-05 22:32:12',NULL),(591,212,4,'2020-06-05 22:32:12','2020-06-05 22:32:12',NULL),(592,213,4,'2020-06-05 22:32:12','2020-06-05 22:32:12',NULL),(593,214,4,'2020-06-05 22:32:12','2020-06-05 22:32:12',NULL),(594,215,4,'2020-06-05 22:32:12','2020-06-05 22:32:12',NULL),(595,216,4,'2020-06-05 22:32:12','2020-06-05 22:32:12',NULL),(596,217,4,'2020-06-05 22:32:12','2020-06-05 22:32:12',NULL),(597,218,4,'2020-06-05 22:32:12','2020-06-05 22:32:12',NULL),(598,219,4,'2020-06-05 22:32:12','2020-06-05 22:32:12',NULL),(599,220,4,'2020-06-05 22:32:12','2020-06-05 22:32:12',NULL),(600,221,4,'2020-06-05 22:32:12','2020-06-05 22:32:12',NULL),(601,222,4,'2020-06-05 22:32:12','2020-06-05 22:32:12',NULL),(602,223,4,'2020-06-05 22:32:12','2020-06-05 22:32:12',NULL),(603,224,4,'2020-06-05 22:32:12','2020-06-05 22:32:12',NULL),(604,229,4,'2020-06-05 22:32:12','2020-06-05 22:32:12',NULL),(605,230,4,'2020-06-05 22:32:12','2020-06-05 22:32:12',NULL),(606,231,4,'2020-06-05 22:32:12','2020-06-05 22:32:12',NULL),(607,232,4,'2020-06-05 22:32:12','2020-06-05 22:32:12',NULL),(608,233,4,'2020-06-05 22:32:12','2020-06-05 22:32:12',NULL),(609,234,4,'2020-06-05 22:32:12','2020-06-05 22:32:12',NULL),(610,235,4,'2020-06-05 22:32:12','2020-06-05 22:32:12',NULL),(611,236,4,'2020-06-05 22:32:12','2020-06-05 22:32:12',NULL),(612,225,4,'2020-06-05 22:32:12','2020-06-05 22:32:12',NULL),(613,226,4,'2020-06-05 22:32:12','2020-06-05 22:32:12',NULL),(614,227,4,'2020-06-05 22:32:12','2020-06-05 22:32:12',NULL),(615,228,4,'2020-06-05 22:32:12','2020-06-05 22:32:12',NULL),(616,237,4,'2020-06-05 22:32:12','2020-06-05 22:32:12',NULL),(617,238,4,'2020-06-05 22:32:12','2020-06-05 22:32:12',NULL),(618,239,4,'2020-06-05 22:32:12','2020-06-05 22:32:12',NULL),(619,240,4,'2020-06-05 22:32:12','2020-06-05 22:32:12',NULL),(620,241,4,'2020-06-05 22:32:12','2020-06-05 22:32:12',NULL),(621,197,4,'2020-06-05 22:32:12','2020-06-05 22:32:12',NULL),(622,198,4,'2020-06-05 22:32:12','2020-06-05 22:32:12',NULL),(623,199,4,'2020-06-05 22:32:12','2020-06-05 22:32:12',NULL),(624,200,4,'2020-06-05 22:32:12','2020-06-05 22:32:12',NULL),(625,201,4,'2020-06-05 22:32:12','2020-06-05 22:32:12',NULL),(626,242,4,'2020-06-05 22:32:12','2020-06-05 22:32:12',NULL),(627,243,4,'2020-06-05 22:32:12','2020-06-05 22:32:12',NULL),(628,244,4,'2020-06-05 22:32:12','2020-06-05 22:32:12',NULL),(629,245,4,'2020-06-05 22:32:12','2020-06-05 22:32:12',NULL),(630,246,4,'2020-06-05 22:32:12','2020-06-05 22:32:12',NULL),(631,247,4,'2020-06-05 22:32:12','2020-06-05 22:32:12',NULL),(632,248,4,'2020-06-05 22:32:12','2020-06-05 22:32:12',NULL),(633,250,4,'2020-06-05 22:32:12','2020-06-05 22:32:12',NULL),(634,249,4,'2020-06-05 22:32:12','2020-06-05 22:32:12',NULL),(635,251,4,'2020-06-05 22:32:12','2020-06-05 22:32:12',NULL),(636,252,4,'2020-06-05 22:32:12','2020-06-05 22:32:12',NULL),(637,253,4,'2020-06-05 22:32:12','2020-06-05 22:32:12',NULL),(638,254,4,'2020-06-05 22:32:12','2020-06-05 22:32:12',NULL),(639,255,4,'2020-06-05 22:32:12','2020-06-05 22:32:12',NULL),(640,256,4,'2020-06-05 22:32:12','2020-06-05 22:32:12',NULL),(641,258,4,'2020-06-05 22:32:12','2020-06-05 22:32:12',NULL),(642,259,4,'2020-06-05 22:32:12','2020-06-05 22:32:12',NULL),(643,257,4,'2020-06-05 22:32:12','2020-06-05 22:32:12',NULL),(644,260,4,'2020-06-05 22:32:12','2020-06-05 22:32:12',NULL),(645,261,4,'2020-06-05 22:32:12','2020-06-05 22:32:12',NULL),(646,262,4,'2020-06-05 22:32:12','2020-06-05 22:32:12',NULL),(647,263,4,'2020-06-05 22:32:12','2020-06-05 22:32:12',NULL),(648,264,4,'2020-06-05 22:32:12','2020-06-05 22:32:12',NULL),(649,265,4,'2020-06-05 22:32:12','2020-06-05 22:32:12',NULL),(650,266,4,'2020-06-05 22:32:12','2020-06-05 22:32:12',NULL),(651,267,4,'2020-06-05 22:32:12','2020-06-05 22:32:12',NULL),(652,268,4,'2020-06-05 22:32:12','2020-06-05 22:32:12',NULL),(653,269,4,'2020-06-05 22:32:12','2020-06-05 22:32:12',NULL),(654,270,4,'2020-06-05 22:32:12','2020-06-05 22:32:12',NULL),(655,271,4,'2020-06-05 22:32:12','2020-06-05 22:32:12',NULL),(656,272,4,'2020-06-05 22:32:12','2020-06-05 22:32:12',NULL),(657,273,4,'2020-06-05 22:32:12','2020-06-05 22:32:12',NULL),(658,274,4,'2020-06-05 22:32:12','2020-06-05 22:32:12',NULL),(659,275,4,'2020-06-05 22:32:12','2020-06-05 22:32:12',NULL),(660,276,4,'2020-06-05 22:32:12','2020-06-05 22:32:12',NULL),(661,283,4,'2020-06-05 22:32:12','2020-06-05 22:32:12',NULL),(662,284,4,'2020-06-05 22:32:12','2020-06-05 22:32:12',NULL),(663,285,4,'2020-06-05 22:32:12','2020-06-05 22:32:12',NULL),(664,286,4,'2020-06-05 22:32:12','2020-06-05 22:32:12',NULL),(665,287,4,'2020-06-05 22:32:12','2020-06-05 22:32:12',NULL),(666,288,4,'2020-06-05 22:32:12','2020-06-05 22:32:12',NULL),(667,289,4,'2020-06-05 22:32:12','2020-06-05 22:32:12',NULL),(668,290,4,'2020-06-05 22:32:12','2020-06-05 22:32:12',NULL),(669,299,4,'2020-06-05 22:32:12','2020-06-05 22:32:12',NULL),(670,300,4,'2020-06-05 22:32:12','2020-06-05 22:32:12',NULL),(671,301,4,'2020-06-05 22:32:12','2020-06-05 22:32:12',NULL),(672,302,4,'2020-06-05 22:32:12','2020-06-05 22:32:12',NULL),(673,303,4,'2020-06-05 22:32:12','2020-06-05 22:32:12',NULL),(674,304,4,'2020-06-05 22:32:12','2020-06-05 22:32:12',NULL),(675,291,4,'2020-06-05 22:32:12','2020-06-05 22:32:12',NULL),(676,292,4,'2020-06-05 22:32:12','2020-06-05 22:32:12',NULL),(677,293,4,'2020-06-05 22:32:12','2020-06-05 22:32:12',NULL),(678,294,4,'2020-06-05 22:32:12','2020-06-05 22:32:12',NULL),(679,295,4,'2020-06-05 22:32:12','2020-06-05 22:32:12',NULL),(680,296,4,'2020-06-05 22:32:12','2020-06-05 22:32:12',NULL),(681,297,4,'2020-06-05 22:32:12','2020-06-05 22:32:12',NULL),(682,298,4,'2020-06-05 22:32:12','2020-06-05 22:32:12',NULL),(683,277,4,'2020-06-05 22:32:12','2020-06-05 22:32:12',NULL),(684,278,4,'2020-06-05 22:32:12','2020-06-05 22:32:12',NULL),(685,279,4,'2020-06-05 22:32:12','2020-06-05 22:32:12',NULL),(686,280,4,'2020-06-05 22:32:12','2020-06-05 22:32:12',NULL),(687,281,4,'2020-06-05 22:32:12','2020-06-05 22:32:12',NULL),(688,282,4,'2020-06-05 22:32:12','2020-06-05 22:32:12',NULL),(689,310,4,'2020-06-05 22:32:12','2020-06-05 22:32:12',NULL),(690,311,4,'2020-06-05 22:32:12','2020-06-05 22:32:12',NULL),(691,312,4,'2020-06-05 22:32:12','2020-06-05 22:32:12',NULL),(692,313,4,'2020-06-05 22:32:12','2020-06-05 22:32:12',NULL),(693,314,4,'2020-06-05 22:32:12','2020-06-05 22:32:12',NULL),(694,315,4,'2020-06-05 22:32:12','2020-06-05 22:32:12',NULL),(695,316,4,'2020-06-05 22:32:12','2020-06-05 22:32:12',NULL),(696,317,4,'2020-06-05 22:32:12','2020-06-05 22:32:12',NULL),(697,318,4,'2020-06-05 22:32:12','2020-06-05 22:32:12',NULL),(698,305,4,'2020-06-05 22:32:12','2020-06-05 22:32:12',NULL),(699,306,4,'2020-06-05 22:32:12','2020-06-05 22:32:12',NULL),(700,319,4,'2020-06-05 22:32:12','2020-06-05 22:32:12',NULL),(701,320,4,'2020-06-05 22:32:12','2020-06-05 22:32:12',NULL),(702,321,4,'2020-06-05 22:32:12','2020-06-05 22:32:12',NULL),(703,322,4,'2020-06-05 22:32:12','2020-06-05 22:32:12',NULL),(704,323,4,'2020-06-05 22:32:12','2020-06-05 22:32:12',NULL),(705,324,4,'2020-06-05 22:32:12','2020-06-05 22:32:12',NULL),(706,190,4,'2020-06-05 22:32:12','2020-06-05 22:32:12',NULL),(707,191,4,'2020-06-05 22:32:12','2020-06-05 22:32:12',NULL),(708,192,4,'2020-06-05 22:32:12','2020-06-05 22:32:12',NULL),(709,193,4,'2020-06-05 22:32:12','2020-06-05 22:32:12',NULL),(710,194,4,'2020-06-05 22:32:12','2020-06-05 22:32:12',NULL),(711,195,4,'2020-06-05 22:32:12','2020-06-05 22:32:12',NULL),(712,196,4,'2020-06-05 22:32:12','2020-06-05 22:32:12',NULL),(713,307,4,'2020-06-05 22:32:12','2020-06-05 22:32:12',NULL),(714,308,4,'2020-06-05 22:32:12','2020-06-05 22:32:12',NULL),(715,309,4,'2020-06-05 22:32:12','2020-06-05 22:32:12',NULL);
/*!40000 ALTER TABLE `sbr_groups_sub_qn_qnr` ENABLE KEYS */;
UNLOCK TABLES;

--
-- Table structure for table `sbr_qnr`
--

DROP TABLE IF EXISTS `sbr_qnr`;
/*!40101 SET @saved_cs_client     = @@character_set_client */;
/*!50503 SET character_set_client = utf8mb4 */;
CREATE TABLE `sbr_qnr` (
  `id` int(10) unsigned NOT NULL AUTO_INCREMENT,
  `id_sbr_users` int(10) unsigned NOT NULL,
  `name` varchar(255) NOT NULL,
  `status` int(11) DEFAULT '1',
  `created_at` timestamp NOT NULL DEFAULT CURRENT_TIMESTAMP,
  `updated_at` timestamp NOT NULL DEFAULT CURRENT_TIMESTAMP,
  `deleted_at` timestamp NULL DEFAULT NULL,
  PRIMARY KEY (`id`),
  UNIQUE KEY `sbr_qnr_name_unique` (`name`)
) ENGINE=InnoDB AUTO_INCREMENT=5 DEFAULT CHARSET=utf8mb4 COLLATE=utf8mb4_0900_ai_ci;
/*!40101 SET character_set_client = @saved_cs_client */;

--
-- Dumping data for table `sbr_qnr`
--

LOCK TABLES `sbr_qnr` WRITE;
/*!40000 ALTER TABLE `sbr_qnr` DISABLE KEYS */;
INSERT INTO `sbr_qnr` VALUES (4,1,'Universo 2',3,'2020-06-05 22:32:12','2020-06-05 22:32:12',NULL);
/*!40000 ALTER TABLE `sbr_qnr` ENABLE KEYS */;
UNLOCK TABLES;

--
-- Table structure for table `sbr_users`
--

DROP TABLE IF EXISTS `sbr_users`;
/*!40101 SET @saved_cs_client     = @@character_set_client */;
/*!50503 SET character_set_client = utf8mb4 */;
CREATE TABLE `sbr_users` (
  `id` int(10) unsigned NOT NULL AUTO_INCREMENT,
  `name` varchar(255) NOT NULL,
  `username` varchar(100) NOT NULL,
  `email` varchar(100) NOT NULL,
  `password` varchar(255) NOT NULL,
  `role` int(11) NOT NULL,
  `created_at` timestamp NOT NULL DEFAULT CURRENT_TIMESTAMP,
  `updated_at` timestamp NOT NULL DEFAULT CURRENT_TIMESTAMP,
  `deleted_at` timestamp NULL DEFAULT NULL,
  PRIMARY KEY (`id`),
  UNIQUE KEY `sbr_users_username_unique` (`username`),
  UNIQUE KEY `sbr_users_email_unique` (`email`)
) ENGINE=InnoDB AUTO_INCREMENT=4 DEFAULT CHARSET=utf8mb4 COLLATE=utf8mb4_0900_ai_ci;
/*!40101 SET character_set_client = @saved_cs_client */;

--
-- Dumping data for table `sbr_users`
--

LOCK TABLES `sbr_users` WRITE;
/*!40000 ALTER TABLE `sbr_users` DISABLE KEYS */;
INSERT INTO `sbr_users` VALUES (1,'Giovanni','giovannifc','giovanni@smartbr.com','09112013',5,'2020-06-01 10:47:36','2020-06-01 10:47:36',NULL),(2,'Ernanny','ernanny','ernanny@smartbr.com','123456789',0,'2020-06-01 12:44:40','2020-06-01 12:44:40',NULL),(3,'Diogo','diogo','diogo@evocont.com.br','123456',0,'2020-06-01 14:33:04','2020-06-01 14:33:04',NULL);
/*!40000 ALTER TABLE `sbr_users` ENABLE KEYS */;
UNLOCK TABLES;
/*!40103 SET TIME_ZONE=@OLD_TIME_ZONE */;

/*!40101 SET SQL_MODE=@OLD_SQL_MODE */;
/*!40014 SET FOREIGN_KEY_CHECKS=@OLD_FOREIGN_KEY_CHECKS */;
/*!40014 SET UNIQUE_CHECKS=@OLD_UNIQUE_CHECKS */;
/*!40101 SET CHARACTER_SET_CLIENT=@OLD_CHARACTER_SET_CLIENT */;
/*!40101 SET CHARACTER_SET_RESULTS=@OLD_CHARACTER_SET_RESULTS */;
/*!40101 SET COLLATION_CONNECTION=@OLD_COLLATION_CONNECTION */;
/*!40111 SET SQL_NOTES=@OLD_SQL_NOTES */;

-- Dump completed on 2020-06-07 22:29:47
